{
"type": "FeatureCollection",
"name": "boundary2",
"crs": { "type": "name", "properties": { "name": "urn:ogc:def:crs:OGC:1.3:CRS84" } },
"features": [
{ "type": "Feature", "properties": { "id": "relation/18016446", "@id": "relation/18016446", "name": "Los Angeles River", "name:en": "Los Angeles River", "name:es": "Río de Los Ángeles", "type": "waterway", "waterway": "river", "wikidata": "Q542965", "intermittent": null, "source": null, "source_ref": null, "width": null, "@relations": null, "layer": null, "tunnel": null, "wikipedia": null, "covered": null, "level": null, "surface": null }, "geometry": { "type": "MultiPolygon", "coordinates": [ [ [ [ -118.601732648127737, 34.195775041162676 ], [ -118.601708175289062, 34.195775641617317 ], [ -118.601438573567961, 34.195778041681351 ], [ -118.601437197368085, 34.195778052722304 ], [ -118.599208783139503, 34.195793953226399 ], [ -118.599204252699437, 34.195793972412446 ], [ -118.586589146842954, 34.195810274202131 ], [ -118.58610005260357, 34.19581147280482 ], [ -118.582679164892539, 34.195820973104198 ], [ -118.58263803695904, 34.195820006428477 ], [ -118.582248634474283, 34.195800606375791 ], [ -118.582203639095127, 34.195797058649774 ], [ -118.581762236321083, 34.195749358428657 ], [ -118.581716716745802, 34.195743068974544 ], [ -118.581284414113227, 34.195670168596884 ], [ -118.581250208910774, 34.195663597828769 ], [ -118.58079620624342, 34.195565597304153 ], [ -118.58074655435378, 34.195553104877931 ], [ -118.580403752484955, 34.19545430434043 ], [ -118.580371730511274, 34.195444284234377 ], [ -118.579785227519679, 34.195245983157513 ], [ -118.579722403071003, 34.195221420170292 ], [ -118.579169300744439, 34.194974418860625 ], [ -118.579126602289236, 34.194953573870897 ], [ -118.57878600112771, 34.194772472939526 ], [ -118.578748180801242, 34.194750762492113 ], [ -118.578389079888126, 34.194528661391871 ], [ -118.578362148504667, 34.19451107092712 ], [ -118.577753879976129, 34.19409179607829 ], [ -118.577384735092949, 34.193849768393221 ], [ -118.577002147428644, 34.193638260472788 ], [ -118.576535353663402, 34.193427376924866 ], [ -118.575913350988785, 34.193195700785559 ], [ -118.574637852126855, 34.192749614121432 ], [ -118.570931170801146, 34.191452794826986 ], [ -118.570194549321599, 34.19120127734579 ], [ -118.56995079294397, 34.19113395161321 ], [ -118.569709390205233, 34.191074221303822 ], [ -118.569420592529099, 34.19102016246471 ], [ -118.569130258648684, 34.190972209215502 ], [ -118.568811797202144, 34.190939736609707 ], [ -118.568418618067199, 34.190918503542079 ], [ -118.568172288969066, 34.190916457027804 ], [ -118.567203624255981, 34.190909883915836 ], [ -118.566633917817299, 34.190910877222443 ], [ -118.562106942694328, 34.190925076367009 ], [ -118.562104507965216, 34.190925080175347 ], [ -118.559632492173307, 34.190925080612416 ], [ -118.559624562501142, 34.190925040400778 ], [ -118.559259460167382, 34.190921340441932 ], [ -118.559226771444017, 34.190920326142141 ], [ -118.558888069283995, 34.19090272609089 ], [ -118.558859101574797, 34.190900680317704 ], [ -118.558514399395037, 34.190869880184479 ], [ -118.558482083285369, 34.190866310389453 ], [ -118.558122981052662, 34.190819010156041 ], [ -118.558074338264831, 34.190811014135178 ], [ -118.557683535934842, 34.190733813725068 ], [ -118.557652130470274, 34.190726917515036 ], [ -118.557296228430104, 34.19064081704915 ], [ -118.557250272818465, 34.190628140768887 ], [ -118.556914471039889, 34.190523840200804 ], [ -118.556890483640046, 34.190515935934926 ], [ -118.556578782076116, 34.190407235344914 ], [ -118.556538417383948, 34.190391791980012 ], [ -118.556223715981162, 34.190260391277 ], [ -118.55619856944756, 34.190249312901784 ], [ -118.555943668416617, 34.190131012277767 ], [ -118.555922120466676, 34.190120556587537 ], [ -118.555695219639418, 34.190005555990133 ], [ -118.555663116157902, 34.189988187808389 ], [ -118.555474915600058, 34.189879687260635 ], [ -118.555464711607058, 34.189873683049264 ], [ -118.555257211042118, 34.189749082426864 ], [ -118.55523672035757, 34.189736259971056 ], [ -118.554439877965422, 34.189216858936994 ], [ -118.554095575361671, 34.189004902075055 ], [ -118.553768986610905, 34.188838028358553 ], [ -118.553474281420009, 34.188704514880989 ], [ -118.553019818667437, 34.188535798694971 ], [ -118.552795249587049, 34.188463088437672 ], [ -118.552471687156782, 34.188380476760273 ], [ -118.552103475513334, 34.188302881876105 ], [ -118.55179853795002, 34.188255790746382 ], [ -118.551495594507514, 34.188223178331995 ], [ -118.551150108167761, 34.188206645801586 ], [ -118.548581263989647, 34.188201607511438 ], [ -118.548151462526519, 34.188215367897726 ], [ -118.547726487714883, 34.18825331696565 ], [ -118.547260609706697, 34.188327368656772 ], [ -118.546815902798016, 34.188430139069027 ], [ -118.546448008725619, 34.188539616651241 ], [ -118.546121036635554, 34.188660424692358 ], [ -118.544671359476069, 34.189248100399055 ], [ -118.542590291851027, 34.190091988764216 ], [ -118.542580025955189, 34.190096059647232 ], [ -118.542062823704626, 34.190296560856559 ], [ -118.542012657527977, 34.190313928361071 ], [ -118.541612855514828, 34.190436329141619 ], [ -118.541581264277127, 34.190445243754951 ], [ -118.541132361860306, 34.190561344521264 ], [ -118.541104627465756, 34.190567960950375 ], [ -118.540835825948989, 34.190626761351027 ], [ -118.54080276006448, 34.190633232871775 ], [ -118.54058305876876, 34.190671233142162 ], [ -118.540569859466544, 34.19067339812365 ], [ -118.540442858706612, 34.190693098266742 ], [ -118.540424689524542, 34.190695695954339 ], [ -118.540231388347607, 34.190720996144336 ], [ -118.540203299041821, 34.190724153482407 ], [ -118.539946997447814, 34.190748253677221 ], [ -118.539919149613795, 34.190750369925667 ], [ -118.539631347797084, 34.190767070080497 ], [ -118.539607241187852, 34.190768096105714 ], [ -118.539253338935538, 34.190777696227812 ], [ -118.53923185542827, 34.190777984167326 ], [ -118.538597014559087, 34.190777784392033 ], [ -118.53744037035257, 34.190778484376501 ], [ -118.537409153294988, 34.190777880830105 ], [ -118.537024850840638, 34.190762780801734 ], [ -118.536995822519543, 34.190761099159126 ], [ -118.536656520366463, 34.190735099054258 ], [ -118.536645967717291, 34.190734218315669 ], [ -118.536163164665481, 34.190690618125018 ], [ -118.536085264658382, 34.190679573870973 ], [ -118.53572246249044, 34.190609073496383 ], [ -118.535701004152173, 34.190604582687989 ], [ -118.535535203186086, 34.190567382487437 ], [ -118.535459925136962, 34.190546321692302 ], [ -118.535316989188829, 34.190498079622436 ], [ -118.534957751801286, 34.190386824326055 ], [ -118.534945416495077, 34.190382885132514 ], [ -118.534750315487955, 34.190318684782888 ], [ -118.53470850667307, 34.190303497864768 ], [ -118.534402605260937, 34.19018159720892 ], [ -118.534371569560662, 34.190168368361519 ], [ -118.533965867886636, 34.189983867384726 ], [ -118.533932534139637, 34.189967621610123 ], [ -118.533582132911206, 34.18978502066637 ], [ -118.533332289013771, 34.189654641112433 ], [ -118.53333001962325, 34.189653451412987 ], [ -118.533247419338096, 34.189609951188665 ], [ -118.533232505216873, 34.189601857117481 ], [ -118.528942867394406, 34.187203469999197 ], [ -118.52847074690834, 34.186942587040853 ], [ -118.528461897491241, 34.186937609496731 ], [ -118.527803237683841, 34.186560541317363 ], [ -118.527495405321673, 34.186396885688659 ], [ -118.527147871985093, 34.186231025650379 ], [ -118.526888106292418, 34.186123744542662 ], [ -118.526575583322639, 34.186011164171738 ], [ -118.526280086790351, 34.185922691621478 ], [ -118.525932665969862, 34.185839647847047 ], [ -118.525549811390889, 34.18576915518797 ], [ -118.525154444195451, 34.185721183323153 ], [ -118.524795798828919, 34.185700594305708 ], [ -118.52431565993588, 34.185692190987055 ], [ -118.519008534866273, 34.185694988021879 ], [ -118.518677171749587, 34.18569518805657 ], [ -118.517849815808972, 34.1856953883117 ], [ -118.516877138556112, 34.185695688471753 ], [ -118.51684999420003, 34.185695226234046 ], [ -118.516178089908152, 34.185672126203741 ], [ -118.516144848865181, 34.185670274211255 ], [ -118.515678045904224, 34.185634274064505 ], [ -118.515640684733285, 34.185630484540738 ], [ -118.515091881313296, 34.185561384201229 ], [ -118.515059034129834, 34.185556529729205 ], [ -118.514502130744532, 34.185461929234876 ], [ -118.514458054267493, 34.185453102720409 ], [ -118.513979151495661, 34.185342402121343 ], [ -118.513955717149301, 34.185336588845971 ], [ -118.513599715159032, 34.185242188331486 ], [ -118.513568152094251, 34.185233070609584 ], [ -118.5129384487729, 34.185035969533942 ], [ -118.51291961394891, 34.185029794423805 ], [ -118.512459111620515, 34.184871893564527 ], [ -118.51243038946383, 34.184861364514127 ], [ -118.509926277752612, 34.183882759235985 ], [ -118.50989331965836, 34.183868916825801 ], [ -118.508190072459143, 34.183102375885106 ], [ -118.507017099645978, 34.182660923022922 ], [ -118.506158476367759, 34.182431911882745 ], [ -118.50607669775583, 34.182404908239668 ], [ -118.504882092233544, 34.181930405684028 ], [ -118.504821558564373, 34.181902998992904 ], [ -118.504383221772002, 34.181678746742527 ], [ -118.503608788279564, 34.181339991131921 ], [ -118.502271317274591, 34.180855533802671 ], [ -118.50223175474558, 34.180839865748815 ], [ -118.501601549942507, 34.180568281715992 ], [ -118.500553146672985, 34.180145525263256 ], [ -118.499948702703975, 34.179901526723143 ], [ -118.499053372928799, 34.179573745791878 ], [ -118.498090960525232, 34.179259786731627 ], [ -118.498011493273296, 34.179228563551987 ], [ -118.497473738754607, 34.178979046749348 ], [ -118.496885904828986, 34.178721088305714 ], [ -118.495806159107829, 34.178398392338686 ], [ -118.495602827799857, 34.178344650043705 ], [ -118.495419784417535, 34.178268148487469 ], [ -118.495361061271439, 34.17823301180298 ], [ -118.494534737634297, 34.177874750352636 ], [ -118.494448456293156, 34.177829882692194 ], [ -118.493217548252247, 34.177072384722528 ], [ -118.492874118857557, 34.176933762350522 ], [ -118.492604170513815, 34.176870946558509 ], [ -118.492528059950487, 34.176859435605522 ], [ -118.49239432732351, 34.176859986785821 ], [ -118.49228189673029, 34.176860388460796 ], [ -118.492242845531393, 34.176859553664421 ], [ -118.492053044320912, 34.17685075364102 ], [ -118.492026879576187, 34.176849100233071 ], [ -118.491804578167816, 34.176831300158518 ], [ -118.491689908631315, 34.176813386668272 ], [ -118.491556707863595, 34.17678208649847 ], [ -118.491439037342914, 34.176743844553279 ], [ -118.491312536785273, 34.176690444267479 ], [ -118.491174372554212, 34.176612086342921 ], [ -118.491105072467178, 34.17656078610343 ], [ -118.490999336368432, 34.176460509865741 ], [ -118.490977769087507, 34.176434086203997 ], [ -118.490906649232357, 34.176386123490957 ], [ -118.490528926499053, 34.176167003099877 ], [ -118.490408561202102, 34.176103232829512 ], [ -118.489679250817275, 34.175811127340801 ], [ -118.489547252209363, 34.175775486016789 ], [ -118.489511259568644, 34.175771586378069 ], [ -118.48931710318017, 34.175771091502135 ], [ -118.489258690105714, 34.175768759104102 ], [ -118.489062488861904, 34.175753559041446 ], [ -118.489002058811721, 34.175746489401945 ], [ -118.488874058027733, 34.175726389297999 ], [ -118.488745822260157, 34.175694618196722 ], [ -118.488130209352548, 34.175482693782683 ], [ -118.488008647448567, 34.175449482102998 ], [ -118.48747936530161, 34.175343948002471 ], [ -118.487300292083205, 34.17532573151076 ], [ -118.487106707356219, 34.175331273805774 ], [ -118.487031615162181, 34.175329819412561 ], [ -118.486862714088943, 34.175318419369177 ], [ -118.48679187632392, 34.17531036363691 ], [ -118.486631275342475, 34.17528456350292 ], [ -118.486572531093486, 34.175272750998069 ], [ -118.48637742997731, 34.175225450740918 ], [ -118.486261112230437, 34.175186815367795 ], [ -118.486063711372339, 34.175102114915383 ], [ -118.485933069147535, 34.175028097397501 ], [ -118.485796868960435, 34.174928796931276 ], [ -118.485655849975871, 34.174782937876721 ], [ -118.485558250632749, 34.174635537410815 ], [ -118.485519603096392, 34.174565894097725 ], [ -118.485470103748455, 34.174456993837602 ], [ -118.485454512514551, 34.174418347515804 ], [ -118.485413750086408, 34.17430307089036 ], [ -118.484944082020462, 34.174163010491675 ], [ -118.484855321266195, 34.174130135441594 ], [ -118.48334771495955, 34.173455431858322 ], [ -118.483345229339321, 34.173454313643923 ], [ -118.482900032016403, 34.173252989929196 ], [ -118.482649688459816, 34.173170008353573 ], [ -118.482609522951989, 34.173155372531767 ], [ -118.481252528065681, 34.172614882636466 ], [ -118.479171354294209, 34.171834740091498 ], [ -118.47790225878839, 34.171385904881689 ], [ -118.477845875848928, 34.171363241944562 ], [ -118.477273973482824, 34.171104440572222 ], [ -118.477220212042653, 34.171077231500135 ], [ -118.476780910686614, 34.170829930243528 ], [ -118.476705751056414, 34.170780540091187 ], [ -118.476228950573812, 34.17041673841257 ], [ -118.476186651795544, 34.170381341192282 ], [ -118.4757337520862, 34.169965639423793 ], [ -118.475719135807296, 34.169951754861913 ], [ -118.475103036632007, 34.169345952372403 ], [ -118.475069418732389, 34.169309919316632 ], [ -118.4744082161357, 34.168535924962477 ], [ -118.473042811163168, 34.167000469848865 ], [ -118.473039937863248, 34.166997213266342 ], [ -118.471601835487974, 34.165354411891578 ], [ -118.471058039371471, 34.164757082218372 ], [ -118.470686303072185, 34.164386269785055 ], [ -118.470094447853853, 34.16389936469826 ], [ -118.469879054355104, 34.163747220505179 ], [ -118.469402860747948, 34.163452801018423 ], [ -118.468945335554963, 34.163197184429499 ], [ -118.468797971152483, 34.163130601080617 ], [ -118.468262405830572, 34.162901320090505 ], [ -118.468150412446874, 34.16285936048692 ], [ -118.4664842075547, 34.162344949459701 ], [ -118.466477376601489, 34.162342804137985 ], [ -118.466167072290688, 34.162243692585747 ], [ -118.465204658976376, 34.161967023960266 ], [ -118.465070355537932, 34.16194171320867 ], [ -118.464927056585509, 34.161922361744061 ], [ -118.464714383168342, 34.161900557736914 ], [ -118.464008724061671, 34.161880379612001 ], [ -118.46397124312125, 34.161878406426766 ], [ -118.46375374174302, 34.161861706357712 ], [ -118.463687521432632, 34.161853750574629 ], [ -118.463475520140818, 34.16181895039287 ], [ -118.463401037035851, 34.161802868740153 ], [ -118.463194935890655, 34.161747368436863 ], [ -118.463134454802031, 34.161728271636512 ], [ -118.462959453947221, 34.16166457129065 ], [ -118.462955517323167, 34.161663125441109 ], [ -118.462808716613779, 34.16160872514611 ], [ -118.46275779084128, 34.161587587884554 ], [ -118.462203800679575, 34.161331899854403 ], [ -118.462027770916976, 34.161259901643163 ], [ -118.461929406884835, 34.161232169296113 ], [ -118.461847894435806, 34.161218422950341 ], [ -118.46172155893953, 34.161204393305773 ], [ -118.461586058704285, 34.161202179275037 ], [ -118.46016835936463, 34.161330902051283 ], [ -118.460125838868365, 34.161333594238961 ], [ -118.459934037651209, 34.161340494314025 ], [ -118.45986761953246, 34.161340063502948 ], [ -118.459685918374788, 34.161331163476909 ], [ -118.459585726790152, 34.161319712257843 ], [ -118.459346525349204, 34.161276412028336 ], [ -118.459250042565643, 34.161252312717885 ], [ -118.459058941571456, 34.161190812381882 ], [ -118.458993682007915, 34.161166298187574 ], [ -118.458860181431902, 34.161108597879569 ], [ -118.458783088049103, 34.161069398404436 ], [ -118.458622987601217, 34.160974697929326 ], [ -118.458567191920082, 34.160937701528397 ], [ -118.458442391765189, 34.160845201096926 ], [ -118.45838180766242, 34.160793896908558 ], [ -118.458207707867217, 34.160625396210726 ], [ -118.458164130695479, 34.160578199274063 ], [ -118.45773196787853, 34.160052641228155 ], [ -118.457576735001552, 34.159901918703717 ], [ -118.457436743394524, 34.159783458098943 ], [ -118.457238427489273, 34.159658849058651 ], [ -118.456999053235052, 34.159552653775187 ], [ -118.455464600625348, 34.158971199187249 ], [ -118.455267010381021, 34.158913561851286 ], [ -118.455020906458628, 34.15885331376802 ], [ -118.454755277003272, 34.158811969722386 ], [ -118.45454534945398, 34.158791876347777 ], [ -118.453131988035324, 34.158753027880806 ], [ -118.451557476666224, 34.158712948213179 ], [ -118.451551203868249, 34.158712763322043 ], [ -118.451109301048575, 34.158697963301485 ], [ -118.451061832057079, 34.158694924519203 ], [ -118.450760696390674, 34.158666403133303 ], [ -118.45047087712058, 34.158644349585657 ], [ -118.450411459580039, 34.158637520597225 ], [ -118.448427347418914, 34.158331419012242 ], [ -118.448369391611067, 34.158320176536797 ], [ -118.448049189767019, 34.158245076128402 ], [ -118.448008998802152, 34.158234469632895 ], [ -118.447742897366467, 34.15815626920481 ], [ -118.447693560986849, 34.158139857465649 ], [ -118.447562360355306, 34.158090957200471 ], [ -118.447132791345837, 34.157930656777737 ], [ -118.447058298600737, 34.157897885446069 ], [ -118.446782797613281, 34.157756984714581 ], [ -118.446752194179297, 34.157740329661173 ], [ -118.446515093484848, 34.157603228969194 ], [ -118.446494606769036, 34.15759088462984 ], [ -118.446440906638671, 34.157557184463549 ], [ -118.44643004010625, 34.157550214277549 ], [ -118.445063917317981, 34.156654652504365 ], [ -118.444928334020815, 34.156572698733484 ], [ -118.444709411856081, 34.156469141010817 ], [ -118.444519423572061, 34.156391122385031 ], [ -118.444326684704635, 34.156338191531923 ], [ -118.444123950969697, 34.156304188020563 ], [ -118.443917432147131, 34.156284258048942 ], [ -118.443703975384594, 34.15628002893753 ], [ -118.442759746475829, 34.156344109904879 ], [ -118.442728519279612, 34.156345602060057 ], [ -118.442422317333381, 34.156354102163533 ], [ -118.442337449234458, 34.156351850215671 ], [ -118.442121547868354, 34.156334350140845 ], [ -118.442076473844637, 34.156329369711678 ], [ -118.441855372478798, 34.156298369553902 ], [ -118.44177829297287, 34.156283506830704 ], [ -118.441483491296054, 34.156210706433576 ], [ -118.441431115809692, 34.156195728254659 ], [ -118.440672611889511, 34.155948326902632 ], [ -118.440112765063716, 34.155765424682443 ], [ -118.439993692383965, 34.155736911615037 ], [ -118.439480471969418, 34.155666394868199 ], [ -118.438840086414075, 34.155625332306755 ], [ -118.438382183487732, 34.155598368195292 ], [ -118.437704401009185, 34.155573719988624 ], [ -118.437496614353151, 34.155579789666426 ], [ -118.435517737561412, 34.155791193052266 ], [ -118.435426813687172, 34.155795563945134 ], [ -118.43479970968437, 34.155789164006855 ], [ -118.434717558825838, 34.155783989648299 ], [ -118.433496351194933, 34.155641988955942 ], [ -118.43339357299817, 34.155622883950407 ], [ -118.432705369129422, 34.155445282979329 ], [ -118.432629671289703, 34.155421361653602 ], [ -118.432043368488067, 34.155200460456165 ], [ -118.432017465885465, 34.15519012207303 ], [ -118.431165962139005, 34.154830820148007 ], [ -118.431125413816844, 34.154812171910748 ], [ -118.430653612072817, 34.154576570681542 ], [ -118.430599339288477, 34.154546284873007 ], [ -118.430290538518094, 34.154354583924025 ], [ -118.430238799286514, 34.154318858262542 ], [ -118.427612750088286, 34.152306031475952 ], [ -118.427354448831281, 34.152156673811994 ], [ -118.427092812774404, 34.152028511132137 ], [ -118.426782356430877, 34.151897684742337 ], [ -118.424201441896614, 34.150987770998363 ], [ -118.424179346266328, 34.150979574553929 ], [ -118.423346542375697, 34.150655072799907 ], [ -118.42330890309249, 34.150639148156138 ], [ -118.423068102109582, 34.150528947572347 ], [ -118.422992347879003, 34.150488356237396 ], [ -118.422801147403334, 34.150369555649483 ], [ -118.42272403082039, 34.150313237582658 ], [ -118.421772230804805, 34.149498934005273 ], [ -118.421766327063537, 34.149493816359822 ], [ -118.420942699853754, 34.148770416976596 ], [ -118.420849848692868, 34.148708680373147 ], [ -118.420763032229985, 34.148668139141527 ], [ -118.420641603454015, 34.148628661022862 ], [ -118.420506785792853, 34.14859919050442 ], [ -118.420450498966218, 34.148591694800707 ], [ -118.420308648227277, 34.148585616426509 ], [ -118.419599776659098, 34.148636780814734 ], [ -118.419575984320161, 34.148638133320446 ], [ -118.419388283131156, 34.148645933399557 ], [ -118.41930007846095, 34.14864462072007 ], [ -118.41905797692587, 34.148627320650142 ], [ -118.418936646228104, 34.14860889645103 ], [ -118.418735445070823, 34.148561596193296 ], [ -118.418659168311777, 34.148539325271372 ], [ -118.418502367531559, 34.148484224971092 ], [ -118.418456652836781, 34.14846639212476 ], [ -118.418343452347116, 34.148417691864445 ], [ -118.418293316266599, 34.148393716430199 ], [ -118.418122715684362, 34.148303515965068 ], [ -118.418022844147387, 34.148238535300571 ], [ -118.417443291974394, 34.147779065400933 ], [ -118.417196573288692, 34.147614786669244 ], [ -118.417119575456226, 34.14758434766739 ], [ -118.417010999534412, 34.147552227851847 ], [ -118.41689962165988, 34.147525393635192 ], [ -118.416773057251362, 34.147511201794607 ], [ -118.41664995946411, 34.147507796710322 ], [ -118.416188919312106, 34.147537142351403 ], [ -118.415898565331389, 34.147557832466134 ], [ -118.415817445766578, 34.147559391211765 ], [ -118.415517543853809, 34.147549591198171 ], [ -118.415395017795831, 34.147535813290496 ], [ -118.415173716477128, 34.147492813059749 ], [ -118.415076806912452, 34.147467198623268 ], [ -118.414453962951157, 34.147256739969073 ], [ -118.41436408333216, 34.14723583174144 ], [ -118.414294483893244, 34.147228991727317 ], [ -118.414128310961132, 34.14722848379408 ], [ -118.414035941546359, 34.147234276457134 ], [ -118.414031270782047, 34.147234555318825 ], [ -118.413235765764853, 34.147279655728582 ], [ -118.413218977870514, 34.147280426426853 ], [ -118.412698174566415, 34.147298726625117 ], [ -118.412622685681285, 34.147297734267163 ], [ -118.412240683254154, 34.147274234180379 ], [ -118.412147379341917, 34.14726279601215 ], [ -118.411719776775939, 34.147183695589838 ], [ -118.411662139659072, 34.147170699284437 ], [ -118.411288737581643, 34.147070998738222 ], [ -118.411237678741998, 34.147055379519827 ], [ -118.410704476067465, 34.146870878513205 ], [ -118.410650605026831, 34.146849784012929 ], [ -118.408617996397297, 34.145957179254189 ], [ -118.408575585480193, 34.145936821494736 ], [ -118.408181084111362, 34.145730620428694 ], [ -118.408141027281971, 34.145707909144676 ], [ -118.407620694224519, 34.145388644516281 ], [ -118.407079399166477, 34.145074919659287 ], [ -118.407066097413662, 34.14506700171475 ], [ -118.406472372809532, 34.144704108441623 ], [ -118.405751288468863, 34.144276530971659 ], [ -118.405590695936411, 34.144205082681076 ], [ -118.405467584881293, 34.144159335428881 ], [ -118.405303014675781, 34.144122379321104 ], [ -118.405209296913128, 34.1441123401775 ], [ -118.405028182176878, 34.14411644606971 ], [ -118.404657923732472, 34.14414426200635 ], [ -118.401468225436048, 34.144444801088603 ], [ -118.401351575736228, 34.144465169547644 ], [ -118.40122998440917, 34.144497874952108 ], [ -118.401151062993918, 34.14452216736526 ], [ -118.401018773061395, 34.144582725778641 ], [ -118.400549132532078, 34.144874557339229 ], [ -118.400490083424259, 34.144907236557252 ], [ -118.400188382401623, 34.145055137385697 ], [ -118.400090422356456, 34.145094389221164 ], [ -118.399812220980039, 34.1451828897764 ], [ -118.39970983804136, 34.145207680733272 ], [ -118.399414636296257, 34.145257781086066 ], [ -118.399277422391961, 34.145268679392046 ], [ -118.398956820346513, 34.145265779424676 ], [ -118.398873644066043, 34.145260581698714 ], [ -118.398178992538789, 34.145179685562461 ], [ -118.397907016784131, 34.145177129206466 ], [ -118.397708105003574, 34.145210849288461 ], [ -118.397555590284483, 34.1452627537506 ], [ -118.39738718620859, 34.145357725390006 ], [ -118.397266252938763, 34.145465138346708 ], [ -118.396558207070129, 34.146358328087729 ], [ -118.396530877722057, 34.146390227265215 ], [ -118.396195778726636, 34.146752828632792 ], [ -118.396159510627101, 34.146788737907194 ], [ -118.395993610809853, 34.146939238543602 ], [ -118.395935457486175, 34.146985827220433 ], [ -118.395802657340383, 34.147079727674914 ], [ -118.395794019597304, 34.147085728979704 ], [ -118.395524919230098, 34.147269429883714 ], [ -118.395479731216369, 34.147297637889075 ], [ -118.395121530293054, 34.147501638972827 ], [ -118.395030981800517, 34.147544774134388 ], [ -118.394659280191433, 34.147690275004045 ], [ -118.394544537705769, 34.147724684091976 ], [ -118.394229135917314, 34.147792284548935 ], [ -118.394121689153167, 34.147807476780471 ], [ -118.393833787346011, 34.147827776952759 ], [ -118.393769793232963, 34.147829660222179 ], [ -118.393483091403482, 34.147826360246697 ], [ -118.393367154860954, 34.147816345178541 ], [ -118.393037652853536, 34.147762744896717 ], [ -118.392994293618216, 34.14775440218984 ], [ -118.391629612185682, 34.147450587136312 ], [ -118.391354378496615, 34.14739483868933 ], [ -118.39134267577559, 34.147392372455862 ], [ -118.390860872963742, 34.147286871882343 ], [ -118.390834129168567, 34.14728050446071 ], [ -118.390662828205819, 34.147236404218972 ], [ -118.390631570034884, 34.147227629042554 ], [ -118.390403268821174, 34.147158128661204 ], [ -118.390348965851828, 34.147139240136831 ], [ -118.390187865104281, 34.147075939794583 ], [ -118.390170744550772, 34.147068955724642 ], [ -118.390036043960336, 34.14701195541906 ], [ -118.389974621631893, 34.146982350348182 ], [ -118.389708220765314, 34.146837249604559 ], [ -118.3896590973484, 34.146807684666371 ], [ -118.389430296878999, 34.146655983930415 ], [ -118.389405136218784, 34.146638419724319 ], [ -118.389253636022019, 34.146527119203469 ], [ -118.389199276941099, 34.146482173269462 ], [ -118.388992077104859, 34.146289372455733 ], [ -118.388953456436951, 34.146249837329421 ], [ -118.388817856827373, 34.146096836747716 ], [ -118.388796051664585, 34.146070653190627 ], [ -118.388691652127989, 34.145937052720413 ], [ -118.388672413177744, 34.14591083220526 ], [ -118.388573113792248, 34.145766431738345 ], [ -118.388553317049215, 34.145735338820998 ], [ -118.388482117660971, 34.145614138470634 ], [ -118.388473179760453, 34.145598277711699 ], [ -118.388357195530617, 34.145383473581681 ], [ -118.388354217077207, 34.145381392247984 ], [ -118.388305517027973, 34.1453442920768 ], [ -118.38825545003975, 34.145301705044375 ], [ -118.388231450063699, 34.145278904949144 ], [ -118.388213376746975, 34.145260966775545 ], [ -118.388183876803737, 34.145230366653514 ], [ -118.388069880297522, 34.145051642885242 ], [ -118.387665901136401, 34.143964023825944 ], [ -118.387585915087655, 34.143762276587985 ], [ -118.38749127050049, 34.143562498498682 ], [ -118.387378749461107, 34.14334288927418 ], [ -118.38724377448051, 34.143120190700373 ], [ -118.387018513958608, 34.14283494378315 ], [ -118.38685192606367, 34.142664884305468 ], [ -118.386670392551778, 34.142503282796028 ], [ -118.386460508166337, 34.142340953122286 ], [ -118.386249466284198, 34.142198041210349 ], [ -118.386014104819793, 34.142076821905725 ], [ -118.385763776124548, 34.141959711007374 ], [ -118.385497597728758, 34.141854059112809 ], [ -118.385213955596228, 34.141753950066274 ], [ -118.383992316079627, 34.141352458274056 ], [ -118.383704788722383, 34.14126626418507 ], [ -118.383414604999231, 34.141194193010179 ], [ -118.383135174404359, 34.141135481724547 ], [ -118.382854984104, 34.141094822955971 ], [ -118.382519447594447, 34.141063058887589 ], [ -118.382189851936275, 34.141049143465608 ], [ -118.381860190287767, 34.141057708419105 ], [ -118.381571274043935, 34.141080694452029 ], [ -118.381284421178293, 34.141116298370818 ], [ -118.380997040985818, 34.141169217987695 ], [ -118.380694908734782, 34.141233927431593 ], [ -118.378025003383797, 34.141893799690273 ], [ -118.377730903719979, 34.141970271278488 ], [ -118.377458530690902, 34.142056117613869 ], [ -118.377168807746244, 34.142165932836576 ], [ -118.376885901776092, 34.142301960616855 ], [ -118.376642566818788, 34.142434599914409 ], [ -118.376391387793191, 34.142587694624936 ], [ -118.375556029356872, 34.143115390539933 ], [ -118.375533813586074, 34.143128818777456 ], [ -118.375267212921955, 34.143282919591073 ], [ -118.375250417196696, 34.143292309095834 ], [ -118.374972316394889, 34.143442609909592 ], [ -118.374911220218522, 34.143471843059295 ], [ -118.374602118961135, 34.143601743820632 ], [ -118.374538922996535, 34.143624888249221 ], [ -118.374229721457681, 34.143722188860309 ], [ -118.374189590248704, 34.143733588801467 ], [ -118.373874388540642, 34.143813689325938 ], [ -118.373842485400289, 34.143821064111222 ], [ -118.372193675993785, 34.144164866442438 ], [ -118.372154928293625, 34.144171909445539 ], [ -118.371833126369069, 34.144221909802233 ], [ -118.371777870615006, 34.14422847023144 ], [ -118.37142646842014, 34.14425747046684 ], [ -118.371374195589127, 34.144260023926485 ], [ -118.371041493470955, 34.144265124010282 ], [ -118.371004143984393, 34.144264805000368 ], [ -118.364594403111425, 34.144056804684837 ], [ -118.364585230926593, 34.144056452895299 ], [ -118.364387854457249, 34.144047721817181 ], [ -118.364123704464632, 34.144053902902563 ], [ -118.364079676941657, 34.144053694103619 ], [ -118.353514309573839, 34.143705693540412 ], [ -118.353493543230385, 34.143704732050196 ], [ -118.353149841046516, 34.143684231973921 ], [ -118.35313235210316, 34.143682991477675 ], [ -118.352804050028354, 34.143655991358294 ], [ -118.352780727363253, 34.143653719209837 ], [ -118.352452325309955, 34.143616719028195 ], [ -118.352441991737791, 34.143615484488791 ], [ -118.352160089985986, 34.14357988430914 ], [ -118.352144854708627, 34.143577806255564 ], [ -118.351839152828973, 34.14353300602275 ], [ -118.35180986912664, 34.143528135904845 ], [ -118.351489867209636, 34.143468535584468 ], [ -118.351474145207575, 34.143465436404007 ], [ -118.351151643308697, 34.143398336039468 ], [ -118.351144625074426, 34.143396841232772 ], [ -118.348593661950346, 34.142840882868654 ], [ -118.348267904682018, 34.142781763652714 ], [ -118.34798358961477, 34.142740332644486 ], [ -118.347695494510489, 34.142714753334062 ], [ -118.347399579232956, 34.142703918543063 ], [ -118.34710919475998, 34.142705922450993 ], [ -118.34681011386941, 34.142727825534884 ], [ -118.346529186635436, 34.142762447508552 ], [ -118.346223661557218, 34.14282218136416 ], [ -118.345681986468975, 34.142965467378239 ], [ -118.345199136556218, 34.143164389770895 ], [ -118.344785666931998, 34.143385006702864 ], [ -118.34350157602654, 34.144237738163078 ], [ -118.343492674322789, 34.14424354477805 ], [ -118.343069073548378, 34.144514946151219 ], [ -118.343042308953898, 34.14453120783029 ], [ -118.342685508054402, 34.144736608915906 ], [ -118.342657216619472, 34.144752006986977 ], [ -118.342002814551876, 34.145088308838986 ], [ -118.341984473641261, 34.14509739198828 ], [ -118.340954970007786, 34.145588394758846 ], [ -118.340926754745894, 34.145601093169063 ], [ -118.340642953599797, 34.14572139387176 ], [ -118.340605397984532, 34.145736078170856 ], [ -118.340395697016248, 34.145811378629574 ], [ -118.340344236646956, 34.145827744691715 ], [ -118.339963334645773, 34.145933745372851 ], [ -118.339908507361869, 34.14594681151538 ], [ -118.339580181752837, 34.146012257891535 ], [ -118.338284268407207, 34.14627697312936 ], [ -118.337664588963179, 34.146419961240028 ], [ -118.337412049290037, 34.146483443258177 ], [ -118.337119866221428, 34.146568306716894 ], [ -118.335834314710809, 34.146976266387455 ], [ -118.332859806971584, 34.147961169633568 ], [ -118.332435610409277, 34.14813699584429 ], [ -118.332062313681448, 34.148334490227668 ], [ -118.331660461012589, 34.148592310208564 ], [ -118.331227963971784, 34.148934119645773 ], [ -118.330749159680494, 34.149433486409372 ], [ -118.329929189290709, 34.15045568427287 ], [ -118.329910636651775, 34.150477614796991 ], [ -118.329659637507447, 34.150759215833467 ], [ -118.329652817883314, 34.150766729349073 ], [ -118.328865220233425, 34.151618932566102 ], [ -118.32879373250141, 34.151684420154673 ], [ -118.327736132146569, 34.152506823948713 ], [ -118.327660095008895, 34.15255762761447 ], [ -118.326998093306798, 34.152935729618939 ], [ -118.3269556265126, 34.15295802911416 ], [ -118.326530540853597, 34.153162603274744 ], [ -118.326380032812366, 34.153242534805365 ], [ -118.326322053870911, 34.153269953696338 ], [ -118.326073752854001, 34.15337375430483 ], [ -118.326065875679333, 34.153376992086415 ], [ -118.325746374329825, 34.153506092850108 ], [ -118.325686314566582, 34.153527335548404 ], [ -118.324647409315077, 34.15384463754944 ], [ -118.324561329043021, 34.153865458595867 ], [ -118.313659065131944, 34.155836572235053 ], [ -118.3136582708253, 34.155836715374377 ], [ -118.31034979831108, 34.156431077540134 ], [ -118.304832211688876, 34.157442437827328 ], [ -118.304782417361267, 34.157449889596577 ], [ -118.304033012756477, 34.157537190248306 ], [ -118.303978959974884, 34.15754158456383 ], [ -118.303345155962759, 34.157570984841826 ], [ -118.303306865864073, 34.157571822403142 ], [ -118.30226945924457, 34.157569122539378 ], [ -118.302224767111326, 34.157567728534758 ], [ -118.301601563150328, 34.157530428391873 ], [ -118.301586676808384, 34.157529394481251 ], [ -118.299020960574623, 34.15732649358312 ], [ -118.298997666170692, 34.157324298567247 ], [ -118.298601063687258, 34.157280898353335 ], [ -118.298590325946904, 34.157279647570419 ], [ -118.29311857968483, 34.156603461963087 ], [ -118.289360144883659, 34.156527973647172 ], [ -118.287295881122461, 34.156540148012539 ], [ -118.282792101221247, 34.156891561831436 ], [ -118.282674989950635, 34.15689189914103 ], [ -118.282102986325285, 34.156850598964304 ], [ -118.282012431891218, 34.156838671439836 ], [ -118.281584029337793, 34.156756170991414 ], [ -118.281456451884353, 34.156719667520527 ], [ -118.280939949466784, 34.156519966434253 ], [ -118.28088386147968, 34.156495451875927 ], [ -118.280482559969798, 34.156298750842311 ], [ -118.280395780804525, 34.156247852074195 ], [ -118.279994180121577, 34.155968850740365 ], [ -118.279942009702268, 34.155928367116573 ], [ -118.279596409745338, 34.155629065809229 ], [ -118.279508378226794, 34.155533488573212 ], [ -118.279205979885802, 34.155115987178107 ], [ -118.279155974148651, 34.155030871597944 ], [ -118.278934277006982, 34.154550970448547 ], [ -118.278901645257676, 34.154454392699577 ], [ -118.278801048556957, 34.153997392106099 ], [ -118.278798829151143, 34.153986705739896 ], [ -118.278577937415818, 34.152855604409595 ], [ -118.278509078686085, 34.152502726783304 ], [ -118.27823886948137, 34.151275194325244 ], [ -118.278231372093018, 34.151230830034564 ], [ -118.277826129887117, 34.14780985305017 ], [ -118.27682832829079, 34.144277400526292 ], [ -118.276275443464357, 34.142320102900058 ], [ -118.275993722129598, 34.141322517579852 ], [ -118.275261126609877, 34.138786352812623 ], [ -118.274798533712271, 34.137184636380411 ], [ -118.274612799807812, 34.136540802421401 ], [ -118.273627247315062, 34.133124239558697 ], [ -118.272947768666143, 34.130925562631603 ], [ -118.272936924554756, 34.130883646257857 ], [ -118.272701505246701, 34.129758496787268 ], [ -118.272130245702243, 34.127801140235484 ], [ -118.271898873063222, 34.127103281399755 ], [ -118.271666642734118, 34.126459750385521 ], [ -118.270622815781863, 34.124008056506135 ], [ -118.269196035159354, 34.120831042859514 ], [ -118.268014252903697, 34.118304663053834 ], [ -118.267895456213211, 34.118050242897176 ], [ -118.267146176642527, 34.116713193019116 ], [ -118.266506205430417, 34.115793626275781 ], [ -118.266380472247576, 34.115645895293476 ], [ -118.265770009899782, 34.114928316940286 ], [ -118.265478245750188, 34.11458539207068 ], [ -118.264997169395571, 34.114109331203196 ], [ -118.263398025915237, 34.112527102095335 ], [ -118.262638781773234, 34.11188738969939 ], [ -118.261959572824523, 34.111402968320874 ], [ -118.261020233422343, 34.110828963504034 ], [ -118.259744552345353, 34.110167855003183 ], [ -118.258511529922231, 34.109661852779546 ], [ -118.256506254971939, 34.109065180889324 ], [ -118.256108155083794, 34.108977255959253 ], [ -118.255666574305181, 34.108919731065683 ], [ -118.254960209586173, 34.108879037546451 ], [ -118.254109010989765, 34.108909341589992 ], [ -118.254090744410419, 34.108909778122488 ], [ -118.253590975841348, 34.108915877809565 ], [ -118.252894390341865, 34.108924437907604 ], [ -118.251009689062997, 34.109120936804324 ], [ -118.250956279083454, 34.109124653767111 ], [ -118.250111773732115, 34.10915435407307 ], [ -118.250070676023668, 34.109154718226456 ], [ -118.249175670321534, 34.109139118255349 ], [ -118.249076885990718, 34.109131095629849 ], [ -118.248417781945122, 34.109034895123791 ], [ -118.248335137931804, 34.109018134961318 ], [ -118.247201631610551, 34.108721733323073 ], [ -118.247181381248168, 34.108716132674587 ], [ -118.245977874770929, 34.108364930733707 ], [ -118.24587884615147, 34.108328054942575 ], [ -118.245018442675374, 34.107932952843797 ], [ -118.244957992449329, 34.107901478634034 ], [ -118.244367190787514, 34.107554976889467 ], [ -118.244320331094912, 34.107524742009609 ], [ -118.243889130425018, 34.107219340561699 ], [ -118.243832604433919, 34.107174142278737 ], [ -118.243373504668867, 34.106759940507345 ], [ -118.243327132815125, 34.10671308108499 ], [ -118.242914193707605, 34.106244522519319 ], [ -118.242644355320266, 34.105959274170843 ], [ -118.242598470880608, 34.105904031306672 ], [ -118.242290972561918, 34.105479729891492 ], [ -118.242263407382708, 34.105437571239705 ], [ -118.242032809374621, 34.105044270111115 ], [ -118.242005369546447, 34.104990209578006 ], [ -118.241839771895343, 34.104607208710654 ], [ -118.241814345426761, 34.104531547600516 ], [ -118.241707848536421, 34.104094346985519 ], [ -118.241696573484433, 34.104025757106143 ], [ -118.241654377172495, 34.103538256804242 ], [ -118.241653192414702, 34.103478305118266 ], [ -118.241781907063782, 34.100734401476799 ], [ -118.241781365897396, 34.100251200217137 ], [ -118.241726415469756, 34.099930346497878 ], [ -118.241601100557631, 34.099580027260629 ], [ -118.241298146705773, 34.099058484800658 ], [ -118.239686002517757, 34.096589873793626 ], [ -118.239234162840987, 34.096028612137481 ], [ -118.238897569852824, 34.09571696597709 ], [ -118.238509874572983, 34.095452796397232 ], [ -118.237620297274646, 34.094949250637754 ], [ -118.237143473248622, 34.094762888836684 ], [ -118.236294146896057, 34.094535295161556 ], [ -118.235925768497552, 34.094454673976593 ], [ -118.235330282234131, 34.094379419744662 ], [ -118.233911024516772, 34.094259574499063 ], [ -118.233818419734277, 34.094246071372723 ], [ -118.232919314459807, 34.094058370344143 ], [ -118.232827280384456, 34.094032955219859 ], [ -118.232147376997219, 34.093797053925478 ], [ -118.232060072016694, 34.093760113150665 ], [ -118.231454569832707, 34.093454111554401 ], [ -118.231361088130555, 34.09339677324958 ], [ -118.230827587462613, 34.093003771414388 ], [ -118.230769569681172, 34.092955250574114 ], [ -118.230387170069861, 34.092592149061204 ], [ -118.230346416915452, 34.092549260767179 ], [ -118.229491219759055, 34.091549257060144 ], [ -118.229481681418321, 34.091537793595791 ], [ -118.228742584379503, 34.090624590324346 ], [ -118.228687577294792, 34.090541824860395 ], [ -118.228300681249948, 34.089816322924044 ], [ -118.228272519631759, 34.089753176955227 ], [ -118.228075723180751, 34.089210475892031 ], [ -118.228058913456096, 34.089152880415931 ], [ -118.227570029216608, 34.086960077556562 ], [ -118.227566685268187, 34.086943676142496 ], [ -118.227427090792702, 34.086188775299867 ], [ -118.227423096408202, 34.086163101161866 ], [ -118.226912521774253, 34.082124342814666 ], [ -118.226867526689091, 34.081864084894661 ], [ -118.226763247696582, 34.081497217467778 ], [ -118.226619903536843, 34.08122662385739 ], [ -118.226611973989634, 34.081210995679477 ], [ -118.226171879232894, 34.080304193430877 ], [ -118.226167193185702, 34.080294256637742 ], [ -118.225940677771959, 34.079799631439251 ], [ -118.225768200607675, 34.079457893509151 ], [ -118.225757017127933, 34.079434186975895 ], [ -118.225613819110038, 34.079108286229292 ], [ -118.225591738894735, 34.079047025694933 ], [ -118.225517640701526, 34.078786325278351 ], [ -118.22550182010599, 34.078623456403783 ], [ -118.225520405937644, 34.078405793772468 ], [ -118.225520094678487, 34.078399701077664 ], [ -118.225509415088624, 34.078358037272949 ], [ -118.225462962620867, 34.078219661374973 ], [ -118.225446097087655, 34.078153880944662 ], [ -118.224937437034981, 34.075314724398432 ], [ -118.224117396310163, 34.071370795131216 ], [ -118.224044450010638, 34.071185178290612 ], [ -118.22402249724469, 34.071112713645881 ], [ -118.223921200624687, 34.070643713050778 ], [ -118.223911288962086, 34.070565552832868 ], [ -118.223904990192111, 34.07040405277305 ], [ -118.223905891337566, 34.070353057361473 ], [ -118.223912118684609, 34.070269381630126 ], [ -118.223906285994431, 34.070201133058724 ], [ -118.223832021624631, 34.06968252364026 ], [ -118.223828070634639, 34.069642062826482 ], [ -118.223756481024282, 34.068275262225335 ], [ -118.223756975815846, 34.068220077785597 ], [ -118.223789979392549, 34.06775097787957 ], [ -118.223797078691348, 34.067696885300393 ], [ -118.223859181079121, 34.067374785568674 ], [ -118.223868246983528, 34.06733660131593 ], [ -118.223940048791349, 34.067082601641701 ], [ -118.223948072222214, 34.067057036099172 ], [ -118.224027373794272, 34.066827436463143 ], [ -118.224041106087043, 34.06679225505566 ], [ -118.225617253673022, 34.063179369105818 ], [ -118.226208436089834, 34.061790080119351 ], [ -118.226288441174901, 34.06152872570641 ], [ -118.226326924887871, 34.061248674042474 ], [ -118.226308380667206, 34.060806143983427 ], [ -118.22587411789425, 34.058012930817391 ], [ -118.225873156650067, 34.058006439748816 ], [ -118.225718464821895, 34.056907138766761 ], [ -118.225714436920981, 34.056862823700826 ], [ -118.225704038833086, 34.056611523604587 ], [ -118.225704846041424, 34.056560146588374 ], [ -118.225720447672487, 34.056346046633983 ], [ -118.225723312895681, 34.056318444252113 ], [ -118.225754414633798, 34.056087844375519 ], [ -118.225762336387632, 34.056044810652395 ], [ -118.225809537858353, 34.055843010862247 ], [ -118.225823751571426, 34.055794364251362 ], [ -118.225909553233066, 34.055550464645194 ], [ -118.225916903918915, 34.055530945601781 ], [ -118.225983905013095, 34.055364145909813 ], [ -118.225999538699156, 34.055329265124627 ], [ -118.226072539583654, 34.055182065457814 ], [ -118.226090809745926, 34.055148512155149 ], [ -118.226209910816635, 34.054948212689439 ], [ -118.226235758760168, 34.054908922990094 ], [ -118.226359359506446, 34.054738223526876 ], [ -118.22637900380677, 34.054712735311803 ], [ -118.226557804593412, 34.054494436066499 ], [ -118.226577408999361, 34.054471779780577 ], [ -118.227567440299097, 34.053387728371248 ], [ -118.227809124847525, 34.05311490847231 ], [ -118.227953757927324, 34.052951873266402 ], [ -118.2280507159482, 34.05280990038915 ], [ -118.228143372525253, 34.052659117395201 ], [ -118.228203548855134, 34.052522980617518 ], [ -118.22823525836894, 34.052427131903052 ], [ -118.229244245069637, 34.048512157903993 ], [ -118.229336584996673, 34.048137014292976 ], [ -118.229425212283672, 34.04768362627955 ], [ -118.229410223762557, 34.047496580650048 ], [ -118.229363896882305, 34.047304926788406 ], [ -118.229362355336903, 34.047298338337299 ], [ -118.227813504348092, 34.040452029308135 ], [ -118.227642670488876, 34.039696723188953 ], [ -118.227571648073351, 34.039392829076654 ], [ -118.227571077499007, 34.03939035700261 ], [ -118.227497911562438, 34.039069328038735 ], [ -118.22735514634185, 34.038795850257898 ], [ -118.227302230726252, 34.038609279748457 ], [ -118.227286132612264, 34.038360279623042 ], [ -118.227285833938311, 34.038307185169344 ], [ -118.227295475722173, 34.038126535588063 ], [ -118.227119437958009, 34.037454833544729 ], [ -118.227115969015003, 34.037440694209749 ], [ -118.226402191321171, 34.034319490057527 ], [ -118.225748272833584, 34.031454815730008 ], [ -118.225748121009062, 34.031454148311312 ], [ -118.223412994676977, 34.021152234713441 ], [ -118.223412569420532, 34.021150339836026 ], [ -118.222113938839144, 34.015305763354299 ], [ -118.221432879122219, 34.013713190099288 ], [ -118.22050982768549, 34.012216531992713 ], [ -118.219414566023801, 34.011046993518626 ], [ -118.218348917335717, 34.010186321305923 ], [ -118.215893285199897, 34.008537033983238 ], [ -118.214366223071238, 34.007964711677872 ], [ -118.213588388394214, 34.007754491053028 ], [ -118.212780710352078, 34.007622714502887 ], [ -118.21177274193802, 34.007569145140991 ], [ -118.205119167906759, 34.007631318083341 ], [ -118.205079613287822, 34.007630683393614 ], [ -118.203863505581793, 34.007580283244664 ], [ -118.203711306365648, 34.007558677317796 ], [ -118.202491399482511, 34.007257775658488 ], [ -118.202399432265182, 34.007228617188247 ], [ -118.201421227754807, 34.006845515113191 ], [ -118.201322057977279, 34.006797340030175 ], [ -118.197616275092116, 34.004610081323982 ], [ -118.19594432622732, 34.003626544507476 ], [ -118.18206530230141, 33.995462143167821 ], [ -118.181827964231786, 33.995377283404679 ], [ -118.181719404898004, 33.995327781269658 ], [ -118.181590804510719, 33.995255080901153 ], [ -118.181491101169897, 33.99518562616678 ], [ -118.181306946533766, 33.99502872289488 ], [ -118.180356611205241, 33.994470450402297 ], [ -118.180348244898468, 33.994465452403908 ], [ -118.175956033533069, 33.991797239144248 ], [ -118.175891913453711, 33.991752758774567 ], [ -118.174168012269504, 33.990391452613416 ], [ -118.174115294808118, 33.990344567709904 ], [ -118.17252239731036, 33.988747561266997 ], [ -118.172482928350036, 33.988703636261185 ], [ -118.171356132885123, 33.987307231288462 ], [ -118.171319472192067, 33.987255885542751 ], [ -118.170585577725134, 33.986085382033806 ], [ -118.170566682236711, 33.98605260571955 ], [ -118.169843589727506, 33.984682102109844 ], [ -118.169819049483834, 33.984627875891753 ], [ -118.169255758971318, 33.983147372892205 ], [ -118.169244872881876, 33.983115377640011 ], [ -118.168874281291266, 33.981882975588768 ], [ -118.168866937958725, 33.9818555526887 ], [ -118.168646144627573, 33.980916951418784 ], [ -118.168639266135187, 33.980881519849461 ], [ -118.168518800133512, 33.980096585262345 ], [ -118.168454813455426, 33.979942716887678 ], [ -118.168419142713176, 33.979775687850953 ], [ -118.168416443629241, 33.979655087817626 ], [ -118.168426980305895, 33.979547422260737 ], [ -118.168451577096818, 33.979435665935831 ], [ -118.168456265223782, 33.979382840810906 ], [ -118.168440482162055, 33.97820373476695 ], [ -118.168440760225465, 33.978180760512238 ], [ -118.168475467246736, 33.977257760545648 ], [ -118.168477981318958, 33.977224224167912 ], [ -118.16858778868216, 33.976247924583241 ], [ -118.16858903647551, 33.976237846996398 ], [ -118.168966157410594, 33.973448148510286 ], [ -118.168966352366724, 33.973446723297791 ], [ -118.169351073208418, 33.970666924852026 ], [ -118.169351617010136, 33.970663114299029 ], [ -118.17016405834292, 33.965137017632948 ], [ -118.170164323399888, 33.965135239065397 ], [ -118.170978906402979, 33.959742021721965 ], [ -118.172345818162853, 33.9505861067083 ], [ -118.172346191743898, 33.950583650028278 ], [ -118.173270636257683, 33.944613653864778 ], [ -118.173532848822177, 33.942920155342527 ], [ -118.173731117870901, 33.941639630762047 ], [ -118.173880751241143, 33.940464024051515 ], [ -118.173931854286295, 33.940062524003189 ], [ -118.173932990458781, 33.940054210694441 ], [ -118.173935590591739, 33.940036410705076 ], [ -118.173935721967482, 33.940035517524663 ], [ -118.174539752421211, 33.935956820002779 ], [ -118.174540204425895, 33.935953835964419 ], [ -118.174820717923808, 33.934142437127626 ], [ -118.175054541152534, 33.932633061918139 ], [ -118.175272140607831, 33.930863434791405 ], [ -118.175341135875058, 33.93023823918525 ], [ -118.175448443077158, 33.929265840654303 ], [ -118.176291599712414, 33.921624551728144 ], [ -118.176393105780207, 33.920704259877972 ], [ -118.176393265703126, 33.920702830736133 ], [ -118.177197218959904, 33.913619433772041 ], [ -118.177199906561313, 33.913599643720701 ], [ -118.177282810458124, 33.913075644065756 ], [ -118.177307880979825, 33.912982102016407 ], [ -118.177355281799151, 33.91285810223409 ], [ -118.177427660334942, 33.912729877741775 ], [ -118.177488055114964, 33.912651526855797 ], [ -118.177827173435986, 33.911411809975711 ], [ -118.177806333872724, 33.911309933406756 ], [ -118.177804634545154, 33.911221133383613 ], [ -118.17782372989106, 33.911081936573083 ], [ -118.178005834162477, 33.910471337402129 ], [ -118.178008220802468, 33.910463580480915 ], [ -118.178968441738917, 33.907435884867219 ], [ -118.178978532047111, 33.90740728121277 ], [ -118.179333038035878, 33.906495882840346 ], [ -118.179354440754267, 33.906448528989721 ], [ -118.179663544231403, 33.905850930392859 ], [ -118.179684203963177, 33.905814737225114 ], [ -118.180168407879123, 33.905041639375405 ], [ -118.18021802950247, 33.904974758037966 ], [ -118.180989832299019, 33.904086061231624 ], [ -118.181019030992502, 33.904054903338512 ], [ -118.181286531505549, 33.903790004392469 ], [ -118.181348048898187, 33.903736905272886 ], [ -118.181409548858198, 33.903690605488229 ], [ -118.181570664084148, 33.903601636208997 ], [ -118.181672049499426, 33.903562302482776 ], [ -118.182050742495164, 33.903209683446647 ], [ -118.182086908127445, 33.90313753764206 ], [ -118.182200757655266, 33.9029866040798 ], [ -118.182456558000652, 33.902746805067089 ], [ -118.182468222757208, 33.902736159077072 ], [ -118.183561159183256, 33.901764972345461 ], [ -118.183955205853607, 33.901367451531833 ], [ -118.18434081727591, 33.900872816825228 ], [ -118.184658830818364, 33.900398061642271 ], [ -118.184986808875379, 33.899765065180617 ], [ -118.185174370263738, 33.89926687620347 ], [ -118.18534859002402, 33.898585190978963 ], [ -118.188125356960484, 33.880873960617684 ], [ -118.188129134276494, 33.880853050517317 ], [ -118.188308740690957, 33.879975551300319 ], [ -118.188311048172551, 33.879964918735247 ], [ -118.18949538552576, 33.874802023981694 ], [ -118.189517659067718, 33.874731249957136 ], [ -118.189647527569548, 33.874409104215829 ], [ -118.189691408061961, 33.87418226326718 ], [ -118.189693375008858, 33.874033725722299 ], [ -118.189703878439857, 33.873942546716655 ], [ -118.18979318140525, 33.873534447109677 ], [ -118.189800139248021, 33.873506767209875 ], [ -118.189956543120886, 33.872956567917889 ], [ -118.189968590360436, 33.872919959912416 ], [ -118.190194094351469, 33.872318260945718 ], [ -118.190210137208354, 33.872280439371814 ], [ -118.190460540411621, 33.871753140513405 ], [ -118.190471858920432, 33.871730783717595 ], [ -118.190819462582866, 33.871084985287631 ], [ -118.190836398020593, 33.871055882518263 ], [ -118.200894249076867, 33.855008081289803 ], [ -118.201675774886837, 33.85344129619196 ], [ -118.201989458513779, 33.852378231242689 ], [ -118.202198567859611, 33.851228321938024 ], [ -118.202316202748321, 33.850079557945051 ], [ -118.202659022166387, 33.845097190112241 ], [ -118.202659221340028, 33.845094419500327 ], [ -118.202939949559322, 33.841349920341038 ], [ -118.203071272720734, 33.839605087407186 ], [ -118.203073089086388, 33.839586230184509 ], [ -118.203751232302494, 33.833811532747994 ], [ -118.203751914132411, 33.833806017590383 ], [ -118.204600535944678, 33.827269502421572 ], [ -118.204829661766453, 33.82474646169986 ], [ -118.204821138892157, 33.821152372263143 ], [ -118.204821138114852, 33.821150635330504 ], [ -118.204846967882162, 33.803680119257223 ], [ -118.204786971482463, 33.790792903485823 ], [ -118.204786969924797, 33.790789066729339 ], [ -118.204840770471847, 33.776787255720542 ], [ -118.204819255549907, 33.765268966812833 ], [ -118.204690487166886, 33.76471075261086 ], [ -118.204475454708387, 33.764219218246573 ], [ -118.203948021693606, 33.763533576471708 ], [ -118.203206682323156, 33.762808948111136 ], [ -118.201910351778864, 33.761799707118442 ], [ -118.200223596111712, 33.760773655064661 ], [ -118.199199225673979, 33.760335883450779 ], [ -118.186903311336096, 33.755078729156409 ], [ -118.18673958053887, 33.754978961946193 ], [ -118.186620772554178, 33.754841815332185 ], [ -118.186558517032424, 33.754680714322731 ], [ -118.186558907693339, 33.754511428699431 ], [ -118.186621905938992, 33.754350529325713 ], [ -118.186741344768407, 33.75421376607261 ], [ -118.186905532558868, 33.754114526142409 ], [ -118.187098397568448, 33.754062523688681 ], [ -118.187301061110688, 33.754062848981619 ], [ -118.187493685423391, 33.754115470172131 ], [ -118.199789401965532, 33.759372529075527 ], [ -118.200858966508321, 33.759829613452915 ], [ -118.200945272555998, 33.759873928787457 ], [ -118.202704768017043, 33.760944223515871 ], [ -118.202765108760559, 33.760985808234778 ], [ -118.204117007641415, 33.762038303479599 ], [ -118.204167807911915, 33.762082605933045 ], [ -118.20496170891083, 33.762858602781414 ], [ -118.205014226212043, 33.76291762770294 ], [ -118.205604328900165, 33.763684725069545 ], [ -118.205667784501543, 33.763791507207806 ], [ -118.205925288027061, 33.764380105876221 ], [ -118.205952935656498, 33.764463433644778 ], [ -118.206103140241126, 33.765114532779307 ], [ -118.206114839886453, 33.765216051871455 ], [ -118.206136626993825, 33.776786849847269 ], [ -118.206136624484145, 33.776789431900589 ], [ -118.206083037332846, 33.79079061148559 ], [ -118.206143225519185, 33.803677290670045 ], [ -118.206143229966685, 33.80368006401298 ], [ -118.206117663056503, 33.82115109279416 ], [ -118.206126288269274, 33.824765323687203 ], [ -118.20612443614543, 33.82480728605303 ], [ -118.205892655327631, 33.82735998683404 ], [ -118.205890737800345, 33.827377375698539 ], [ -118.205041444442784, 33.833919822895503 ], [ -118.2043648172057, 33.839682351050385 ], [ -118.204234245847204, 33.84141754291592 ], [ -118.203953682887843, 33.845160591996681 ], [ -118.203610515833219, 33.850149107437716 ], [ -118.203609228178152, 33.850164154876389 ], [ -118.203489036993901, 33.851338055306719 ], [ -118.203484053950433, 33.851373158155397 ], [ -118.203267362722229, 33.85256485907783 ], [ -118.203255899436414, 33.852613037214653 ], [ -118.202923307315359, 33.853740238721656 ], [ -118.202892333251512, 33.85381878218098 ], [ -118.2020808428869, 33.855445685865512 ], [ -118.202056824097284, 33.85548847007702 ], [ -118.191994994586494, 33.871542974505097 ], [ -118.191661303811216, 33.872162940809204 ], [ -118.191425127803171, 33.872660294974914 ], [ -118.19121360554162, 33.873224709229476 ], [ -118.191066375009882, 33.873742665396065 ], [ -118.190990017043703, 33.874091632491989 ], [ -118.190988126405898, 33.874234570843143 ], [ -118.190979884588344, 33.874314782904726 ], [ -118.190919786868463, 33.874625483164181 ], [ -118.190894240958372, 33.874711746243285 ], [ -118.190761354890853, 33.875041389345157 ], [ -118.1895865705538, 33.880162971251117 ], [ -118.189410200487245, 33.881024721851951 ], [ -118.186631975770808, 33.89874694751277 ], [ -118.18662320228529, 33.898789571199202 ], [ -118.186437207492631, 33.899517372034289 ], [ -118.186421669285082, 33.899566658199333 ], [ -118.186214872928701, 33.900115959148025 ], [ -118.186191447280819, 33.90016849127084 ], [ -118.185837051256016, 33.900852492878705 ], [ -118.185807891844235, 33.900901742444866 ], [ -118.185463194284083, 33.90141634395868 ], [ -118.185440730128576, 33.901447389197287 ], [ -118.185023032207738, 33.901983190975272 ], [ -118.18497914564459, 33.902033007530214 ], [ -118.184548446556207, 33.902467509238313 ], [ -118.184521480417303, 33.902493034814533 ], [ -118.183420498771241, 33.903471380768131 ], [ -118.183242490379186, 33.903638256016229 ], [ -118.183205895642672, 33.903711259734891 ], [ -118.183090603207035, 33.903863543120927 ], [ -118.182564803881391, 33.904353145145016 ], [ -118.182436952521229, 33.904444810971569 ], [ -118.182386052376629, 33.904472611119793 ], [ -118.182304239930161, 33.904510562651481 ], [ -118.182224060404195, 33.904541669474938 ], [ -118.182027055487268, 33.904736760607825 ], [ -118.181296907388187, 33.905577506200729 ], [ -118.180845733502196, 33.906297882583786 ], [ -118.180558192622456, 33.906853808745694 ], [ -118.180218588019699, 33.907726929705731 ], [ -118.179264208825828, 33.910736345167763 ], [ -118.179110642753713, 33.911251281275064 ], [ -118.179132776719428, 33.91135158076478 ], [ -118.17913527709365, 33.911401180743823 ], [ -118.179123923514553, 33.91152715429866 ], [ -118.179109023976821, 33.911591054364962 ], [ -118.179104705665367, 33.911608103979511 ], [ -118.178739515135717, 33.912943205631485 ], [ -118.178710882716047, 33.913020610999297 ], [ -118.17867858313528, 33.91308921114689 ], [ -118.178620442835751, 33.913184019313931 ], [ -118.178565889932031, 33.913254792764604 ], [ -118.178562044401701, 33.913264852990643 ], [ -118.178488256528354, 33.913731278479197 ], [ -118.177685616051619, 33.920804051373004 ], [ -118.177584201790339, 33.92172363709242 ], [ -118.176741157586193, 33.929364955781217 ], [ -118.176633864845996, 33.930337356727833 ], [ -118.176564569427043, 33.930965358315014 ], [ -118.176563915751814, 33.930970962451461 ], [ -118.176345129114907, 33.932750463301751 ], [ -118.176343167680741, 33.932764584585144 ], [ -118.176108280998676, 33.934280972523474 ], [ -118.175828027471482, 33.93609086914816 ], [ -118.175224345056975, 33.940167632535967 ], [ -118.175222417012009, 33.94018083291212 ], [ -118.175171849487015, 33.94057817279338 ], [ -118.175021458388343, 33.941759873135467 ], [ -118.175019742233957, 33.941772042346635 ], [ -118.174820551968494, 33.943058642244779 ], [ -118.174558364744897, 33.944752142354339 ], [ -118.173634199343979, 33.950720918594797 ], [ -118.172267551144941, 33.959875995521813 ], [ -118.172267437230587, 33.95987675417549 ], [ -118.171453011801361, 33.965269468436858 ], [ -118.170641063863826, 33.970792777826944 ], [ -118.170256747069743, 33.973569960799516 ], [ -118.16988044478633, 33.976353915665968 ], [ -118.169773101419253, 33.977308436748174 ], [ -118.169739471607727, 33.978203151388627 ], [ -118.169755426779403, 33.979393761530851 ], [ -118.169753700015221, 33.979439688833729 ], [ -118.169744400808852, 33.979544488865415 ], [ -118.169735520032361, 33.979602174252854 ], [ -118.169719033130448, 33.9796770882256 ], [ -118.169768185198919, 33.979795279648791 ], [ -118.169798726531141, 33.979903777595212 ], [ -118.169924998957299, 33.98072646596335 ], [ -118.170138416034249, 33.981633653181639 ], [ -118.170500072273541, 33.982836282184707 ], [ -118.171046823150235, 33.984273259857503 ], [ -118.171747128148937, 33.985600538800867 ], [ -118.172454297863609, 33.98672839484086 ], [ -118.173542671732093, 33.988077164538964 ], [ -118.175089815950514, 33.98962828238222 ], [ -118.176755341011557, 33.990943480850206 ], [ -118.18110959185762, 33.993588619869961 ], [ -118.182104282162882, 33.99417294556514 ], [ -118.182194394715665, 33.99423687298534 ], [ -118.18237443539158, 33.994390269951012 ], [ -118.182397555758868, 33.994403340302341 ], [ -118.182640531389907, 33.994490215499049 ], [ -118.182759080780386, 33.994545479086355 ], [ -118.196693841991319, 34.00274263797391 ], [ -118.19836629320865, 34.003726465905267 ], [ -118.19836714841955, 34.003726969836883 ], [ -118.202026319231578, 34.005886708508122 ], [ -118.202907711110115, 34.006231894480656 ], [ -118.204005745116589, 34.006502735246784 ], [ -118.205124420958455, 34.006549097495679 ], [ -118.211782489962715, 34.006486883176109 ], [ -118.211831178007955, 34.006487947440085 ], [ -118.212905571211166, 34.006545047230802 ], [ -118.21298910451938, 34.00655404278654 ], [ -118.213876599149842, 34.006698842012987 ], [ -118.213952238994921, 34.006715170630606 ], [ -118.214801034325745, 34.006944569365018 ], [ -118.214867121482186, 34.006965811496208 ], [ -118.21650271371351, 34.007578808162627 ], [ -118.216643951831657, 34.007651050092463 ], [ -118.219187746908801, 34.009359541865798 ], [ -118.219232210705016, 34.00939230631176 ], [ -118.220351510142279, 34.010296302257075 ], [ -118.220411517306601, 34.010351969987099 ], [ -118.221572119918321, 34.011591265153285 ], [ -118.22163773727469, 34.011676814918346 ], [ -118.222608444839963, 34.013250710245693 ], [ -118.222642563803504, 34.013316386893706 ], [ -118.223355474027926, 34.014983383164065 ], [ -118.223382286823991, 34.015066464514298 ], [ -118.224690218387465, 34.020952509122708 ], [ -118.227025201720082, 34.031253114654561 ], [ -118.227679026559414, 34.034117191918853 ], [ -118.228391208057758, 34.037231213598311 ], [ -118.228583465417273, 34.037964762106206 ], [ -118.228597764404668, 34.038104111365151 ], [ -118.228585783143345, 34.038328658052578 ], [ -118.228593879920211, 34.038453866895729 ], [ -118.228718952379765, 34.038693446048207 ], [ -118.228761418167437, 34.038808240216717 ], [ -118.228847839036675, 34.039187403125609 ], [ -118.228918952455672, 34.039491667230607 ], [ -118.228919691636264, 34.039494881686565 ], [ -118.229090895548495, 34.040251774033678 ], [ -118.230639096788082, 34.047094760177657 ], [ -118.230693103029381, 34.047318169625129 ], [ -118.230704433882295, 34.047388885537018 ], [ -118.230727236031683, 34.047673385370857 ], [ -118.230720241695238, 34.047796288765191 ], [ -118.230617545582732, 34.048321689209189 ], [ -118.230612755268098, 34.048343394146528 ], [ -118.230517158081966, 34.048731794573875 ], [ -118.230515927841978, 34.048736678233212 ], [ -118.229502456176974, 34.052669282787392 ], [ -118.229493591083269, 34.052699435057114 ], [ -118.229449692000188, 34.052832135258079 ], [ -118.229433038810598, 34.052875315701975 ], [ -118.229349940001484, 34.053063316083303 ], [ -118.229318613950539, 34.053122873724853 ], [ -118.229201614941104, 34.053313274247351 ], [ -118.229188003690126, 34.05333426963201 ], [ -118.229064804536563, 34.053514670173037 ], [ -118.229022616650141, 34.053568683878218 ], [ -118.228855348204306, 34.053757236920625 ], [ -118.228610979906435, 34.054033090207056 ], [ -118.228605291896884, 34.05403941387253 ], [ -118.227622548379642, 34.055115500295656 ], [ -118.227463450702203, 34.055309746919534 ], [ -118.227363146512815, 34.055448275105704 ], [ -118.2272658149639, 34.055611967260432 ], [ -118.22720980210056, 34.055724915371052 ], [ -118.227153795388901, 34.055864349526757 ], [ -118.227079910597126, 34.056074383114634 ], [ -118.227043466557532, 34.05623020183782 ], [ -118.227017145002364, 34.056425381664937 ], [ -118.227004424739931, 34.056599977424234 ], [ -118.227012842677368, 34.056803346452909 ], [ -118.227163985187829, 34.057877308932937 ], [ -118.227601701792011, 34.060692463094327 ], [ -118.227606682650517, 34.060743036730145 ], [ -118.227627986517788, 34.061251236534034 ], [ -118.227624172507561, 34.061331571960096 ], [ -118.227575175194502, 34.061688172155563 ], [ -118.227559263135774, 34.061760270480328 ], [ -118.227461065388042, 34.062081070928251 ], [ -118.227443896134687, 34.062128112515509 ], [ -118.226842005232115, 34.063542615281257 ], [ -118.226840273449326, 34.063546634598445 ], [ -118.225270885395787, 34.067144146517876 ], [ -118.225202116601736, 34.067343259408496 ], [ -118.225139313175006, 34.067565438985575 ], [ -118.225086108095255, 34.067841413717844 ], [ -118.225056964659913, 34.06825573705779 ], [ -118.225126065715898, 34.069574641641353 ], [ -118.225199281247569, 34.070085872506723 ], [ -118.22520221142814, 34.07011151264237 ], [ -118.225212212312073, 34.0702285125709 ], [ -118.225212608153043, 34.070300339173414 ], [ -118.225205604960507, 34.070394459174828 ], [ -118.225209374155625, 34.070491063318187 ], [ -118.225294338459349, 34.070884418474783 ], [ -118.22536794887661, 34.07107171818398 ], [ -118.225390638604182, 34.071147654086786 ], [ -118.226220067468617, 34.075136449182402 ], [ -118.226222480737448, 34.075148918807315 ], [ -118.226726330027546, 34.077960988563746 ], [ -118.226767336175357, 34.07808313519228 ], [ -118.226777006095418, 34.078115834369683 ], [ -118.226803306818923, 34.078218434219337 ], [ -118.226817025270691, 34.078308316014379 ], [ -118.226821225895975, 34.078390515978739 ], [ -118.226820178480182, 34.078451840089805 ], [ -118.226806018523845, 34.078617700210444 ], [ -118.226848398141911, 34.078766797003951 ], [ -118.226973123599223, 34.079050647291439 ], [ -118.227143898340771, 34.079389002727787 ], [ -118.227152000980411, 34.079405841602792 ], [ -118.227380119803016, 34.079903952805331 ], [ -118.227814005438802, 34.080797935642984 ], [ -118.227977295066154, 34.081106172481171 ], [ -118.228015076426118, 34.081199869727605 ], [ -118.228139779466872, 34.08163856902641 ], [ -118.228150611941004, 34.081686057615947 ], [ -118.228201514105891, 34.08198045730505 ], [ -118.228204572345192, 34.082000898777807 ], [ -118.228714874470796, 34.086037018636695 ], [ -118.228850592838398, 34.086770898442857 ], [ -118.229331178394034, 34.088926335030052 ], [ -118.229505963430313, 34.089408316471228 ], [ -118.229853279635819, 34.090059582176103 ], [ -118.230555834272806, 34.090927621285879 ], [ -118.231387106398756, 34.091899635422827 ], [ -118.231720665361081, 34.092216357813001 ], [ -118.232179656523982, 34.092554470172857 ], [ -118.232693348864856, 34.092814073122099 ], [ -118.233283042162171, 34.093018674648171 ], [ -118.234089264713276, 34.09318698521043 ], [ -118.235477665715436, 34.093304224879084 ], [ -118.235509667440397, 34.093307595973897 ], [ -118.236155363438527, 34.093389195554892 ], [ -118.236223149129842, 34.093400861765382 ], [ -118.23664214669337, 34.09349256126157 ], [ -118.236676085405506, 34.093500815767406 ], [ -118.237581780394237, 34.09374351442554 ], [ -118.237658925499716, 34.093768806992415 ], [ -118.238220022900208, 34.093988105801849 ], [ -118.2383093361926, 34.094030483498692 ], [ -118.239265433308745, 34.094571680749077 ], [ -118.239311674194468, 34.094600433226631 ], [ -118.239760173371337, 34.094906031758299 ], [ -118.239831846038712, 34.094962990259503 ], [ -118.240232546344544, 34.095333988693625 ], [ -118.240289148885523, 34.095394528976279 ], [ -118.240783450898832, 34.096008526783343 ], [ -118.240814556992134, 34.09605131792263 ], [ -118.242448468361701, 34.098553210160333 ], [ -118.242462577393127, 34.098576093956979 ], [ -118.242795080314352, 34.099148492326066 ], [ -118.242832853572736, 34.099229580858655 ], [ -118.242986856400535, 34.099660080023781 ], [ -118.243007370917724, 34.099738083198886 ], [ -118.243075573850319, 34.100136282780653 ], [ -118.243082076644882, 34.100212090810658 ], [ -118.243082680716654, 34.100744190717279 ], [ -118.243082186719803, 34.100765791226699 ], [ -118.242954414797964, 34.103490488239942 ], [ -118.242991030798805, 34.103913443942112 ], [ -118.243079849663872, 34.104278048840783 ], [ -118.24321747229321, 34.104596337449188 ], [ -118.243419931477149, 34.104941637863483 ], [ -118.243691647464203, 34.105316558488113 ], [ -118.243943341224707, 34.105582622621974 ], [ -118.24395676195752, 34.105597318543353 ], [ -118.244354659525513, 34.106048803731355 ], [ -118.244762368944649, 34.106416637400862 ], [ -118.245141064462771, 34.106684849901981 ], [ -118.245678417496848, 34.107000002958067 ], [ -118.246459891732002, 34.10735885947939 ], [ -118.247601946413511, 34.107692128490974 ], [ -118.248684598443944, 34.107975232383154 ], [ -118.249252690165775, 34.108058149213797 ], [ -118.250077368402145, 34.108072523513655 ], [ -118.250874524593812, 34.108044488667197 ], [ -118.252768100206197, 34.107847064588036 ], [ -118.252839394477633, 34.107842922404636 ], [ -118.253571789818992, 34.107833922565334 ], [ -118.254062518962485, 34.107827933358735 ], [ -118.254940983851355, 34.107796658673657 ], [ -118.255013743223842, 34.107797456818794 ], [ -118.255784438333052, 34.107841856649593 ], [ -118.255840140616513, 34.107847079474865 ], [ -118.256342937504158, 34.107912579137469 ], [ -118.256409221784864, 34.107924183462565 ], [ -118.256866519128508, 34.108025182907951 ], [ -118.256918684457176, 34.108038678560504 ], [ -118.25898487341469, 34.108653475166236 ], [ -118.259053587164132, 34.108677702755656 ], [ -118.260348981369816, 34.109209299886409 ], [ -118.260405160312061, 34.10923530074799 ], [ -118.261729255692359, 34.109921497187564 ], [ -118.261770404152045, 34.109944682325612 ], [ -118.262749501639405, 34.110542979348452 ], [ -118.262787800323935, 34.110568279955984 ], [ -118.263506099243301, 34.111080577533343 ], [ -118.263545599170413, 34.111111204980105 ], [ -118.264342099067989, 34.111782302015889 ], [ -118.264377104917216, 34.111814254315732 ], [ -118.265993007238691, 34.113413047789777 ], [ -118.266491546471244, 34.113906383886665 ], [ -118.26652457485342, 34.113941970112357 ], [ -118.266831975894178, 34.114303268775537 ], [ -118.267442361159951, 34.115020746370796 ], [ -118.267585224290386, 34.115188601862016 ], [ -118.267617275126469, 34.115230158429817 ], [ -118.268286579164567, 34.116191855306681 ], [ -118.268313197430231, 34.116234334395507 ], [ -118.269083704659451, 34.117609230576633 ], [ -118.269100483802973, 34.117641936764819 ], [ -118.269226814863387, 34.117912485045188 ], [ -118.270410159156398, 34.120442127898663 ], [ -118.270413308703596, 34.120448998275656 ], [ -118.271843627906563, 34.12363379082656 ], [ -118.271847444977226, 34.12364251742521 ], [ -118.272898460226983, 34.126111011892796 ], [ -118.272908314251339, 34.126136081008298 ], [ -118.273147218592825, 34.126798079711897 ], [ -118.273151272113466, 34.12680978917566 ], [ -118.273387276892862, 34.127521587876132 ], [ -118.273392326073292, 34.12753779023339 ], [ -118.273971039774239, 34.129520586978174 ], [ -118.273979765653351, 34.129555451846961 ], [ -118.274214450996155, 34.130677013491933 ], [ -118.274888844279218, 34.132859130382251 ], [ -118.274891374840379, 34.132867601060795 ], [ -118.275878198307083, 34.136288394695292 ], [ -118.27606388349669, 34.136932026853756 ], [ -118.276526473400224, 34.138533650872752 ], [ -118.277259488984143, 34.141071139834253 ], [ -118.277260254616181, 34.141073820175933 ], [ -118.277542358076872, 34.142072706223942 ], [ -118.278095268206101, 34.144029990741224 ], [ -118.279102996137496, 34.147597396032637 ], [ -118.279117100994426, 34.147668069291825 ], [ -118.279523983576738, 34.151102455309932 ], [ -118.27979053784216, 34.152313300766515 ], [ -118.279792771251039, 34.152324057756978 ], [ -118.279862667519225, 34.152682224801481 ], [ -118.280082524063118, 34.153807938509324 ], [ -118.280171044858093, 34.154210052299739 ], [ -118.280350518317903, 34.154598541220139 ], [ -118.280585836963951, 34.154923424431871 ], [ -118.280856237997753, 34.155157598720315 ], [ -118.281189531935951, 34.155389144388408 ], [ -118.281517609830559, 34.155549953778952 ], [ -118.281943845061036, 34.15571475368904 ], [ -118.28226139628913, 34.155775906763061 ], [ -118.282729036229242, 34.155809671769148 ], [ -118.287202271281217, 34.155460640941811 ], [ -118.287258490157484, 34.155458286035397 ], [ -118.289361076750467, 34.155445886420523 ], [ -118.289381430852458, 34.155446030847237 ], [ -118.293190206543485, 34.155522530923058 ], [ -118.293270207252348, 34.155528255793904 ], [ -118.298776310419427, 34.156208689771319 ], [ -118.299155909592756, 34.156250229433603 ], [ -118.30170248658284, 34.156451617490823 ], [ -118.302295915451737, 34.156487135744037 ], [ -118.303291774589823, 34.156489727761539 ], [ -118.303879304176377, 34.156462474205739 ], [ -118.304576712684977, 34.156381230962523 ], [ -118.310070857875075, 34.155374168905063 ], [ -118.310073550419318, 34.155373680270877 ], [ -118.313382933793235, 34.154779155749594 ], [ -118.324240768565843, 34.152816081081639 ], [ -118.32520681713774, 34.152521031618235 ], [ -118.32549297595591, 34.152405403903799 ], [ -118.325707514055125, 34.152315718011863 ], [ -118.325841870518161, 34.152244364542533 ], [ -118.325866178671916, 34.152232068715712 ], [ -118.326281825935411, 34.15203203777056 ], [ -118.326882793999658, 34.151688797070108 ], [ -118.327865697994397, 34.150924484711815 ], [ -118.328617336954338, 34.150111200437145 ], [ -118.328855363986946, 34.149844156890296 ], [ -118.329681718437683, 34.148814016781969 ], [ -118.32971426226112, 34.148776954155331 ], [ -118.33023826360467, 34.148230456270461 ], [ -118.330298769877786, 34.148175570015127 ], [ -118.330788069782059, 34.147788871783732 ], [ -118.330838856903156, 34.147752677753239 ], [ -118.331290556080802, 34.14746287921858 ], [ -118.331338756719973, 34.147434752940946 ], [ -118.331765555436618, 34.14720895417188 ], [ -118.331824571568959, 34.147181211743579 ], [ -118.332303469592631, 34.14698271290991 ], [ -118.332353049509052, 34.146964268370574 ], [ -118.335357134937837, 34.145969574539798 ], [ -118.335365865950521, 34.145966743834123 ], [ -118.336664459509478, 34.145554646413366 ], [ -118.336681904569346, 34.145549346153004 ], [ -118.336995902947407, 34.145458146734136 ], [ -118.337022185390339, 34.145451030114891 ], [ -118.337295083905587, 34.145382430564005 ], [ -118.33730939027852, 34.145378982381018 ], [ -118.337945586732374, 34.145232183356754 ], [ -118.337964353894421, 34.145228102368328 ], [ -118.339271446402265, 34.144961104180638 ], [ -118.33927499652691, 34.144960387759838 ], [ -118.339577336603909, 34.144900121345017 ], [ -118.339905018981909, 34.144808931290051 ], [ -118.340070345733125, 34.144749565113528 ], [ -118.340321352845592, 34.144643165878051 ], [ -118.341327669994726, 34.144163223470684 ], [ -118.341958600837259, 34.143838985193305 ], [ -118.342287863563442, 34.143649438171828 ], [ -118.342693848524362, 34.143389324915326 ], [ -118.343999825981967, 34.142522064702135 ], [ -118.344054476742031, 34.1424894708314 ], [ -118.344526575345398, 34.142237572200642 ], [ -118.344589117976284, 34.142208122841495 ], [ -118.34514861565556, 34.141977624198418 ], [ -118.345240236777286, 34.141946841322437 ], [ -118.345853033498884, 34.141784742374206 ], [ -118.345901362521374, 34.141773643582098 ], [ -118.346257860460881, 34.141703944058953 ], [ -118.346311399006396, 34.141695426781979 ], [ -118.34663839700687, 34.141655127081052 ], [ -118.346676711564029, 34.141651366494237 ], [ -118.347020809406473, 34.141626166704086 ], [ -118.347072501089002, 34.141624098831208 ], [ -118.34740579896507, 34.141621798896608 ], [ -118.347439826616025, 34.141622304104146 ], [ -118.34777302449227, 34.141634504078269 ], [ -118.347813490369361, 34.14163703886522 ], [ -118.348143488288102, 34.141666338731554 ], [ -118.348186725950768, 34.141671402754184 ], [ -118.348505823987963, 34.141717902512653 ], [ -118.348532256092014, 34.141722224950655 ], [ -118.348884353975436, 34.141786124608053 ], [ -118.348910587962408, 34.141791361597505 ], [ -118.351471068923232, 34.142349394912664 ], [ -118.351782215177238, 34.142414132665074 ], [ -118.352079754760808, 34.142469549455583 ], [ -118.352363141266949, 34.142511079468285 ], [ -118.352632246378789, 34.142545063690939 ], [ -118.352943835120655, 34.142580169664548 ], [ -118.353251712903116, 34.142605490147851 ], [ -118.353576282498508, 34.142624849167248 ], [ -118.364109113621069, 34.142971781858279 ], [ -118.364377694041806, 34.142965497130341 ], [ -118.36443057017901, 34.142966047087064 ], [ -118.364649784212091, 34.142975744261349 ], [ -118.371036186817093, 34.143182989616975 ], [ -118.371324006767523, 34.143178577642068 ], [ -118.371621533422598, 34.143154023697555 ], [ -118.371896370555547, 34.143111320640223 ], [ -118.373509852395145, 34.142774885354932 ], [ -118.373788923262012, 34.142703966733976 ], [ -118.374045942591891, 34.142623087228678 ], [ -118.374292681729983, 34.142519394714036 ], [ -118.374532701004497, 34.142389675849891 ], [ -118.374779712047456, 34.142246899053042 ], [ -118.375608573060845, 34.141723310771773 ], [ -118.375617516617226, 34.141717761028076 ], [ -118.375886916036038, 34.141553561876805 ], [ -118.37591486504644, 34.141537443412538 ], [ -118.376187664273075, 34.141388744215149 ], [ -118.376218674832131, 34.141372854425107 ], [ -118.37654457369608, 34.141216155307724 ], [ -118.376600408873088, 34.141192221015444 ], [ -118.37693810737359, 34.141064221786088 ], [ -118.376977372782406, 34.141050609608271 ], [ -118.377287671239529, 34.140952810222331 ], [ -118.377324099616729, 34.140942343759868 ], [ -118.377640997912366, 34.140859944297205 ], [ -118.377649819218405, 34.140857707518535 ], [ -118.380335604541813, 34.140193911888041 ], [ -118.380358700457123, 34.140188586321003 ], [ -118.380683198616978, 34.140119086790286 ], [ -118.380704811785051, 34.140114783638033 ], [ -118.381025209914469, 34.140055784046957 ], [ -118.381069839286894, 34.140048913900571 ], [ -118.381396137293265, 34.140008414201958 ], [ -118.381430227011293, 34.140004944993755 ], [ -118.381757024967854, 34.139978945207062 ], [ -118.381798680498221, 34.1399767493198 ], [ -118.382175878101194, 34.139966949440442 ], [ -118.38222919679356, 34.139967381641874 ], [ -118.382605794394507, 34.13998328160082 ], [ -118.382646404683285, 34.139986058364961 ], [ -118.383021402322456, 34.140021558200772 ], [ -118.383059663560019, 34.140026141174182 ], [ -118.383382861570865, 34.140073040931988 ], [ -118.383430407329655, 34.140081473266356 ], [ -118.383746905468854, 34.140147972905858 ], [ -118.383773722496599, 34.140154117349383 ], [ -118.384094620676365, 34.140233816912961 ], [ -118.384129080619886, 34.140243253230743 ], [ -118.384442978941649, 34.140337352714241 ], [ -118.384461477385955, 34.140343163685735 ], [ -118.385699871017934, 34.140750161457461 ], [ -118.385714934911334, 34.140755294186846 ], [ -118.386019233402209, 34.140862693601058 ], [ -118.386045306794145, 34.140872463641088 ], [ -118.386344105417948, 34.140991063000548 ], [ -118.386382860020362, 34.141007795530243 ], [ -118.386664158899904, 34.141139394835122 ], [ -118.386687731316812, 34.141150972115049 ], [ -118.38697043031604, 34.141296571359725 ], [ -118.387038690736645, 34.141337007040342 ], [ -118.387298890241325, 34.14151320619159 ], [ -118.387331160937407, 34.141536567453365 ], [ -118.387573460722521, 34.141723966593965 ], [ -118.387605811346106, 34.141750809798957 ], [ -118.387818011422453, 34.141939708984502 ], [ -118.387847001665847, 34.141967335892161 ], [ -118.388048602018529, 34.142173135064425 ], [ -118.388088003032053, 34.142217853641235 ], [ -118.388352004167558, 34.142552152456865 ], [ -118.388389162700008, 34.142605627429958 ], [ -118.388550264003555, 34.142871426643921 ], [ -118.388567819276233, 34.14290285699294 ], [ -118.388692020632803, 34.143145256360711 ], [ -118.388698804829929, 34.143159018407601 ], [ -118.388803506125299, 34.143380017865148 ], [ -118.388816070522637, 34.143408919802553 ], [ -118.38890377192719, 34.143630119331419 ], [ -118.388907510165467, 34.143639856225896 ], [ -118.389265787777049, 34.144604398635202 ], [ -118.389312015188494, 34.144638748402656 ], [ -118.389347115189977, 34.144668948270358 ], [ -118.389423429189193, 34.144748346971895 ], [ -118.389450229305126, 34.144782346851557 ], [ -118.389499615448599, 34.144857320294207 ], [ -118.38965610244162, 34.145147128994402 ], [ -118.389713389354597, 34.145244644371907 ], [ -118.389793011381158, 34.145360427977067 ], [ -118.389876905482453, 34.145467785858457 ], [ -118.389982949518966, 34.145587436530484 ], [ -118.390144134380421, 34.14573741861588 ], [ -118.390254546118598, 34.145818532688317 ], [ -118.3904467664332, 34.145945979124555 ], [ -118.390658036378724, 34.146061051247727 ], [ -118.39075255351797, 34.146101047311674 ], [ -118.390878394100014, 34.146150493028131 ], [ -118.391063532286182, 34.146206853514578 ], [ -118.391205778713115, 34.146243473876545 ], [ -118.391668284754985, 34.146344749092421 ], [ -118.391944818033039, 34.146400760811915 ], [ -118.391959112394929, 34.146403799249327 ], [ -118.39330939672513, 34.146704409525164 ], [ -118.393559617744117, 34.146745113230004 ], [ -118.393755754334265, 34.146747370828976 ], [ -118.39395722112431, 34.14673316533608 ], [ -118.394160345739252, 34.14668962948592 ], [ -118.394429260744644, 34.146584364289517 ], [ -118.394720941545501, 34.146418248329603 ], [ -118.394963834419201, 34.146252439065321 ], [ -118.395061528072588, 34.146183362285655 ], [ -118.395181022663934, 34.146074960583647 ], [ -118.395484566676672, 34.145746508422981 ], [ -118.396210100303691, 34.144831272540003 ], [ -118.396278365769675, 34.144759272854209 ], [ -118.396486765955842, 34.144574173646866 ], [ -118.396596546105982, 34.144496164025433 ], [ -118.396881145355906, 34.144335664881226 ], [ -118.39699991279592, 34.144282707354556 ], [ -118.397271711499812, 34.144190207926329 ], [ -118.397388207525481, 34.144160794312114 ], [ -118.397715005593341, 34.144105394702265 ], [ -118.397852356813416, 34.144094522902051 ], [ -118.398235354369874, 34.144098122940115 ], [ -118.398318259508486, 34.144103318638464 ], [ -118.399012768048891, 34.144184198583275 ], [ -118.399222273475814, 34.144186093729807 ], [ -118.399397147098696, 34.144156414996388 ], [ -118.399574421644871, 34.144100021120487 ], [ -118.399798523135885, 34.143990161840442 ], [ -118.400275870457676, 34.143693542907826 ], [ -118.400351576564262, 34.143652970328034 ], [ -118.400565875769558, 34.143554870889446 ], [ -118.400653800207451, 34.143521439195986 ], [ -118.400790899518128, 34.143479239462579 ], [ -118.400816522145519, 34.143471853727249 ], [ -118.400983821256375, 34.143426854019246 ], [ -118.401050369464343, 34.143412138231128 ], [ -118.401230768402385, 34.143380638451902 ], [ -118.401291243210935, 34.143372528495902 ], [ -118.404518723162838, 34.143068430900541 ], [ -118.404533448345134, 34.143067184145046 ], [ -118.404931445851886, 34.143037284395021 ], [ -118.404972266409857, 34.14303529032869 ], [ -118.40521046489512, 34.143029890400562 ], [ -118.405273997397927, 34.143031031135308 ], [ -118.405311497159602, 34.143033231127447 ], [ -118.405348843733336, 34.143036324345942 ], [ -118.405513142703455, 34.143053924261672 ], [ -118.405599658296566, 34.143068203640262 ], [ -118.405856156807033, 34.143125803327024 ], [ -118.405951992912037, 34.143154173198191 ], [ -118.406142791993275, 34.143225072813209 ], [ -118.406184286885079, 34.143241986533006 ], [ -118.40640208597172, 34.143338886017375 ], [ -118.406472908858717, 34.143375429660729 ], [ -118.407231806753501, 34.143825427404238 ], [ -118.407239400210003, 34.143829998959866 ], [ -118.407830307683128, 34.144191168692018 ], [ -118.408372095387975, 34.144505177674972 ], [ -118.408386370142509, 34.144513691315481 ], [ -118.40889424967007, 34.144825313358986 ], [ -118.409247466543945, 34.145009934894553 ], [ -118.41123203738492, 34.145881442388131 ], [ -118.411712582261941, 34.146047722372074 ], [ -118.412031598818587, 34.146132901683522 ], [ -118.412383867432084, 34.146198066504184 ], [ -118.412681004549754, 34.146216345918916 ], [ -118.413155622775477, 34.146199668683529 ], [ -118.413940393949758, 34.146155177046637 ], [ -118.414056058457476, 34.14614792352684 ], [ -118.414107393098746, 34.146146394748577 ], [ -118.414336391638017, 34.146147094780893 ], [ -118.414410383402739, 34.146150831505388 ], [ -118.414567082417079, 34.146166231433781 ], [ -118.414666026951068, 34.146182499746878 ], [ -118.414840125947435, 34.146222999526273 ], [ -118.414909793618577, 34.146242802133209 ], [ -118.415519543327463, 34.14644883636042 ], [ -118.415630708964045, 34.146470436570148 ], [ -118.415827936209197, 34.146476881490017 ], [ -118.416080733658248, 34.146458867622563 ], [ -118.416086631479089, 34.146458469799661 ], [ -118.416586228335561, 34.146426670078689 ], [ -118.416657537808163, 34.146425390718299 ], [ -118.41684913658581, 34.146430690715697 ], [ -118.416914471415993, 34.146435245741642 ], [ -118.417121370121436, 34.146458445629335 ], [ -118.417215510075394, 34.146474969337007 ], [ -118.417391909066623, 34.146517469105113 ], [ -118.417428930222599, 34.146527395002344 ], [ -118.417587129371867, 34.146574194745845 ], [ -118.417648417689392, 34.146595309975595 ], [ -118.417823716878914, 34.146664609601508 ], [ -118.417951058574758, 34.146730921534228 ], [ -118.4182787579105, 34.146949120477352 ], [ -118.418321052124654, 34.146979865295904 ], [ -118.418874842326133, 34.147418908110922 ], [ -118.418967253587638, 34.147467767886909 ], [ -118.419032303135253, 34.14749575295393 ], [ -118.419128524411434, 34.147529565396496 ], [ -118.419231141892666, 34.147553689702477 ], [ -118.419367472817271, 34.147563431660338 ], [ -118.419499105292871, 34.14755796158758 ], [ -118.42024091945261, 34.147504419556483 ], [ -118.420330693620272, 34.147503109356677 ], [ -118.42055239220754, 34.147512609332537 ], [ -118.420621814760651, 34.147518701455787 ], [ -118.420744214002127, 34.147535001373491 ], [ -118.42080676219031, 34.147545974813205 ], [ -118.421008961009406, 34.147590174573558 ], [ -118.421080478582581, 34.147609545104359 ], [ -118.421279177554752, 34.147674144751043 ], [ -118.421360859123666, 34.147706303270041 ], [ -118.421533458433899, 34.147786902844452 ], [ -118.421621209981652, 34.147836086894365 ], [ -118.421790709636298, 34.147948786348223 ], [ -118.421856868591547, 34.147999385161064 ], [ -118.422708537084191, 34.148747407018973 ], [ -118.423621486378849, 34.149528465780648 ], [ -118.423735265832875, 34.14959916120381 ], [ -118.42391798492919, 34.149682780862385 ], [ -118.424720694571135, 34.149995555904724 ], [ -118.427310842283916, 34.150908723516324 ], [ -118.427351003096987, 34.150924242690991 ], [ -118.427699601561841, 34.151071141903813 ], [ -118.427735739625987, 34.151087585850483 ], [ -118.42803623848846, 34.151234785079744 ], [ -118.428077461419875, 34.151256755761452 ], [ -118.428392560497926, 34.151438954841737 ], [ -118.428462099159375, 34.151485349614283 ], [ -118.431096238877544, 34.153504364687933 ], [ -118.431351836478768, 34.153663036771221 ], [ -118.431775708148706, 34.153874702735422 ], [ -118.43259371695558, 34.154219870378995 ], [ -118.433129974048228, 34.154421915679038 ], [ -118.433728969085266, 34.154576495101672 ], [ -118.434856962632992, 34.154707657267295 ], [ -118.435397140575077, 34.154713170264081 ], [ -118.437360651211065, 34.15450340847817 ], [ -118.437420749256404, 34.154499329204839 ], [ -118.437684347581538, 34.154491629296153 ], [ -118.437735641888366, 34.154491812578769 ], [ -118.438447837345748, 34.154517712531707 ], [ -118.438465381415455, 34.154518547931161 ], [ -118.438934078434841, 34.154546147833756 ], [ -118.438938146824611, 34.154546398055828 ], [ -118.439608742564346, 34.154589397894448 ], [ -118.439664817099214, 34.154595037233534 ], [ -118.44024341351988, 34.154674536830512 ], [ -118.440317422317179, 34.15468843245138 ], [ -118.440502421257051, 34.154732732210078 ], [ -118.440560318799584, 34.154749081567324 ], [ -118.44114815059244, 34.154941126556807 ], [ -118.441880677704773, 34.155180055008657 ], [ -118.442110910010925, 34.15523691023099 ], [ -118.442270492895062, 34.155259285048928 ], [ -118.442421405129068, 34.15527151743516 ], [ -118.442669446151399, 34.155264631919941 ], [ -118.443632248175518, 34.155199290584079 ], [ -118.443700705760008, 34.155197650250479 ], [ -118.443978303987919, 34.155203150261265 ], [ -118.444037840033971, 34.155206605488658 ], [ -118.444301038376594, 34.155232005372092 ], [ -118.444354701662576, 34.155239082430803 ], [ -118.444622400035755, 34.155283982195002 ], [ -118.444697826062267, 34.155300600377089 ], [ -118.444970924554696, 34.155375599966682 ], [ -118.445055010815338, 34.155404246993065 ], [ -118.445302909700075, 34.155506046446128 ], [ -118.445336537383099, 34.155520888245711 ], [ -118.445603536329898, 34.155647187580492 ], [ -118.445664399395554, 34.155679833229044 ], [ -118.445839598928828, 34.155785732700863 ], [ -118.445859858829408, 34.155798488866047 ], [ -118.447230566854486, 34.156697051782473 ], [ -118.447268690327277, 34.156720976510556 ], [ -118.447480381978409, 34.156843384211065 ], [ -118.447704330669737, 34.156957918980808 ], [ -118.448094970114781, 34.157103692014651 ], [ -118.448201771394778, 34.157143498275069 ], [ -118.448422910209288, 34.157208485318911 ], [ -118.448694138265651, 34.157272099425811 ], [ -118.450619420135595, 34.157569125455218 ], [ -118.450886520370275, 34.157589450265803 ], [ -118.450900869077259, 34.157590675547901 ], [ -118.45118549983826, 34.157617633840104 ], [ -118.451600460103421, 34.157631531615777 ], [ -118.453172613152532, 34.15767155175066 ], [ -118.453174210444601, 34.157671594032436 ], [ -118.454614901248775, 34.157711194020379 ], [ -118.454667839031671, 34.157714449484239 ], [ -118.454926937399406, 34.157739249371026 ], [ -118.454972265183784, 34.157744938989786 ], [ -118.455292863220293, 34.157794838731213 ], [ -118.455356940028736, 34.157807633836057 ], [ -118.455650638354129, 34.157879533444351 ], [ -118.455682275610371, 34.157888014165309 ], [ -118.4559232743064, 34.15795831378064 ], [ -118.455977729594522, 34.157976530621326 ], [ -118.457557422068604, 34.15857512738063 ], [ -118.457593901219894, 34.158590112302491 ], [ -118.457896399945426, 34.158724311588735 ], [ -118.457982412555594, 34.158770013609441 ], [ -118.458259811883778, 34.158944312749803 ], [ -118.458331645455587, 34.158996766634004 ], [ -118.458520845432531, 34.159156865926896 ], [ -118.458550952514912, 34.159184150008535 ], [ -118.458743652747884, 34.159371249234972 ], [ -118.458786563680789, 34.159417800460133 ], [ -118.459218440007291, 34.159943002696245 ], [ -118.459340951017012, 34.160061572466454 ], [ -118.459406728237823, 34.160110325443931 ], [ -118.459500802596224, 34.160165970809018 ], [ -118.459562297652724, 34.160192549540795 ], [ -118.45967283916417, 34.160228124123364 ], [ -118.45981311321178, 34.16025351655933 ], [ -118.459910984713204, 34.160258310494896 ], [ -118.460048248560369, 34.160253372447258 ], [ -118.461486332575348, 34.160122798905647 ], [ -118.461569790426523, 34.160119704513974 ], [ -118.461783989058858, 34.160123204527416 ], [ -118.46185737461515, 34.160127863825579 ], [ -118.462041973458668, 34.160148363727451 ], [ -118.462085190562888, 34.160154400426421 ], [ -118.462228689691116, 34.160178600299446 ], [ -118.462308327941571, 34.160196464592993 ], [ -118.46248602696852, 34.160246564318982 ], [ -118.462564313921177, 34.16027347623541 ], [ -118.462792912888943, 34.160366975733034 ], [ -118.462821508004936, 34.160379412744525 ], [ -118.463364699546219, 34.160630116314024 ], [ -118.463483514257589, 34.160674145701378 ], [ -118.463626873634681, 34.1607263285089 ], [ -118.463765492386727, 34.160763656710138 ], [ -118.463906813668899, 34.160786854749027 ], [ -118.464072250272082, 34.160799557255508 ], [ -118.464787871094572, 34.160820020334761 ], [ -118.464845162233644, 34.160823768884043 ], [ -118.46509876063962, 34.160849768762745 ], [ -118.465123456492606, 34.160852701115729 ], [ -118.46529895540516, 34.160876400996472 ], [ -118.465338492708426, 34.160882789851975 ], [ -118.465527391576614, 34.160918389662413 ], [ -118.465596205182848, 34.160934711635861 ], [ -118.466602899706288, 34.161224110053148 ], [ -118.466623622388127, 34.161230396009501 ], [ -118.466940812512789, 34.161331706872751 ], [ -118.468624280898865, 34.161851447304933 ], [ -118.468665119654318, 34.161865382844084 ], [ -118.468812718945784, 34.161920682544533 ], [ -118.468843278587144, 34.161932938498559 ], [ -118.469400376162682, 34.16217143722421 ], [ -118.469413199172095, 34.162177078026815 ], [ -118.469593798424114, 34.162258677594053 ], [ -118.469646036096051, 34.162284991772317 ], [ -118.470141834545444, 34.162561990362462 ], [ -118.470167207567684, 34.162576909186512 ], [ -118.470672806289997, 34.162889507637502 ], [ -118.470705825252523, 34.162911338950828 ], [ -118.470956124849167, 34.163088138111377 ], [ -118.470992504664423, 34.163115877261916 ], [ -118.471624104427292, 34.163635474938175 ], [ -118.471666277524903, 34.163673663431027 ], [ -118.472067778122891, 34.164074161797828 ], [ -118.472086773738567, 34.164094040286777 ], [ -118.472643475160083, 34.16470553792152 ], [ -118.472650753801773, 34.164713690791032 ], [ -118.474091028797204, 34.166358951827533 ], [ -118.475458688697074, 34.167896922130055 ], [ -118.475465975104669, 34.167905281375646 ], [ -118.476114882530524, 34.168664872757446 ], [ -118.476706094353531, 34.169246197396234 ], [ -118.477131377524373, 34.169636547106691 ], [ -118.477550657828843, 34.169956458296028 ], [ -118.477924095956382, 34.170166681484929 ], [ -118.478440786169173, 34.170400497311078 ], [ -118.47968743197184, 34.170841392175248 ], [ -118.47970019365107, 34.170846040151808 ], [ -118.481794583594791, 34.171631135899524 ], [ -118.481808280178385, 34.171636429797125 ], [ -118.483152288108215, 34.17217174638234 ], [ -118.483418207305746, 34.172259890690356 ], [ -118.483488169227854, 34.172287186772593 ], [ -118.4839661259049, 34.172503324279823 ], [ -118.485429575752306, 34.173158265312097 ], [ -118.485987312196826, 34.173324588159332 ], [ -118.486151332445417, 34.173396880511035 ], [ -118.486302432045619, 34.173488580054169 ], [ -118.486488861294376, 34.173664687916705 ], [ -118.486574861873294, 34.173794587506165 ], [ -118.48662908373845, 34.173902849771707 ], [ -118.486696565713473, 34.174093682011318 ], [ -118.486721047061309, 34.174147540150571 ], [ -118.486738582367593, 34.174174022533101 ], [ -118.486802372956916, 34.174201393636459 ], [ -118.486908025272612, 34.174227007951373 ], [ -118.487003770366442, 34.174242389184613 ], [ -118.487099489245807, 34.174248849801103 ], [ -118.487306391506635, 34.174242926221687 ], [ -118.487407876697489, 34.174246612742152 ], [ -118.487674275021462, 34.174273712616632 ], [ -118.487747044232279, 34.17428463223866 ], [ -118.488338340716723, 34.174402531607875 ], [ -118.488389760596164, 34.174414659926981 ], [ -118.48855995965387, 34.174461159673044 ], [ -118.488605778112671, 34.174475282531922 ], [ -118.489181832744151, 34.174673589141612 ], [ -118.489213724730476, 34.174678597179806 ], [ -118.489350366185661, 34.174689183084915 ], [ -118.489556495423329, 34.174689708488302 ], [ -118.489638638756063, 34.174694244809132 ], [ -118.489775237898812, 34.174709044739167 ], [ -118.489892213272469, 34.17473097677852 ], [ -118.490123311988327, 34.174793376437876 ], [ -118.490204771950189, 34.174820543334782 ], [ -118.491008468259395, 34.175142441602027 ], [ -118.491075779037487, 34.175173608261105 ], [ -118.491240178476119, 34.175260707812356 ], [ -118.491262844304785, 34.175273278397839 ], [ -118.491671043113769, 34.175510077203661 ], [ -118.491708626798697, 34.175533603179929 ], [ -118.491872626478923, 34.175644202646296 ], [ -118.492000500216804, 34.175759991281723 ], [ -118.492138657607271, 34.175771053807182 ], [ -118.492295843864255, 34.175778341715436 ], [ -118.492388087790673, 34.175778012281157 ], [ -118.49258197161133, 34.175777213204704 ], [ -118.492701732699857, 34.175785947053456 ], [ -118.4928670316839, 34.175810946925125 ], [ -118.492925991707054, 34.175822239642613 ], [ -118.493281389654214, 34.175904939194297 ], [ -118.493390258889235, 34.175939261014662 ], [ -118.493840656832475, 34.176121060036877 ], [ -118.493943643046535, 34.176172920068048 ], [ -118.495182116091712, 34.176935070830311 ], [ -118.496004555294022, 34.177291646956249 ], [ -118.49608381194723, 34.177332250696701 ], [ -118.496096225148193, 34.177339678049137 ], [ -118.496212268705847, 34.177370349351044 ], [ -118.496235262986659, 34.177376821760944 ], [ -118.497369556895947, 34.177715819908919 ], [ -118.497453227927821, 34.17774649957412 ], [ -118.498088325220422, 34.178025198090204 ], [ -118.498101705455866, 34.178031237020008 ], [ -118.49860764114834, 34.178265989533251 ], [ -118.499541431697963, 34.17857061110788 ], [ -118.499566007486791, 34.178579114102689 ], [ -118.500484603009028, 34.178915412278897 ], [ -118.50050659586438, 34.178923873467227 ], [ -118.501121571608408, 34.179172123107641 ], [ -118.502177645316323, 34.179597971837552 ], [ -118.502193144698097, 34.179604435040481 ], [ -118.502811578334203, 34.179870945911865 ], [ -118.504150873102446, 34.180356063016248 ], [ -118.504193982918309, 34.180373270533181 ], [ -118.50500897943293, 34.180729768634436 ], [ -118.505047039426088, 34.180747801336608 ], [ -118.505474645449141, 34.180966563197615 ], [ -118.506598310792668, 34.181412887380283 ], [ -118.507450516332312, 34.181640186517008 ], [ -118.507520138502471, 34.181662488205689 ], [ -118.50874823261492, 34.1821246857047 ], [ -118.508789684111889, 34.182141786563157 ], [ -118.510497034341256, 34.182910172718749 ], [ -118.512970199265695, 34.183876682589791 ], [ -118.513406823684164, 34.184026395865274 ], [ -118.514011404740273, 34.184215633465442 ], [ -118.514339829221285, 34.184302721310651 ], [ -118.514785090759716, 34.184405645681224 ], [ -118.515303415838673, 34.184493693062748 ], [ -118.515817099751459, 34.184558371648251 ], [ -118.516248558713741, 34.184591646189908 ], [ -118.516890239386768, 34.184613707349826 ], [ -118.517849355369279, 34.184613411651164 ], [ -118.518676368201682, 34.184613211813001 ], [ -118.5190076262747, 34.184613011955449 ], [ -118.524321870374052, 34.184610212845904 ], [ -118.524336008288827, 34.184610332691832 ], [ -118.524838805075291, 34.184619132723192 ], [ -118.524869963156917, 34.184620299074972 ], [ -118.525268860615981, 34.184643198999424 ], [ -118.52531804864141, 34.184647588601706 ], [ -118.525761445872305, 34.18470138834045 ], [ -118.525808214948952, 34.184708521520378 ], [ -118.526234012385814, 34.184786921106351 ], [ -118.526273143148444, 34.184795191789938 ], [ -118.52666054092272, 34.184887791288212 ], [ -118.526701247773929, 34.184898737157376 ], [ -118.527036245975012, 34.184999036610158 ], [ -118.527074502286666, 34.18501163959683 ], [ -118.527421500577788, 34.185136638918834 ], [ -118.527452306884101, 34.185148539104141 ], [ -118.527744805570066, 34.185269338456543 ], [ -118.527779289270839, 34.185284670026533 ], [ -118.528157287789284, 34.185465069078703 ], [ -118.5281839081008, 34.185478486990206 ], [ -118.528514206976837, 34.185654086086494 ], [ -118.528532700675669, 34.185664291399334 ], [ -118.529196098570992, 34.186044070538458 ], [ -118.529665247795293, 34.186303310636553 ], [ -118.529668204429882, 34.186304954086125 ], [ -118.533951900603682, 34.188700010097712 ], [ -118.534025843462487, 34.188738950879603 ], [ -118.534274034950414, 34.188868467823021 ], [ -118.534607885667413, 34.189042443432747 ], [ -118.534981322601197, 34.189212270970749 ], [ -118.53525090638486, 34.189319699020928 ], [ -118.535418637225106, 34.189374892840547 ], [ -118.535780543628817, 34.189486974664497 ], [ -118.535798172834575, 34.18949267813634 ], [ -118.535913007931285, 34.189531435937766 ], [ -118.536029710758257, 34.18955762016288 ], [ -118.536343188159279, 34.189618535779786 ], [ -118.536781359581425, 34.189658105541639 ], [ -118.537100885496798, 34.189682590354977 ], [ -118.53745504683063, 34.18969650620415 ], [ -118.538596422399237, 34.189695815783267 ], [ -118.538597148763017, 34.18969581567724 ], [ -118.539221600229368, 34.189696012429167 ], [ -118.539552694621406, 34.189687031119931 ], [ -118.539814500004013, 34.189671839541205 ], [ -118.540042816174832, 34.189650370912965 ], [ -118.54021300526945, 34.189628095803521 ], [ -118.540324329127785, 34.189610827477892 ], [ -118.540520807344322, 34.189576844040381 ], [ -118.540759219412038, 34.189524691458907 ], [ -118.541178405257384, 34.189416276632699 ], [ -118.541537025882917, 34.189306483990329 ], [ -118.542024423016215, 34.189117537761589 ], [ -118.544100402792779, 34.188275715473559 ], [ -118.54556057889495, 34.187683785665534 ], [ -118.545581527712812, 34.187675672545403 ], [ -118.545941226089965, 34.187542773356931 ], [ -118.545986234512668, 34.187527786035147 ], [ -118.546399232406202, 34.187404886823764 ], [ -118.546444286959201, 34.187392994510859 ], [ -118.546937584213964, 34.187278995279897 ], [ -118.546989702716772, 34.187268849074016 ], [ -118.547508099624537, 34.187186449670087 ], [ -118.547560850106194, 34.187179913312285 ], [ -118.548034547153847, 34.187137613658969 ], [ -118.548079040482037, 34.187134918052202 ], [ -118.548544437523489, 34.187120018227503 ], [ -118.548571044901578, 34.187119618685756 ], [ -118.55117112829106, 34.187124719110109 ], [ -118.551207025489461, 34.187125612375191 ], [ -118.551593623022896, 34.187144112326415 ], [ -118.551639832671981, 34.187147700644275 ], [ -118.551983530512658, 34.187184700471903 ], [ -118.552018838502065, 34.1871893236803 ], [ -118.552362036394683, 34.187242323409187 ], [ -118.552403117933991, 34.187249815957493 ], [ -118.552807415549651, 34.187335015501489 ], [ -118.55283858877111, 34.187342274857002 ], [ -118.553200486724975, 34.187434674355458 ], [ -118.55324563214586, 34.187447726360134 ], [ -118.553507230785016, 34.187532425899114 ], [ -118.553536429494571, 34.187542565713201 ], [ -118.554028827110855, 34.187725364724621 ], [ -118.554074902339266, 34.187744317349669 ], [ -118.554407100962536, 34.187894816552927 ], [ -118.554436474739802, 34.187908961831106 ], [ -118.554801473423538, 34.18809546086387 ], [ -118.554848009764768, 34.188121602955015 ], [ -118.555222108803974, 34.18835190181256 ], [ -118.555236377401428, 34.188360941351306 ], [ -118.556030182365149, 34.188878359867729 ], [ -118.556222217213261, 34.18899367305275 ], [ -118.556389535950942, 34.189090134518928 ], [ -118.556589422591699, 34.189191443140409 ], [ -118.556820999667849, 34.189298918758375 ], [ -118.557103114521567, 34.189416713047052 ], [ -118.55738241418581, 34.189514113935275 ], [ -118.557683430846382, 34.189607610179038 ], [ -118.558000468416282, 34.189684308519517 ], [ -118.558351322243112, 34.189753617471055 ], [ -118.558669811503876, 34.189795568340493 ], [ -118.558983841496627, 34.189823627935269 ], [ -118.559291699359846, 34.189839625331032 ], [ -118.559636472897765, 34.189843119382168 ], [ -118.562103274820402, 34.189843119790694 ], [ -118.566629528561066, 34.189828924477844 ], [ -118.566630636133596, 34.189828921766768 ], [ -118.567204232469919, 34.18982792187488 ], [ -118.567210919141971, 34.189827938740045 ], [ -118.568183512926069, 34.189834538871139 ], [ -118.568184709249806, 34.189834547898329 ], [ -118.568449507557347, 34.189836747931501 ], [ -118.568485219226844, 34.189837859741516 ], [ -118.568914816487919, 34.189861059671451 ], [ -118.568951888382585, 34.189863948359104 ], [ -118.56931278610989, 34.189900748191583 ], [ -118.569360410876257, 34.189907100325307 ], [ -118.569682508910986, 34.189960300050352 ], [ -118.569698659497732, 34.189963144920796 ], [ -118.570017057584167, 34.190022744606743 ], [ -118.570059779549737, 34.190032017031889 ], [ -118.570332177996562, 34.190099416667032 ], [ -118.570351734559964, 34.190104535485482 ], [ -118.570626533041008, 34.190180435072755 ], [ -118.57066862411483, 34.190193416284266 ], [ -118.571428620258516, 34.19045291487528 ], [ -118.57143382307035, 34.190454713248755 ], [ -118.575142974713359, 34.191752395795632 ], [ -118.576425338569251, 34.192200882970212 ], [ -118.576439084809508, 34.192205845948074 ], [ -118.577090681659428, 34.192448544636811 ], [ -118.577135357191779, 34.192466922635134 ], [ -118.577649555053071, 34.192699221405441 ], [ -118.577699208638734, 34.192724095034059 ], [ -118.578127907265539, 34.19296109382573 ], [ -118.578170561616943, 34.19298680274882 ], [ -118.578566660761496, 34.193246501484538 ], [ -118.578579048544483, 34.193254829779661 ], [ -118.57918026035297, 34.193669238129523 ], [ -118.57950716667186, 34.193871426164179 ], [ -118.579807522311029, 34.194031127612128 ], [ -118.580308170839913, 34.194254703940217 ], [ -118.580846614362542, 34.194436755580377 ], [ -118.581148717243821, 34.194523826086353 ], [ -118.581560593431163, 34.194612733311772 ], [ -118.581953056457309, 34.194678915557205 ], [ -118.582349136716559, 34.19472171813802 ], [ -118.58269541736874, 34.194738969982289 ], [ -118.586095813422872, 34.194729527522803 ], [ -118.586585778582318, 34.194728326915566 ], [ -118.586586728052396, 34.194728325162501 ], [ -118.599199882224696, 34.194712030584149 ], [ -118.601425314745597, 34.194696152145333 ], [ -118.601681981883956, 34.194693867333115 ], [ -118.60179915159398, 34.194689158828183 ], [ -118.602001635914633, 34.194707529696622 ], [ -118.602187378330441, 34.194776994352118 ], [ -118.602338197331036, 34.194890753215411 ], [ -118.602439329749529, 34.195037670924329 ], [ -118.602480875865794, 34.195203366284211 ], [ -118.602458768526688, 34.19537161994802 ], [ -118.602375171393348, 34.195525962052706 ], [ -118.602238267284136, 34.195651284412513 ], [ -118.602061457279504, 34.195735319453668 ], [ -118.601862048948902, 34.195769841106554 ], [ -118.601732648127737, 34.195775041162676 ] ] ] ] } },
{ "type": "Feature", "properties": { "id": "way/156415041", "@id": "way/156415041", "name": "Los Angeles River", "name:en": null, "name:es": null, "type": null, "waterway": "river", "wikidata": null, "intermittent": "no", "source": null, "source_ref": null, "width": "36", "@relations": [ { "role": "", "rel": 18016446, "reltags": { "name": "Los Angeles River", "name:en": "Los Angeles River", "name:es": "Río de Los Ángeles", "type": "waterway", "waterway": "river", "wikidata": "Q542965" } } ], "layer": null, "tunnel": null, "wikipedia": null, "covered": null, "level": null, "surface": null }, "geometry": { "type": "MultiPolygon", "coordinates": [ [ [ [ -118.601732648127737, 34.195775041162676 ], [ -118.601708175289062, 34.195775641617317 ], [ -118.601438573567961, 34.195778041681351 ], [ -118.601437197368085, 34.195778052722304 ], [ -118.599208783139503, 34.195793953226399 ], [ -118.599204252699437, 34.195793972412446 ], [ -118.586589146842954, 34.195810274202131 ], [ -118.58610005260357, 34.19581147280482 ], [ -118.582679164892539, 34.195820973104198 ], [ -118.58263803695904, 34.195820006428477 ], [ -118.582248634474283, 34.195800606375791 ], [ -118.582203639095127, 34.195797058649774 ], [ -118.581762236321083, 34.195749358428657 ], [ -118.581716716745802, 34.195743068974544 ], [ -118.581284414113227, 34.195670168596884 ], [ -118.581250208910774, 34.195663597828769 ], [ -118.58079620624342, 34.195565597304153 ], [ -118.58074655435378, 34.195553104877931 ], [ -118.580403752484955, 34.19545430434043 ], [ -118.580224120669982, 34.195374506527457 ], [ -118.580082956973172, 34.195252489259104 ], [ -118.57999407947861, 34.195100196585791 ], [ -118.579966187918288, 34.19493253609928 ], [ -118.580002012164258, 34.194765919626654 ], [ -118.580098045142975, 34.194616656706891 ], [ -118.580244886264282, 34.194499358115742 ], [ -118.580428161698222, 34.194425505706597 ], [ -118.580629931384806, 34.194402328543951 ], [ -118.580830445049415, 34.194432095319513 ], [ -118.581148717243821, 34.194523826086353 ], [ -118.581560593431163, 34.194612733311772 ], [ -118.581953056457309, 34.194678915557205 ], [ -118.582349136716559, 34.19472171813802 ], [ -118.58269541736874, 34.194738969982289 ], [ -118.586095813422872, 34.194729527522803 ], [ -118.586585778582318, 34.194728326915566 ], [ -118.586586728052396, 34.194728325162501 ], [ -118.599199882224696, 34.194712030584149 ], [ -118.601425314745597, 34.194696152145333 ], [ -118.601681981883956, 34.194693867333115 ], [ -118.60179915159398, 34.194689158828183 ], [ -118.602001635914633, 34.194707529696622 ], [ -118.602187378330441, 34.194776994352118 ], [ -118.602338197331036, 34.194890753215411 ], [ -118.602439329749529, 34.195037670924329 ], [ -118.602480875865794, 34.195203366284211 ], [ -118.602458768526688, 34.19537161994802 ], [ -118.602375171393348, 34.195525962052706 ], [ -118.602238267284136, 34.195651284412513 ], [ -118.602061457279504, 34.195735319453668 ], [ -118.601862048948902, 34.195769841106554 ], [ -118.601732648127737, 34.195775041162676 ] ] ] ] } },
{ "type": "Feature", "properties": { "id": "way/167701829", "@id": "way/167701829", "name": "Los Angeles River", "name:en": null, "name:es": null, "type": null, "waterway": "river", "wikidata": null, "intermittent": null, "source": "aerial imagery", "source_ref": "AM909_DSCU1398", "width": null, "@relations": [ { "role": "", "rel": 18016446, "reltags": { "name": "Los Angeles River", "name:en": "Los Angeles River", "name:es": "Río de Los Ángeles", "type": "waterway", "waterway": "river", "wikidata": "Q542965" } } ], "layer": null, "tunnel": null, "wikipedia": null, "covered": null, "level": null, "surface": null }, "geometry": { "type": "MultiPolygon", "coordinates": [ [ [ [ -118.279994180121577, 34.155968850740365 ], [ -118.279942009702268, 34.155928367116573 ], [ -118.279596409745338, 34.155629065809229 ], [ -118.279508378226794, 34.155533488573212 ], [ -118.279205979885802, 34.155115987178107 ], [ -118.279155974148651, 34.155030871597944 ], [ -118.278934277006982, 34.154550970448547 ], [ -118.278901645257676, 34.154454392699577 ], [ -118.278801048556957, 34.153997392106099 ], [ -118.278798829151143, 34.153986705739896 ], [ -118.278577937415818, 34.152855604409595 ], [ -118.278577149546777, 34.152686334495201 ], [ -118.278639317562721, 34.15252514681665 ], [ -118.278758355722843, 34.152387819466824 ], [ -118.278922611617901, 34.152287794864435 ], [ -118.279116006836858, 34.152234863969475 ], [ -118.279319610795454, 34.152234207931322 ], [ -118.279513493683922, 34.152285890958119 ], [ -118.279678677196529, 34.152384854035255 ], [ -118.27979899214489, 34.152521410106324 ], [ -118.279862661163179, 34.152682192256648 ], [ -118.280082524063118, 34.153807938509324 ], [ -118.280171044858093, 34.154210052299739 ], [ -118.280350518317903, 34.154598541220139 ], [ -118.280585836963951, 34.154923424431871 ], [ -118.280856237997753, 34.155157598720315 ], [ -118.281230415129997, 34.155417546572188 ], [ -118.281364307908476, 34.155545072143688 ], [ -118.281444245154461, 34.155700752741211 ], [ -118.281462401808483, 34.155869349376843 ], [ -118.281417000213807, 34.156034358671938 ], [ -118.281312484262344, 34.156179628309481 ], [ -118.2811590845224, 34.156290938157468 ], [ -118.2809718168687, 34.15635739228324 ], [ -118.280769012608843, 34.156372485580263 ], [ -118.280570523993745, 34.156334740576774 ], [ -118.280395780804525, 34.156247852074195 ], [ -118.279994180121577, 34.155968850740365 ] ] ] ] } },
{ "type": "Feature", "properties": { "id": "way/561170341", "@id": "way/561170341", "name": "Los Angeles River", "name:en": null, "name:es": "Río Los Ángeles", "type": null, "waterway": "river", "wikidata": null, "intermittent": "no", "source": null, "source_ref": null, "width": "45", "@relations": [ { "role": "", "rel": 18016446, "reltags": { "name": "Los Angeles River", "name:en": "Los Angeles River", "name:es": "Río de Los Ángeles", "type": "waterway", "waterway": "river", "wikidata": "Q542965" } } ], "layer": null, "tunnel": null, "wikipedia": null, "covered": null, "level": "-1", "surface": "paved" }, "geometry": { "type": "MultiPolygon", "coordinates": [ [ [ [ -118.468945335554963, 34.163197184429499 ], [ -118.468797971152483, 34.163130601080617 ], [ -118.468262405830572, 34.162901320090505 ], [ -118.468150412446874, 34.16285936048692 ], [ -118.4664842075547, 34.162344949459701 ], [ -118.466477376601489, 34.162342804137985 ], [ -118.466167072290688, 34.162243692585747 ], [ -118.465204658976376, 34.161967023960266 ], [ -118.465070355537932, 34.16194171320867 ], [ -118.464927056585509, 34.161922361744061 ], [ -118.464714383168342, 34.161900557736914 ], [ -118.464008724061671, 34.161880379612001 ], [ -118.46397124312125, 34.161878406426766 ], [ -118.46375374174302, 34.161861706357712 ], [ -118.463687521432632, 34.161853750574629 ], [ -118.463475520140818, 34.16181895039287 ], [ -118.463401037035851, 34.161802868740153 ], [ -118.463194935890655, 34.161747368436863 ], [ -118.463134454802031, 34.161728271636512 ], [ -118.462959453947221, 34.16166457129065 ], [ -118.462955517323167, 34.161663125441109 ], [ -118.462808716613779, 34.16160872514611 ], [ -118.46275779084128, 34.161587587884554 ], [ -118.462203800679575, 34.161331899854403 ], [ -118.462027770916976, 34.161259901643163 ], [ -118.461929406884835, 34.161232169296113 ], [ -118.461847894435806, 34.161218422950341 ], [ -118.46172155893953, 34.161204393305773 ], [ -118.461586058704285, 34.161202179275037 ], [ -118.46016835936463, 34.161330902051283 ], [ -118.460125838868365, 34.161333594238961 ], [ -118.459934037651209, 34.161340494314025 ], [ -118.45986761953246, 34.161340063502948 ], [ -118.459685918374788, 34.161331163476909 ], [ -118.459585726790152, 34.161319712257843 ], [ -118.459346525349204, 34.161276412028336 ], [ -118.459250042565643, 34.161252312717885 ], [ -118.459058941571456, 34.161190812381882 ], [ -118.458993682007915, 34.161166298187574 ], [ -118.458860181431902, 34.161108597879569 ], [ -118.458783088049103, 34.161069398404436 ], [ -118.458622987601217, 34.160974697929326 ], [ -118.458567191920082, 34.160937701528397 ], [ -118.458442391765189, 34.160845201096926 ], [ -118.45838180766242, 34.160793896908558 ], [ -118.458207707867217, 34.160625396210726 ], [ -118.458164130695479, 34.160578199274063 ], [ -118.45773196787853, 34.160052641228155 ], [ -118.457576735001552, 34.159901918703717 ], [ -118.457436743394524, 34.159783458098943 ], [ -118.457238427489273, 34.159658849058651 ], [ -118.456999053235052, 34.159552653775187 ], [ -118.455464600625348, 34.158971199187249 ], [ -118.455267010381021, 34.158913561851286 ], [ -118.455020906458628, 34.15885331376802 ], [ -118.454755277003272, 34.158811969722386 ], [ -118.45454534945398, 34.158791876347777 ], [ -118.453131988035324, 34.158753027880806 ], [ -118.451557476666224, 34.158712948213179 ], [ -118.451551203868249, 34.158712763322043 ], [ -118.451109301048575, 34.158697963301485 ], [ -118.451061832057079, 34.158694924519203 ], [ -118.450760696390674, 34.158666403133303 ], [ -118.45047087712058, 34.158644349585657 ], [ -118.450411459580039, 34.158637520597225 ], [ -118.448427347418914, 34.158331419012242 ], [ -118.448369391611067, 34.158320176536797 ], [ -118.448049189767019, 34.158245076128402 ], [ -118.448008998802152, 34.158234469632895 ], [ -118.447742897366467, 34.15815626920481 ], [ -118.447693560986849, 34.158139857465649 ], [ -118.447562360355306, 34.158090957200471 ], [ -118.447132791345837, 34.157930656777737 ], [ -118.447058298600737, 34.157897885446069 ], [ -118.446782797613281, 34.157756984714581 ], [ -118.446752194179297, 34.157740329661173 ], [ -118.446515093484848, 34.157603228969194 ], [ -118.446494606769036, 34.15759088462984 ], [ -118.446440906638671, 34.157557184463549 ], [ -118.44643004010625, 34.157550214277549 ], [ -118.445063917317981, 34.156654652504365 ], [ -118.444928334020815, 34.156572698733484 ], [ -118.444709411856081, 34.156469141010817 ], [ -118.444519423572061, 34.156391122385031 ], [ -118.444326684704635, 34.156338191531923 ], [ -118.444123950969697, 34.156304188020563 ], [ -118.443917432147131, 34.156284258048942 ], [ -118.443703975384594, 34.15628002893753 ], [ -118.442759746475829, 34.156344109904879 ], [ -118.442728519279612, 34.156345602060057 ], [ -118.442422317333381, 34.156354102163533 ], [ -118.442337449234458, 34.156351850215671 ], [ -118.442121547868354, 34.156334350140845 ], [ -118.442076473844637, 34.156329369711678 ], [ -118.441855372478798, 34.156298369553902 ], [ -118.44177829297287, 34.156283506830704 ], [ -118.441483491296054, 34.156210706433576 ], [ -118.441431115809692, 34.156195728254659 ], [ -118.440672611889511, 34.155948326902632 ], [ -118.440112765063716, 34.155765424682443 ], [ -118.439993692383965, 34.155736911615037 ], [ -118.439480471969418, 34.155666394868199 ], [ -118.438840086414075, 34.155625332306755 ], [ -118.438382183487732, 34.155598368195292 ], [ -118.437704401009185, 34.155573719988624 ], [ -118.437496614353151, 34.155579789666426 ], [ -118.435517737561412, 34.155791193052266 ], [ -118.435426813687172, 34.155795563945134 ], [ -118.43479970968437, 34.155789164006855 ], [ -118.434717558825838, 34.155783989648299 ], [ -118.433496351194933, 34.155641988955942 ], [ -118.43339357299817, 34.155622883950407 ], [ -118.432705369129422, 34.155445282979329 ], [ -118.432629671289703, 34.155421361653602 ], [ -118.432043368488067, 34.155200460456165 ], [ -118.432017465885465, 34.15519012207303 ], [ -118.431165962139005, 34.154830820148007 ], [ -118.431125413816844, 34.154812171910748 ], [ -118.430653612072817, 34.154576570681542 ], [ -118.430599339288477, 34.154546284873007 ], [ -118.430290538518094, 34.154354583924025 ], [ -118.430238799286514, 34.154318858262542 ], [ -118.427612750088286, 34.152306031475952 ], [ -118.427354448831281, 34.152156673811994 ], [ -118.427092812774404, 34.152028511132137 ], [ -118.426782356430877, 34.151897684742337 ], [ -118.424201441896614, 34.150987770998363 ], [ -118.424179346266328, 34.150979574553929 ], [ -118.423346542375697, 34.150655072799907 ], [ -118.42330890309249, 34.150639148156138 ], [ -118.423068102109582, 34.150528947572347 ], [ -118.422992347879003, 34.150488356237396 ], [ -118.422801147403334, 34.150369555649483 ], [ -118.42272403082039, 34.150313237582658 ], [ -118.421772230804805, 34.149498934005273 ], [ -118.421766327063537, 34.149493816359822 ], [ -118.420942699853754, 34.148770416976596 ], [ -118.420849848692868, 34.148708680373147 ], [ -118.420763032229985, 34.148668139141527 ], [ -118.420641603454015, 34.148628661022862 ], [ -118.420506785792853, 34.14859919050442 ], [ -118.420450498966218, 34.148591694800707 ], [ -118.420308648227277, 34.148585616426509 ], [ -118.419599776659098, 34.148636780814734 ], [ -118.419575984320161, 34.148638133320446 ], [ -118.419388283131156, 34.148645933399557 ], [ -118.41930007846095, 34.14864462072007 ], [ -118.41905797692587, 34.148627320650142 ], [ -118.418936646228104, 34.14860889645103 ], [ -118.418735445070823, 34.148561596193296 ], [ -118.418659168311777, 34.148539325271372 ], [ -118.418502367531559, 34.148484224971092 ], [ -118.418456652836781, 34.14846639212476 ], [ -118.418343452347116, 34.148417691864445 ], [ -118.418293316266599, 34.148393716430199 ], [ -118.418122715684362, 34.148303515965068 ], [ -118.418022844147387, 34.148238535300571 ], [ -118.417443291974394, 34.147779065400933 ], [ -118.417196573288692, 34.147614786669244 ], [ -118.417119575456226, 34.14758434766739 ], [ -118.417010999534412, 34.147552227851847 ], [ -118.41689962165988, 34.147525393635192 ], [ -118.416773057251362, 34.147511201794607 ], [ -118.41664995946411, 34.147507796710322 ], [ -118.416188919312106, 34.147537142351403 ], [ -118.415898565331389, 34.147557832466134 ], [ -118.415817445766578, 34.147559391211765 ], [ -118.415517543853809, 34.147549591198171 ], [ -118.415395017795831, 34.147535813290496 ], [ -118.415173716477128, 34.147492813059749 ], [ -118.415076806912452, 34.147467198623268 ], [ -118.414453962951157, 34.147256739969073 ], [ -118.41436408333216, 34.14723583174144 ], [ -118.414294483893244, 34.147228991727317 ], [ -118.414128310961132, 34.14722848379408 ], [ -118.414035941546359, 34.147234276457134 ], [ -118.414031270782047, 34.147234555318825 ], [ -118.413235765764853, 34.147279655728582 ], [ -118.413218977870514, 34.147280426426853 ], [ -118.412698174566415, 34.147298726625117 ], [ -118.412622685681285, 34.147297734267163 ], [ -118.412240683254154, 34.147274234180379 ], [ -118.412147379341917, 34.14726279601215 ], [ -118.411719776775939, 34.147183695589838 ], [ -118.411662139659072, 34.147170699284437 ], [ -118.411288737581643, 34.147070998738222 ], [ -118.411237678741998, 34.147055379519827 ], [ -118.410704476067465, 34.146870878513205 ], [ -118.410650605026831, 34.146849784012929 ], [ -118.408617996397297, 34.145957179254189 ], [ -118.408575585480193, 34.145936821494736 ], [ -118.408181084111362, 34.145730620428694 ], [ -118.408141027281971, 34.145707909144676 ], [ -118.407620694224519, 34.145388644516281 ], [ -118.407079399166477, 34.145074919659287 ], [ -118.407066097413662, 34.14506700171475 ], [ -118.406472372809532, 34.144704108441623 ], [ -118.405751288468863, 34.144276530971659 ], [ -118.405590695936411, 34.144205082681076 ], [ -118.405467584881293, 34.144159335428881 ], [ -118.405303014675781, 34.144122379321104 ], [ -118.405209296913128, 34.1441123401775 ], [ -118.405028182176878, 34.14411644606971 ], [ -118.404657923732472, 34.14414426200635 ], [ -118.401468225436048, 34.144444801088603 ], [ -118.401351575736228, 34.144465169547644 ], [ -118.40122998440917, 34.144497874952108 ], [ -118.401151062993918, 34.14452216736526 ], [ -118.401018773061395, 34.144582725778641 ], [ -118.400549132532078, 34.144874557339229 ], [ -118.400490083424259, 34.144907236557252 ], [ -118.400188382401623, 34.145055137385697 ], [ -118.400090422356456, 34.145094389221164 ], [ -118.399812220980039, 34.1451828897764 ], [ -118.39970983804136, 34.145207680733272 ], [ -118.399414636296257, 34.145257781086066 ], [ -118.399277422391961, 34.145268679392046 ], [ -118.398956820346513, 34.145265779424676 ], [ -118.398873644066043, 34.145260581698714 ], [ -118.398178992538789, 34.145179685562461 ], [ -118.397907016784131, 34.145177129206466 ], [ -118.397708105003574, 34.145210849288461 ], [ -118.397555590284483, 34.1452627537506 ], [ -118.39738718620859, 34.145357725390006 ], [ -118.397266252938763, 34.145465138346708 ], [ -118.396558207070129, 34.146358328087729 ], [ -118.396530877722057, 34.146390227265215 ], [ -118.396195778726636, 34.146752828632792 ], [ -118.396159510627101, 34.146788737907194 ], [ -118.395993610809853, 34.146939238543602 ], [ -118.395935457486175, 34.146985827220433 ], [ -118.395802657340383, 34.147079727674914 ], [ -118.395794019597304, 34.147085728979704 ], [ -118.395524919230098, 34.147269429883714 ], [ -118.395479731216369, 34.147297637889075 ], [ -118.395121530293054, 34.147501638972827 ], [ -118.395030981800517, 34.147544774134388 ], [ -118.394659280191433, 34.147690275004045 ], [ -118.394544537705769, 34.147724684091976 ], [ -118.394229135917314, 34.147792284548935 ], [ -118.394121689153167, 34.147807476780471 ], [ -118.393833787346011, 34.147827776952759 ], [ -118.393769793232963, 34.147829660222179 ], [ -118.393483091403482, 34.147826360246697 ], [ -118.393367154860954, 34.147816345178541 ], [ -118.393037652853536, 34.147762744896717 ], [ -118.392994293618216, 34.14775440218984 ], [ -118.391629612185682, 34.147450587136312 ], [ -118.391354378496615, 34.14739483868933 ], [ -118.39134267577559, 34.147392372455862 ], [ -118.390860872963742, 34.147286871882343 ], [ -118.390834129168567, 34.14728050446071 ], [ -118.390662828205819, 34.147236404218972 ], [ -118.390631570034884, 34.147227629042554 ], [ -118.390403268821174, 34.147158128661204 ], [ -118.390348965851828, 34.147139240136831 ], [ -118.390187865104281, 34.147075939794583 ], [ -118.390170744550772, 34.147068955724642 ], [ -118.390036043960336, 34.14701195541906 ], [ -118.389974621631893, 34.146982350348182 ], [ -118.389708220765314, 34.146837249604559 ], [ -118.3896590973484, 34.146807684666371 ], [ -118.389430296878999, 34.146655983930415 ], [ -118.389405136218784, 34.146638419724319 ], [ -118.389253636022019, 34.146527119203469 ], [ -118.389199276941099, 34.146482173269462 ], [ -118.388992077104859, 34.146289372455733 ], [ -118.388953456436951, 34.146249837329421 ], [ -118.388817856827373, 34.146096836747716 ], [ -118.388796051664585, 34.146070653190627 ], [ -118.388691652127989, 34.145937052720413 ], [ -118.388672413177744, 34.14591083220526 ], [ -118.388573113792248, 34.145766431738345 ], [ -118.388553317049215, 34.145735338820998 ], [ -118.388482117660971, 34.145614138470634 ], [ -118.388473179760453, 34.145598277711699 ], [ -118.388357195530617, 34.145383473581681 ], [ -118.388354217077207, 34.145381392247984 ], [ -118.388305517027973, 34.1453442920768 ], [ -118.38825545003975, 34.145301705044375 ], [ -118.388231450063699, 34.145278904949144 ], [ -118.388213376746975, 34.145260966775545 ], [ -118.388183876803737, 34.145230366653514 ], [ -118.388069880297522, 34.145051642885242 ], [ -118.387665901136401, 34.143964023825944 ], [ -118.387585915087655, 34.143762276587985 ], [ -118.38749127050049, 34.143562498498682 ], [ -118.387378749461107, 34.14334288927418 ], [ -118.38724377448051, 34.143120190700373 ], [ -118.387018513958608, 34.14283494378315 ], [ -118.38685192606367, 34.142664884305468 ], [ -118.386670392551778, 34.142503282796028 ], [ -118.386460508166337, 34.142340953122286 ], [ -118.386249466284198, 34.142198041210349 ], [ -118.386014104819793, 34.142076821905725 ], [ -118.385763776124548, 34.141959711007374 ], [ -118.385497597728758, 34.141854059112809 ], [ -118.385213955596228, 34.141753950066274 ], [ -118.383992316079627, 34.141352458274056 ], [ -118.383704788722383, 34.14126626418507 ], [ -118.383414604999231, 34.141194193010179 ], [ -118.383135174404359, 34.141135481724547 ], [ -118.382854984104, 34.141094822955971 ], [ -118.382519447594447, 34.141063058887589 ], [ -118.382189851936275, 34.141049143465608 ], [ -118.381860190287767, 34.141057708419105 ], [ -118.381571274043935, 34.141080694452029 ], [ -118.381284421178293, 34.141116298370818 ], [ -118.380997040985818, 34.141169217987695 ], [ -118.380694908734782, 34.141233927431593 ], [ -118.378025003383797, 34.141893799690273 ], [ -118.377730903719979, 34.141970271278488 ], [ -118.377458530690902, 34.142056117613869 ], [ -118.377168807746244, 34.142165932836576 ], [ -118.376885901776092, 34.142301960616855 ], [ -118.376642566818788, 34.142434599914409 ], [ -118.376391387793191, 34.142587694624936 ], [ -118.375556029356872, 34.143115390539933 ], [ -118.375533813586074, 34.143128818777456 ], [ -118.375267212921955, 34.143282919591073 ], [ -118.375250417196696, 34.143292309095834 ], [ -118.374972316394889, 34.143442609909592 ], [ -118.374911220218522, 34.143471843059295 ], [ -118.374602118961135, 34.143601743820632 ], [ -118.374538922996535, 34.143624888249221 ], [ -118.374229721457681, 34.143722188860309 ], [ -118.374189590248704, 34.143733588801467 ], [ -118.373874388540642, 34.143813689325938 ], [ -118.373842485400289, 34.143821064111222 ], [ -118.372193675993785, 34.144164866442438 ], [ -118.372154928293625, 34.144171909445539 ], [ -118.371833126369069, 34.144221909802233 ], [ -118.371777870615006, 34.14422847023144 ], [ -118.37142646842014, 34.14425747046684 ], [ -118.371374195589127, 34.144260023926485 ], [ -118.371041493470955, 34.144265124010282 ], [ -118.371004143984393, 34.144264805000368 ], [ -118.364594403111425, 34.144056804684837 ], [ -118.364585230926593, 34.144056452895299 ], [ -118.364387854457249, 34.144047721817181 ], [ -118.364123704464632, 34.144053902902563 ], [ -118.364079676941657, 34.144053694103619 ], [ -118.353514309573839, 34.143705693540412 ], [ -118.353493543230385, 34.143704732050196 ], [ -118.353149841046516, 34.143684231973921 ], [ -118.35313235210316, 34.143682991477675 ], [ -118.352804050028354, 34.143655991358294 ], [ -118.352780727363253, 34.143653719209837 ], [ -118.352452325309955, 34.143616719028195 ], [ -118.352441991737791, 34.143615484488791 ], [ -118.352160089985986, 34.14357988430914 ], [ -118.352144854708627, 34.143577806255564 ], [ -118.351839152828973, 34.14353300602275 ], [ -118.35180986912664, 34.143528135904845 ], [ -118.351489867209636, 34.143468535584468 ], [ -118.351474145207575, 34.143465436404007 ], [ -118.351151643308697, 34.143398336039468 ], [ -118.351144625074426, 34.143396841232772 ], [ -118.348593661950346, 34.142840882868654 ], [ -118.348267904682018, 34.142781763652714 ], [ -118.34798358961477, 34.142740332644486 ], [ -118.347695494510489, 34.142714753334062 ], [ -118.347399579232956, 34.142703918543063 ], [ -118.34710919475998, 34.142705922450993 ], [ -118.34681011386941, 34.142727825534884 ], [ -118.346529186635436, 34.142762447508552 ], [ -118.346223661557218, 34.14282218136416 ], [ -118.345681986468975, 34.142965467378239 ], [ -118.345199136556218, 34.143164389770895 ], [ -118.344785666931998, 34.143385006702864 ], [ -118.34350157602654, 34.144237738163078 ], [ -118.343492674322789, 34.14424354477805 ], [ -118.343069073548378, 34.144514946151219 ], [ -118.343042308953898, 34.14453120783029 ], [ -118.342685508054402, 34.144736608915906 ], [ -118.342657216619472, 34.144752006986977 ], [ -118.342002814551876, 34.145088308838986 ], [ -118.341984473641261, 34.14509739198828 ], [ -118.340954970007786, 34.145588394758846 ], [ -118.340926754745894, 34.145601093169063 ], [ -118.340642953599797, 34.14572139387176 ], [ -118.340605397984532, 34.145736078170856 ], [ -118.340395697016248, 34.145811378629574 ], [ -118.340344236646956, 34.145827744691715 ], [ -118.339963334645773, 34.145933745372851 ], [ -118.339908507361869, 34.14594681151538 ], [ -118.339580181752837, 34.146012257891535 ], [ -118.338284268407207, 34.14627697312936 ], [ -118.337664588963179, 34.146419961240028 ], [ -118.337412049290037, 34.146483443258177 ], [ -118.337119866221428, 34.146568306716894 ], [ -118.335834314710809, 34.146976266387455 ], [ -118.332859806971584, 34.147961169633568 ], [ -118.332435610409277, 34.14813699584429 ], [ -118.332062313681448, 34.148334490227668 ], [ -118.331660461012589, 34.148592310208564 ], [ -118.331227963971784, 34.148934119645773 ], [ -118.330749159680494, 34.149433486409372 ], [ -118.329929189290709, 34.15045568427287 ], [ -118.329910636651775, 34.150477614796991 ], [ -118.329659637507447, 34.150759215833467 ], [ -118.329652817883314, 34.150766729349073 ], [ -118.328865220233425, 34.151618932566102 ], [ -118.32879373250141, 34.151684420154673 ], [ -118.327736132146569, 34.152506823948713 ], [ -118.327660095008895, 34.15255762761447 ], [ -118.326998093306798, 34.152935729618939 ], [ -118.3269556265126, 34.15295802911416 ], [ -118.326530540853597, 34.153162603274744 ], [ -118.326380032812366, 34.153242534805365 ], [ -118.326322053870911, 34.153269953696338 ], [ -118.326073752854001, 34.15337375430483 ], [ -118.326065875679333, 34.153376992086415 ], [ -118.325746374329825, 34.153506092850108 ], [ -118.325686314566582, 34.153527335548404 ], [ -118.324647409315077, 34.15384463754944 ], [ -118.324561329043021, 34.153865458595867 ], [ -118.313659065131944, 34.155836572235053 ], [ -118.3136582708253, 34.155836715374377 ], [ -118.31034979831108, 34.156431077540134 ], [ -118.304832211688876, 34.157442437827328 ], [ -118.304782417361267, 34.157449889596577 ], [ -118.304033012756477, 34.157537190248306 ], [ -118.303978959974884, 34.15754158456383 ], [ -118.303345155962759, 34.157570984841826 ], [ -118.303306865864073, 34.157571822403142 ], [ -118.30226945924457, 34.157569122539378 ], [ -118.302224767111326, 34.157567728534758 ], [ -118.301601563150328, 34.157530428391873 ], [ -118.301586676808384, 34.157529394481251 ], [ -118.299020960574623, 34.15732649358312 ], [ -118.298997666170692, 34.157324298567247 ], [ -118.298601063687258, 34.157280898353335 ], [ -118.298405831320665, 34.15723282545521 ], [ -118.29823802426445, 34.157136951610816 ], [ -118.298114068782539, 34.157002661756501 ], [ -118.298046098416592, 34.156843101265444 ], [ -118.298040766302748, 34.156673889130808 ], [ -118.298098594021951, 34.156511589031524 ], [ -118.298213920682997, 34.156372087957763 ], [ -118.298375457168717, 34.1562690411101 ], [ -118.298567391246934, 34.156212535285405 ], [ -118.29877093534968, 34.156208101566918 ], [ -118.299155909592756, 34.156250229433603 ], [ -118.30170248658284, 34.156451617490823 ], [ -118.302295915451737, 34.156487135744037 ], [ -118.303291774589823, 34.156489727761539 ], [ -118.303879304176377, 34.156462474205739 ], [ -118.304576712684977, 34.156381230962523 ], [ -118.310070857875075, 34.155374168905063 ], [ -118.310073550419318, 34.155373680270877 ], [ -118.313382933793235, 34.154779155749594 ], [ -118.324240768565843, 34.152816081081639 ], [ -118.32520681713774, 34.152521031618235 ], [ -118.32549297595591, 34.152405403903799 ], [ -118.325707514055125, 34.152315718011863 ], [ -118.325841870518161, 34.152244364542533 ], [ -118.325866178671916, 34.152232068715712 ], [ -118.326281825935411, 34.15203203777056 ], [ -118.326882793999658, 34.151688797070108 ], [ -118.327865697994397, 34.150924484711815 ], [ -118.328617336954338, 34.150111200437145 ], [ -118.328855363986946, 34.149844156890296 ], [ -118.329681718437683, 34.148814016781969 ], [ -118.32971426226112, 34.148776954155331 ], [ -118.33023826360467, 34.148230456270461 ], [ -118.330298769877786, 34.148175570015127 ], [ -118.330788069782059, 34.147788871783732 ], [ -118.330838856903156, 34.147752677753239 ], [ -118.331290556080802, 34.14746287921858 ], [ -118.331338756719973, 34.147434752940946 ], [ -118.331765555436618, 34.14720895417188 ], [ -118.331824571568959, 34.147181211743579 ], [ -118.332303469592631, 34.14698271290991 ], [ -118.332353049509052, 34.146964268370574 ], [ -118.335357134937837, 34.145969574539798 ], [ -118.335365865950521, 34.145966743834123 ], [ -118.336664459509478, 34.145554646413366 ], [ -118.336681904569346, 34.145549346153004 ], [ -118.336995902947407, 34.145458146734136 ], [ -118.337022185390339, 34.145451030114891 ], [ -118.337295083905587, 34.145382430564005 ], [ -118.33730939027852, 34.145378982381018 ], [ -118.337945586732374, 34.145232183356754 ], [ -118.337964353894421, 34.145228102368328 ], [ -118.339271446402265, 34.144961104180638 ], [ -118.33927499652691, 34.144960387759838 ], [ -118.339577336603909, 34.144900121345017 ], [ -118.339905018981909, 34.144808931290051 ], [ -118.340070345733125, 34.144749565113528 ], [ -118.340321352845592, 34.144643165878051 ], [ -118.341327669994726, 34.144163223470684 ], [ -118.341958600837259, 34.143838985193305 ], [ -118.342287863563442, 34.143649438171828 ], [ -118.342693848524362, 34.143389324915326 ], [ -118.343999825981967, 34.142522064702135 ], [ -118.344054476742031, 34.1424894708314 ], [ -118.344526575345398, 34.142237572200642 ], [ -118.344589117976284, 34.142208122841495 ], [ -118.34514861565556, 34.141977624198418 ], [ -118.345240236777286, 34.141946841322437 ], [ -118.345853033498884, 34.141784742374206 ], [ -118.345901362521374, 34.141773643582098 ], [ -118.346257860460881, 34.141703944058953 ], [ -118.346311399006396, 34.141695426781979 ], [ -118.34663839700687, 34.141655127081052 ], [ -118.346676711564029, 34.141651366494237 ], [ -118.347020809406473, 34.141626166704086 ], [ -118.347072501089002, 34.141624098831208 ], [ -118.34740579896507, 34.141621798896608 ], [ -118.347439826616025, 34.141622304104146 ], [ -118.34777302449227, 34.141634504078269 ], [ -118.347813490369361, 34.14163703886522 ], [ -118.348143488288102, 34.141666338731554 ], [ -118.348186725950768, 34.141671402754184 ], [ -118.348505823987963, 34.141717902512653 ], [ -118.348532256092014, 34.141722224950655 ], [ -118.348884353975436, 34.141786124608053 ], [ -118.348910587962408, 34.141791361597505 ], [ -118.351471068923232, 34.142349394912664 ], [ -118.351782215177238, 34.142414132665074 ], [ -118.352079754760808, 34.142469549455583 ], [ -118.352363141266949, 34.142511079468285 ], [ -118.352632246378789, 34.142545063690939 ], [ -118.352943835120655, 34.142580169664548 ], [ -118.353251712903116, 34.142605490147851 ], [ -118.353576282498508, 34.142624849167248 ], [ -118.364109113621069, 34.142971781858279 ], [ -118.364377694041806, 34.142965497130341 ], [ -118.36443057017901, 34.142966047087064 ], [ -118.364649784212091, 34.142975744261349 ], [ -118.371036186817093, 34.143182989616975 ], [ -118.371324006767523, 34.143178577642068 ], [ -118.371621533422598, 34.143154023697555 ], [ -118.371896370555547, 34.143111320640223 ], [ -118.373509852395145, 34.142774885354932 ], [ -118.373788923262012, 34.142703966733976 ], [ -118.374045942591891, 34.142623087228678 ], [ -118.374292681729983, 34.142519394714036 ], [ -118.374532701004497, 34.142389675849891 ], [ -118.374779712047456, 34.142246899053042 ], [ -118.375608573060845, 34.141723310771773 ], [ -118.375617516617226, 34.141717761028076 ], [ -118.375886916036038, 34.141553561876805 ], [ -118.37591486504644, 34.141537443412538 ], [ -118.376187664273075, 34.141388744215149 ], [ -118.376218674832131, 34.141372854425107 ], [ -118.37654457369608, 34.141216155307724 ], [ -118.376600408873088, 34.141192221015444 ], [ -118.37693810737359, 34.141064221786088 ], [ -118.376977372782406, 34.141050609608271 ], [ -118.377287671239529, 34.140952810222331 ], [ -118.377324099616729, 34.140942343759868 ], [ -118.377640997912366, 34.140859944297205 ], [ -118.377649819218405, 34.140857707518535 ], [ -118.380335604541813, 34.140193911888041 ], [ -118.380358700457123, 34.140188586321003 ], [ -118.380683198616978, 34.140119086790286 ], [ -118.380704811785051, 34.140114783638033 ], [ -118.381025209914469, 34.140055784046957 ], [ -118.381069839286894, 34.140048913900571 ], [ -118.381396137293265, 34.140008414201958 ], [ -118.381430227011293, 34.140004944993755 ], [ -118.381757024967854, 34.139978945207062 ], [ -118.381798680498221, 34.1399767493198 ], [ -118.382175878101194, 34.139966949440442 ], [ -118.38222919679356, 34.139967381641874 ], [ -118.382605794394507, 34.13998328160082 ], [ -118.382646404683285, 34.139986058364961 ], [ -118.383021402322456, 34.140021558200772 ], [ -118.383059663560019, 34.140026141174182 ], [ -118.383382861570865, 34.140073040931988 ], [ -118.383430407329655, 34.140081473266356 ], [ -118.383746905468854, 34.140147972905858 ], [ -118.383773722496599, 34.140154117349383 ], [ -118.384094620676365, 34.140233816912961 ], [ -118.384129080619886, 34.140243253230743 ], [ -118.384442978941649, 34.140337352714241 ], [ -118.384461477385955, 34.140343163685735 ], [ -118.385699871017934, 34.140750161457461 ], [ -118.385714934911334, 34.140755294186846 ], [ -118.386019233402209, 34.140862693601058 ], [ -118.386045306794145, 34.140872463641088 ], [ -118.386344105417948, 34.140991063000548 ], [ -118.386382860020362, 34.141007795530243 ], [ -118.386664158899904, 34.141139394835122 ], [ -118.386687731316812, 34.141150972115049 ], [ -118.38697043031604, 34.141296571359725 ], [ -118.387038690736645, 34.141337007040342 ], [ -118.387298890241325, 34.14151320619159 ], [ -118.387331160937407, 34.141536567453365 ], [ -118.387573460722521, 34.141723966593965 ], [ -118.387605811346106, 34.141750809798957 ], [ -118.387818011422453, 34.141939708984502 ], [ -118.387847001665847, 34.141967335892161 ], [ -118.388048602018529, 34.142173135064425 ], [ -118.388088003032053, 34.142217853641235 ], [ -118.388352004167558, 34.142552152456865 ], [ -118.388389162700008, 34.142605627429958 ], [ -118.388550264003555, 34.142871426643921 ], [ -118.388567819276233, 34.14290285699294 ], [ -118.388692020632803, 34.143145256360711 ], [ -118.388698804829929, 34.143159018407601 ], [ -118.388803506125299, 34.143380017865148 ], [ -118.388816070522637, 34.143408919802553 ], [ -118.38890377192719, 34.143630119331419 ], [ -118.388907510165467, 34.143639856225896 ], [ -118.389265787777049, 34.144604398635202 ], [ -118.389312015188494, 34.144638748402656 ], [ -118.389347115189977, 34.144668948270358 ], [ -118.389423429189193, 34.144748346971895 ], [ -118.389450229305126, 34.144782346851557 ], [ -118.389499615448599, 34.144857320294207 ], [ -118.38965610244162, 34.145147128994402 ], [ -118.389713389354597, 34.145244644371907 ], [ -118.389793011381158, 34.145360427977067 ], [ -118.389876905482453, 34.145467785858457 ], [ -118.389982949518966, 34.145587436530484 ], [ -118.390144134380421, 34.14573741861588 ], [ -118.390254546118598, 34.145818532688317 ], [ -118.3904467664332, 34.145945979124555 ], [ -118.390658036378724, 34.146061051247727 ], [ -118.39075255351797, 34.146101047311674 ], [ -118.390878394100014, 34.146150493028131 ], [ -118.391063532286182, 34.146206853514578 ], [ -118.391205778713115, 34.146243473876545 ], [ -118.391668284754985, 34.146344749092421 ], [ -118.391944818033039, 34.146400760811915 ], [ -118.391959112394929, 34.146403799249327 ], [ -118.39330939672513, 34.146704409525164 ], [ -118.393559617744117, 34.146745113230004 ], [ -118.393755754334265, 34.146747370828976 ], [ -118.39395722112431, 34.14673316533608 ], [ -118.394160345739252, 34.14668962948592 ], [ -118.394429260744644, 34.146584364289517 ], [ -118.394720941545501, 34.146418248329603 ], [ -118.394963834419201, 34.146252439065321 ], [ -118.395061528072588, 34.146183362285655 ], [ -118.395181022663934, 34.146074960583647 ], [ -118.395484566676672, 34.145746508422981 ], [ -118.396210100303691, 34.144831272540003 ], [ -118.396278365769675, 34.144759272854209 ], [ -118.396486765955842, 34.144574173646866 ], [ -118.396596546105982, 34.144496164025433 ], [ -118.396881145355906, 34.144335664881226 ], [ -118.39699991279592, 34.144282707354556 ], [ -118.397271711499812, 34.144190207926329 ], [ -118.397388207525481, 34.144160794312114 ], [ -118.397715005593341, 34.144105394702265 ], [ -118.397852356813416, 34.144094522902051 ], [ -118.398235354369874, 34.144098122940115 ], [ -118.398318259508486, 34.144103318638464 ], [ -118.399012768048891, 34.144184198583275 ], [ -118.399222273475814, 34.144186093729807 ], [ -118.399397147098696, 34.144156414996388 ], [ -118.399574421644871, 34.144100021120487 ], [ -118.399798523135885, 34.143990161840442 ], [ -118.400275870457676, 34.143693542907826 ], [ -118.400351576564262, 34.143652970328034 ], [ -118.400565875769558, 34.143554870889446 ], [ -118.400653800207451, 34.143521439195986 ], [ -118.400790899518128, 34.143479239462579 ], [ -118.400816522145519, 34.143471853727249 ], [ -118.400983821256375, 34.143426854019246 ], [ -118.401050369464343, 34.143412138231128 ], [ -118.401230768402385, 34.143380638451902 ], [ -118.401291243210935, 34.143372528495902 ], [ -118.404518723162838, 34.143068430900541 ], [ -118.404533448345134, 34.143067184145046 ], [ -118.404931445851886, 34.143037284395021 ], [ -118.404972266409857, 34.14303529032869 ], [ -118.40521046489512, 34.143029890400562 ], [ -118.405273997397927, 34.143031031135308 ], [ -118.405311497159602, 34.143033231127447 ], [ -118.405348843733336, 34.143036324345942 ], [ -118.405513142703455, 34.143053924261672 ], [ -118.405599658296566, 34.143068203640262 ], [ -118.405856156807033, 34.143125803327024 ], [ -118.405951992912037, 34.143154173198191 ], [ -118.406142791993275, 34.143225072813209 ], [ -118.406184286885079, 34.143241986533006 ], [ -118.40640208597172, 34.143338886017375 ], [ -118.406472908858717, 34.143375429660729 ], [ -118.407231806753501, 34.143825427404238 ], [ -118.407239400210003, 34.143829998959866 ], [ -118.407830307683128, 34.144191168692018 ], [ -118.408372095387975, 34.144505177674972 ], [ -118.408386370142509, 34.144513691315481 ], [ -118.40889424967007, 34.144825313358986 ], [ -118.409247466543945, 34.145009934894553 ], [ -118.41123203738492, 34.145881442388131 ], [ -118.411712582261941, 34.146047722372074 ], [ -118.412031598818587, 34.146132901683522 ], [ -118.412383867432084, 34.146198066504184 ], [ -118.412681004549754, 34.146216345918916 ], [ -118.413155622775477, 34.146199668683529 ], [ -118.413940393949758, 34.146155177046637 ], [ -118.414056058457476, 34.14614792352684 ], [ -118.414107393098746, 34.146146394748577 ], [ -118.414336391638017, 34.146147094780893 ], [ -118.414410383402739, 34.146150831505388 ], [ -118.414567082417079, 34.146166231433781 ], [ -118.414666026951068, 34.146182499746878 ], [ -118.414840125947435, 34.146222999526273 ], [ -118.414909793618577, 34.146242802133209 ], [ -118.415519543327463, 34.14644883636042 ], [ -118.415630708964045, 34.146470436570148 ], [ -118.415827936209197, 34.146476881490017 ], [ -118.416080733658248, 34.146458867622563 ], [ -118.416086631479089, 34.146458469799661 ], [ -118.416586228335561, 34.146426670078689 ], [ -118.416657537808163, 34.146425390718299 ], [ -118.41684913658581, 34.146430690715697 ], [ -118.416914471415993, 34.146435245741642 ], [ -118.417121370121436, 34.146458445629335 ], [ -118.417215510075394, 34.146474969337007 ], [ -118.417391909066623, 34.146517469105113 ], [ -118.417428930222599, 34.146527395002344 ], [ -118.417587129371867, 34.146574194745845 ], [ -118.417648417689392, 34.146595309975595 ], [ -118.417823716878914, 34.146664609601508 ], [ -118.417951058574758, 34.146730921534228 ], [ -118.4182787579105, 34.146949120477352 ], [ -118.418321052124654, 34.146979865295904 ], [ -118.418874842326133, 34.147418908110922 ], [ -118.418967253587638, 34.147467767886909 ], [ -118.419032303135253, 34.14749575295393 ], [ -118.419128524411434, 34.147529565396496 ], [ -118.419231141892666, 34.147553689702477 ], [ -118.419367472817271, 34.147563431660338 ], [ -118.419499105292871, 34.14755796158758 ], [ -118.42024091945261, 34.147504419556483 ], [ -118.420330693620272, 34.147503109356677 ], [ -118.42055239220754, 34.147512609332537 ], [ -118.420621814760651, 34.147518701455787 ], [ -118.420744214002127, 34.147535001373491 ], [ -118.42080676219031, 34.147545974813205 ], [ -118.421008961009406, 34.147590174573558 ], [ -118.421080478582581, 34.147609545104359 ], [ -118.421279177554752, 34.147674144751043 ], [ -118.421360859123666, 34.147706303270041 ], [ -118.421533458433899, 34.147786902844452 ], [ -118.421621209981652, 34.147836086894365 ], [ -118.421790709636298, 34.147948786348223 ], [ -118.421856868591547, 34.147999385161064 ], [ -118.422708537084191, 34.148747407018973 ], [ -118.423621486378849, 34.149528465780648 ], [ -118.423735265832875, 34.14959916120381 ], [ -118.42391798492919, 34.149682780862385 ], [ -118.424720694571135, 34.149995555904724 ], [ -118.427310842283916, 34.150908723516324 ], [ -118.427351003096987, 34.150924242690991 ], [ -118.427699601561841, 34.151071141903813 ], [ -118.427735739625987, 34.151087585850483 ], [ -118.42803623848846, 34.151234785079744 ], [ -118.428077461419875, 34.151256755761452 ], [ -118.428392560497926, 34.151438954841737 ], [ -118.428462099159375, 34.151485349614283 ], [ -118.431096238877544, 34.153504364687933 ], [ -118.431351836478768, 34.153663036771221 ], [ -118.431775708148706, 34.153874702735422 ], [ -118.43259371695558, 34.154219870378995 ], [ -118.433129974048228, 34.154421915679038 ], [ -118.433728969085266, 34.154576495101672 ], [ -118.434856962632992, 34.154707657267295 ], [ -118.435397140575077, 34.154713170264081 ], [ -118.437360651211065, 34.15450340847817 ], [ -118.437420749256404, 34.154499329204839 ], [ -118.437684347581538, 34.154491629296153 ], [ -118.437735641888366, 34.154491812578769 ], [ -118.438447837345748, 34.154517712531707 ], [ -118.438465381415455, 34.154518547931161 ], [ -118.438934078434841, 34.154546147833756 ], [ -118.438938146824611, 34.154546398055828 ], [ -118.439608742564346, 34.154589397894448 ], [ -118.439664817099214, 34.154595037233534 ], [ -118.44024341351988, 34.154674536830512 ], [ -118.440317422317179, 34.15468843245138 ], [ -118.440502421257051, 34.154732732210078 ], [ -118.440560318799584, 34.154749081567324 ], [ -118.44114815059244, 34.154941126556807 ], [ -118.441880677704773, 34.155180055008657 ], [ -118.442110910010925, 34.15523691023099 ], [ -118.442270492895062, 34.155259285048928 ], [ -118.442421405129068, 34.15527151743516 ], [ -118.442669446151399, 34.155264631919941 ], [ -118.443632248175518, 34.155199290584079 ], [ -118.443700705760008, 34.155197650250479 ], [ -118.443978303987919, 34.155203150261265 ], [ -118.444037840033971, 34.155206605488658 ], [ -118.444301038376594, 34.155232005372092 ], [ -118.444354701662576, 34.155239082430803 ], [ -118.444622400035755, 34.155283982195002 ], [ -118.444697826062267, 34.155300600377089 ], [ -118.444970924554696, 34.155375599966682 ], [ -118.445055010815338, 34.155404246993065 ], [ -118.445302909700075, 34.155506046446128 ], [ -118.445336537383099, 34.155520888245711 ], [ -118.445603536329898, 34.155647187580492 ], [ -118.445664399395554, 34.155679833229044 ], [ -118.445839598928828, 34.155785732700863 ], [ -118.445859858829408, 34.155798488866047 ], [ -118.447230566854486, 34.156697051782473 ], [ -118.447268690327277, 34.156720976510556 ], [ -118.447480381978409, 34.156843384211065 ], [ -118.447704330669737, 34.156957918980808 ], [ -118.448094970114781, 34.157103692014651 ], [ -118.448201771394778, 34.157143498275069 ], [ -118.448422910209288, 34.157208485318911 ], [ -118.448694138265651, 34.157272099425811 ], [ -118.450619420135595, 34.157569125455218 ], [ -118.450886520370275, 34.157589450265803 ], [ -118.450900869077259, 34.157590675547901 ], [ -118.45118549983826, 34.157617633840104 ], [ -118.451600460103421, 34.157631531615777 ], [ -118.453172613152532, 34.15767155175066 ], [ -118.453174210444601, 34.157671594032436 ], [ -118.454614901248775, 34.157711194020379 ], [ -118.454667839031671, 34.157714449484239 ], [ -118.454926937399406, 34.157739249371026 ], [ -118.454972265183784, 34.157744938989786 ], [ -118.455292863220293, 34.157794838731213 ], [ -118.455356940028736, 34.157807633836057 ], [ -118.455650638354129, 34.157879533444351 ], [ -118.455682275610371, 34.157888014165309 ], [ -118.4559232743064, 34.15795831378064 ], [ -118.455977729594522, 34.157976530621326 ], [ -118.457557422068604, 34.15857512738063 ], [ -118.457593901219894, 34.158590112302491 ], [ -118.457896399945426, 34.158724311588735 ], [ -118.457982412555594, 34.158770013609441 ], [ -118.458259811883778, 34.158944312749803 ], [ -118.458331645455587, 34.158996766634004 ], [ -118.458520845432531, 34.159156865926896 ], [ -118.458550952514912, 34.159184150008535 ], [ -118.458743652747884, 34.159371249234972 ], [ -118.458786563680789, 34.159417800460133 ], [ -118.459218440007291, 34.159943002696245 ], [ -118.459340951017012, 34.160061572466454 ], [ -118.459406728237823, 34.160110325443931 ], [ -118.459500802596224, 34.160165970809018 ], [ -118.459562297652724, 34.160192549540795 ], [ -118.45967283916417, 34.160228124123364 ], [ -118.45981311321178, 34.16025351655933 ], [ -118.459910984713204, 34.160258310494896 ], [ -118.460048248560369, 34.160253372447258 ], [ -118.461486332575348, 34.160122798905647 ], [ -118.461569790426523, 34.160119704513974 ], [ -118.461783989058858, 34.160123204527416 ], [ -118.46185737461515, 34.160127863825579 ], [ -118.462041973458668, 34.160148363727451 ], [ -118.462085190562888, 34.160154400426421 ], [ -118.462228689691116, 34.160178600299446 ], [ -118.462308327941571, 34.160196464592993 ], [ -118.46248602696852, 34.160246564318982 ], [ -118.462564313921177, 34.16027347623541 ], [ -118.462792912888943, 34.160366975733034 ], [ -118.462821508004936, 34.160379412744525 ], [ -118.463364699546219, 34.160630116314024 ], [ -118.463483514257589, 34.160674145701378 ], [ -118.463626873634681, 34.1607263285089 ], [ -118.463765492386727, 34.160763656710138 ], [ -118.463906813668899, 34.160786854749027 ], [ -118.464072250272082, 34.160799557255508 ], [ -118.464787871094572, 34.160820020334761 ], [ -118.464845162233644, 34.160823768884043 ], [ -118.46509876063962, 34.160849768762745 ], [ -118.465123456492606, 34.160852701115729 ], [ -118.46529895540516, 34.160876400996472 ], [ -118.465338492708426, 34.160882789851975 ], [ -118.465527391576614, 34.160918389662413 ], [ -118.465596205182848, 34.160934711635861 ], [ -118.466602899706288, 34.161224110053148 ], [ -118.466623622388127, 34.161230396009501 ], [ -118.466940812512789, 34.161331706872751 ], [ -118.468624280898865, 34.161851447304933 ], [ -118.468665119654318, 34.161865382844084 ], [ -118.468812718945784, 34.161920682544533 ], [ -118.468843278587144, 34.161932938498559 ], [ -118.469400376162682, 34.16217143722421 ], [ -118.469413199172095, 34.162177078026815 ], [ -118.469593798424114, 34.162258677594053 ], [ -118.469646036096051, 34.162284991772317 ], [ -118.470141834545444, 34.162561990362462 ], [ -118.470290982910356, 34.162677220489925 ], [ -118.470389995820696, 34.162825123238576 ], [ -118.470429181020506, 34.162991220988943 ], [ -118.470404702456136, 34.16315925500124 ], [ -118.470318955903267, 34.163312776909144 ], [ -118.470180334587852, 34.16343675881059 ], [ -118.470002407692036, 34.163519064344811 ], [ -118.469802592122505, 34.163551636740607 ], [ -118.469600447552679, 34.163531287519632 ], [ -118.469415761658254, 34.163460008631866 ], [ -118.468945335554963, 34.163197184429499 ] ] ] ] } },
{ "type": "Feature", "properties": { "id": "way/658946571", "@id": "way/658946571", "name": "Los Angeles River", "name:en": null, "name:es": null, "type": null, "waterway": "river", "wikidata": null, "intermittent": "no", "source": null, "source_ref": null, "width": "43", "@relations": [ { "role": "", "rel": 18016446, "reltags": { "name": "Los Angeles River", "name:en": "Los Angeles River", "name:es": "Río de Los Ángeles", "type": "waterway", "waterway": "river", "wikidata": "Q542965" } } ], "layer": null, "tunnel": null, "wikipedia": null, "covered": null, "level": null, "surface": null }, "geometry": { "type": "MultiPolygon", "coordinates": [ [ [ [ -118.579785227519679, 34.195245983157513 ], [ -118.579722403071003, 34.195221420170292 ], [ -118.579169300744439, 34.194974418860625 ], [ -118.579126602289236, 34.194953573870897 ], [ -118.57878600112771, 34.194772472939526 ], [ -118.578748180801242, 34.194750762492113 ], [ -118.578389079888126, 34.194528661391871 ], [ -118.578362148504667, 34.19451107092712 ], [ -118.577753879976129, 34.19409179607829 ], [ -118.577384735092949, 34.193849768393221 ], [ -118.576977987578985, 34.193624903980883 ], [ -118.576828141072795, 34.193510261082132 ], [ -118.576728262422577, 34.193362751503088 ], [ -118.576688128267435, 34.193196814642363 ], [ -118.576711666886084, 34.193028693623276 ], [ -118.576796573796344, 34.192874845278105 ], [ -118.576934537470677, 34.192750329248028 ], [ -118.577112053021096, 34.192667333881303 ], [ -118.577311744167744, 34.192633983209454 ], [ -118.577514064081839, 34.192653541761331 ], [ -118.577699208638734, 34.192724095034059 ], [ -118.578127907265539, 34.19296109382573 ], [ -118.578170561616943, 34.19298680274882 ], [ -118.578566660761496, 34.193246501484538 ], [ -118.578579048544483, 34.193254829779661 ], [ -118.57918026035297, 34.193669238129523 ], [ -118.57950716667186, 34.193871426164179 ], [ -118.579807522311029, 34.194031127612128 ], [ -118.580308170839913, 34.194254703940217 ], [ -118.580862466684877, 34.194442115316591 ], [ -118.581036803530878, 34.194529644269494 ], [ -118.581170057450024, 34.19465765479579 ], [ -118.581249184579889, 34.194813616482882 ], [ -118.581266439159506, 34.194982262828475 ], [ -118.581220131832637, 34.195147085588644 ], [ -118.581114795150157, 34.195291950706086 ], [ -118.580960740019719, 34.195402677646022 ], [ -118.580773046471236, 34.195468427534479 ], [ -118.58057008750319, 34.195482764199944 ], [ -118.580371730511274, 34.195444284234377 ], [ -118.579785227519679, 34.195245983157513 ] ] ] ] } },
{ "type": "Feature", "properties": { "id": "way/658946572", "@id": "way/658946572", "name": "Los Angeles River", "name:en": null, "name:es": null, "type": null, "waterway": "river", "wikidata": null, "intermittent": null, "source": null, "source_ref": null, "width": "46", "@relations": [ { "role": "", "rel": 18016446, "reltags": { "name": "Los Angeles River", "name:en": "Los Angeles River", "name:es": "Río de Los Ángeles", "type": "waterway", "waterway": "river", "wikidata": "Q542965" } } ], "layer": null, "tunnel": null, "wikipedia": null, "covered": null, "level": null, "surface": null }, "geometry": { "type": "MultiPolygon", "coordinates": [ [ [ [ -118.576535353663402, 34.193427376924866 ], [ -118.575913350988785, 34.193195700785559 ], [ -118.574637852126855, 34.192749614121432 ], [ -118.570928574052317, 34.191451886274642 ], [ -118.570755528921751, 34.191362612303031 ], [ -118.570624152023797, 34.191233271854266 ], [ -118.570547303395301, 34.191076525821906 ], [ -118.570532505262889, 34.190907717711582 ], [ -118.570581205811393, 34.190743371669043 ], [ -118.570688637562753, 34.190599574969504 ], [ -118.570844284175777, 34.190490403306178 ], [ -118.571032909924725, 34.190426543012862 ], [ -118.571236051059643, 34.190414245068133 ], [ -118.57143382307035, 34.190454713248755 ], [ -118.575142974713359, 34.191752395795632 ], [ -118.576425338569251, 34.192200882970212 ], [ -118.576439084809508, 34.192205845948074 ], [ -118.577090681659428, 34.192448544636811 ], [ -118.577135357191779, 34.192466922635134 ], [ -118.577649555053071, 34.192699221405441 ], [ -118.577811081289781, 34.192802330534953 ], [ -118.577926358356905, 34.19294187011549 ], [ -118.577984102012138, 34.19310418118404 ], [ -118.57797865960444, 34.193273375692279 ], [ -118.577910563509334, 34.193432891705093 ], [ -118.577786479155833, 34.19356711459735 ], [ -118.577618552678985, 34.193662905555172 ], [ -118.577423222012072, 34.193710887748828 ], [ -118.577219607781529, 34.193706364256904 ], [ -118.577027641532212, 34.193649777868153 ], [ -118.576535353663402, 34.193427376924866 ] ] ] ] } },
{ "type": "Feature", "properties": { "id": "way/722325961", "@id": "way/722325961", "name": "Los Angeles River", "name:en": null, "name:es": null, "type": null, "waterway": "river", "wikidata": null, "intermittent": null, "source": null, "source_ref": null, "width": null, "@relations": [ { "role": "", "rel": 18016446, "reltags": { "name": "Los Angeles River", "name:en": "Los Angeles River", "name:es": "Río de Los Ángeles", "type": "waterway", "waterway": "river", "wikidata": "Q542965" } } ], "layer": null, "tunnel": null, "wikipedia": null, "covered": null, "level": null, "surface": "unpaved" }, "geometry": { "type": "MultiPolygon", "coordinates": [ [ [ [ -118.29311857968483, 34.156603461963087 ], [ -118.289360144883659, 34.156527973647172 ], [ -118.287295881122461, 34.156540148012539 ], [ -118.282792101221247, 34.156891561831436 ], [ -118.282674989950635, 34.15689189914103 ], [ -118.282102986325285, 34.156850598964304 ], [ -118.282012431891218, 34.156838671439836 ], [ -118.281584029337793, 34.156756170991414 ], [ -118.281456451884353, 34.156719667520527 ], [ -118.280939949466784, 34.156519966434253 ], [ -118.28088386147968, 34.156495451875927 ], [ -118.280482559969798, 34.156298750842311 ], [ -118.28032550015989, 34.156191026234652 ], [ -118.280216170606892, 34.15604822608929 ], [ -118.280165273103918, 34.155884328818317 ], [ -118.280177789539067, 34.155715377908145 ], [ -118.280252494353533, 34.155557911440894 ], [ -118.280382074646511, 34.155427343235573 ], [ -118.280553846116945, 34.155336454072668 ], [ -118.280750994721842, 34.155294140677853 ], [ -118.280954222496192, 34.155304544901384 ], [ -118.281143636452384, 34.155366648315486 ], [ -118.281517609830559, 34.155549953778952 ], [ -118.281943845061036, 34.15571475368904 ], [ -118.28226139628913, 34.155775906763061 ], [ -118.282729036229242, 34.155809671769148 ], [ -118.287202271281217, 34.155460640941811 ], [ -118.287258490157484, 34.155458286035397 ], [ -118.289361076750467, 34.155445886420523 ], [ -118.289381430852458, 34.155446030847237 ], [ -118.293190206543485, 34.155522530923058 ], [ -118.293270207252348, 34.155528255793904 ], [ -118.29878167295594, 34.156209352337306 ], [ -118.29897591268066, 34.156260121913952 ], [ -118.299141774192748, 34.156358305550221 ], [ -118.29926302194059, 34.156494292486165 ], [ -118.299327787253546, 34.156654771518483 ], [ -118.299329730166917, 34.156824033938207 ], [ -118.299268660130593, 34.156985511171627 ], [ -118.299150554800505, 34.157123396623462 ], [ -118.298986975020497, 34.157224192966488 ], [ -118.298793933215464, 34.157278033406904 ], [ -118.298590325946904, 34.157279647570419 ], [ -118.29311857968483, 34.156603461963087 ] ] ] ] } },
{ "type": "Feature", "properties": { "id": "way/759502817", "@id": "way/759502817", "name": "Los Angeles River", "name:en": null, "name:es": "Río Los Ángeles", "type": null, "waterway": "river", "wikidata": null, "intermittent": "no", "source": null, "source_ref": null, "width": "45", "@relations": [ { "role": "", "rel": 18016446, "reltags": { "name": "Los Angeles River", "name:en": "Los Angeles River", "name:es": "Río de Los Ángeles", "type": "waterway", "waterway": "river", "wikidata": "Q542965" } } ], "layer": null, "tunnel": null, "wikipedia": null, "covered": null, "level": null, "surface": "concrete" }, "geometry": { "type": "MultiPolygon", "coordinates": [ [ [ [ -118.570194549321599, 34.19120127734579 ], [ -118.56995079294397, 34.19113395161321 ], [ -118.569709390205233, 34.191074221303822 ], [ -118.569420592529099, 34.19102016246471 ], [ -118.569130258648684, 34.190972209215502 ], [ -118.568811797202144, 34.190939736609707 ], [ -118.568418618067199, 34.190918503542079 ], [ -118.568172288969066, 34.190916457027804 ], [ -118.567203624255981, 34.190909883915836 ], [ -118.566633917817299, 34.190910877222443 ], [ -118.562106942694328, 34.190925076367009 ], [ -118.562104507965216, 34.190925080175347 ], [ -118.559632492173307, 34.190925080612416 ], [ -118.559624562501142, 34.190925040400778 ], [ -118.559259460167382, 34.190921340441932 ], [ -118.559226771444017, 34.190920326142141 ], [ -118.558888069283995, 34.19090272609089 ], [ -118.558859101574797, 34.190900680317704 ], [ -118.558514399395037, 34.190869880184479 ], [ -118.558482083285369, 34.190866310389453 ], [ -118.558122981052662, 34.190819010156041 ], [ -118.558074338264831, 34.190811014135178 ], [ -118.557683535934842, 34.190733813725068 ], [ -118.557652130470274, 34.190726917515036 ], [ -118.557296228430104, 34.19064081704915 ], [ -118.557250272818465, 34.190628140768887 ], [ -118.556914471039889, 34.190523840200804 ], [ -118.556890483640046, 34.190515935934926 ], [ -118.556578782076116, 34.190407235344914 ], [ -118.556538417383948, 34.190391791980012 ], [ -118.556223715981162, 34.190260391277 ], [ -118.55619856944756, 34.190249312901784 ], [ -118.555943668416617, 34.190131012277767 ], [ -118.555922120466676, 34.190120556587537 ], [ -118.555695219639418, 34.190005555990133 ], [ -118.555663116157902, 34.189988187808389 ], [ -118.555474915600058, 34.189879687260635 ], [ -118.555464711607058, 34.189873683049264 ], [ -118.555257211042118, 34.189749082426864 ], [ -118.55523672035757, 34.189736259971056 ], [ -118.554439877965422, 34.189216858936994 ], [ -118.554095575361671, 34.189004902075055 ], [ -118.553768986610905, 34.188838028358553 ], [ -118.553474281420009, 34.188704514880989 ], [ -118.553019818667437, 34.188535798694971 ], [ -118.552795249587049, 34.188463088437672 ], [ -118.552471687156782, 34.188380476760273 ], [ -118.552103475513334, 34.188302881876105 ], [ -118.55179853795002, 34.188255790746382 ], [ -118.551495594507514, 34.188223178331995 ], [ -118.551150108167761, 34.188206645801586 ], [ -118.548581263989647, 34.188201607511438 ], [ -118.548151462526519, 34.188215367897726 ], [ -118.547726487714883, 34.18825331696565 ], [ -118.547260609706697, 34.188327368656772 ], [ -118.546815902798016, 34.188430139069027 ], [ -118.546448008725619, 34.188539616651241 ], [ -118.546121036635554, 34.188660424692358 ], [ -118.544671359476069, 34.189248100399055 ], [ -118.542590291851027, 34.190091988764216 ], [ -118.542580025955189, 34.190096059647232 ], [ -118.542062823704626, 34.190296560856559 ], [ -118.542012657527977, 34.190313928361071 ], [ -118.541612855514828, 34.190436329141619 ], [ -118.541581264277127, 34.190445243754951 ], [ -118.541132361860306, 34.190561344521264 ], [ -118.541104627465756, 34.190567960950375 ], [ -118.540835825948989, 34.190626761351027 ], [ -118.54080276006448, 34.190633232871775 ], [ -118.54058305876876, 34.190671233142162 ], [ -118.540569859466544, 34.19067339812365 ], [ -118.540442858706612, 34.190693098266742 ], [ -118.540424689524542, 34.190695695954339 ], [ -118.540231388347607, 34.190720996144336 ], [ -118.540203299041821, 34.190724153482407 ], [ -118.539946997447814, 34.190748253677221 ], [ -118.539919149613795, 34.190750369925667 ], [ -118.539631347797084, 34.190767070080497 ], [ -118.539607241187852, 34.190768096105714 ], [ -118.539253338935538, 34.190777696227812 ], [ -118.53923185542827, 34.190777984167326 ], [ -118.538597014559087, 34.190777784392033 ], [ -118.53744037035257, 34.190778484376501 ], [ -118.537409153294988, 34.190777880830105 ], [ -118.537024850840638, 34.190762780801734 ], [ -118.536995822519543, 34.190761099159126 ], [ -118.536656520366463, 34.190735099054258 ], [ -118.536645967717291, 34.190734218315669 ], [ -118.536163164665481, 34.190690618125018 ], [ -118.536085264658382, 34.190679573870973 ], [ -118.53572246249044, 34.190609073496383 ], [ -118.535701004152173, 34.190604582687989 ], [ -118.535535203186086, 34.190567382487437 ], [ -118.535459925136962, 34.190546321692302 ], [ -118.535316989188829, 34.190498079622436 ], [ -118.534957751801286, 34.190386824326055 ], [ -118.534945416495077, 34.190382885132514 ], [ -118.534750315487955, 34.190318684782888 ], [ -118.53470850667307, 34.190303497864768 ], [ -118.534402605260937, 34.19018159720892 ], [ -118.534371569560662, 34.190168368361519 ], [ -118.533965867886636, 34.189983867384726 ], [ -118.533932534139637, 34.189967621610123 ], [ -118.533582132911206, 34.18978502066637 ], [ -118.533332289013771, 34.189654641112433 ], [ -118.53333001962325, 34.189653451412987 ], [ -118.533247419338096, 34.189609951188665 ], [ -118.533232505216873, 34.189601857117481 ], [ -118.528942867394406, 34.187203469999197 ], [ -118.52847074690834, 34.186942587040853 ], [ -118.528461897491241, 34.186937609496731 ], [ -118.527803237683841, 34.186560541317363 ], [ -118.527495405321673, 34.186396885688659 ], [ -118.527147871985093, 34.186231025650379 ], [ -118.526888106292418, 34.186123744542662 ], [ -118.526575583322639, 34.186011164171738 ], [ -118.526280086790351, 34.185922691621478 ], [ -118.525932665969862, 34.185839647847047 ], [ -118.525549811390889, 34.18576915518797 ], [ -118.525154444195451, 34.185721183323153 ], [ -118.524795798828919, 34.185700594305708 ], [ -118.52431565993588, 34.185692190987055 ], [ -118.519008534866273, 34.185694988021879 ], [ -118.518677171749587, 34.18569518805657 ], [ -118.517849815808972, 34.1856953883117 ], [ -118.516877138556112, 34.185695688471753 ], [ -118.51684999420003, 34.185695226234046 ], [ -118.516178089908152, 34.185672126203741 ], [ -118.516144848865181, 34.185670274211255 ], [ -118.515678045904224, 34.185634274064505 ], [ -118.515640684733285, 34.185630484540738 ], [ -118.515091881313296, 34.185561384201229 ], [ -118.515059034129834, 34.185556529729205 ], [ -118.514502130744532, 34.185461929234876 ], [ -118.514458054267493, 34.185453102720409 ], [ -118.513979151495661, 34.185342402121343 ], [ -118.513955717149301, 34.185336588845971 ], [ -118.513599715159032, 34.185242188331486 ], [ -118.513568152094251, 34.185233070609584 ], [ -118.5129384487729, 34.185035969533942 ], [ -118.51291961394891, 34.185029794423805 ], [ -118.512459111620515, 34.184871893564527 ], [ -118.51243038946383, 34.184861364514127 ], [ -118.509926277752612, 34.183882759235985 ], [ -118.50989331965836, 34.183868916825801 ], [ -118.508190072459143, 34.183102375885106 ], [ -118.507017099645978, 34.182660923022922 ], [ -118.506158476367759, 34.182431911882745 ], [ -118.50607669775583, 34.182404908239668 ], [ -118.504882092233544, 34.181930405684028 ], [ -118.504821558564373, 34.181902998992904 ], [ -118.504383221772002, 34.181678746742527 ], [ -118.503608788279564, 34.181339991131921 ], [ -118.502271317274591, 34.180855533802671 ], [ -118.50223175474558, 34.180839865748815 ], [ -118.501601549942507, 34.180568281715992 ], [ -118.500553146672985, 34.180145525263256 ], [ -118.499948702703975, 34.179901526723143 ], [ -118.499053372928799, 34.179573745791878 ], [ -118.498090960525232, 34.179259786731627 ], [ -118.498011493273296, 34.179228563551987 ], [ -118.497473738754607, 34.178979046749348 ], [ -118.496885904828986, 34.178721088305714 ], [ -118.495806159107829, 34.178398392338686 ], [ -118.495602827799857, 34.178344650043705 ], [ -118.495419784417535, 34.178268148487469 ], [ -118.495361061271439, 34.17823301180298 ], [ -118.494534737634297, 34.177874750352636 ], [ -118.494448456293156, 34.177829882692194 ], [ -118.493217548252247, 34.177072384722528 ], [ -118.492874118857557, 34.176933762350522 ], [ -118.492604170513815, 34.176870946558509 ], [ -118.492528059950487, 34.176859435605522 ], [ -118.49239432732351, 34.176859986785821 ], [ -118.49228189673029, 34.176860388460796 ], [ -118.492242845531393, 34.176859553664421 ], [ -118.492053044320912, 34.17685075364102 ], [ -118.492026879576187, 34.176849100233071 ], [ -118.491804578167816, 34.176831300158518 ], [ -118.491689908631315, 34.176813386668272 ], [ -118.491556707863595, 34.17678208649847 ], [ -118.491439037342914, 34.176743844553279 ], [ -118.491312536785273, 34.176690444267479 ], [ -118.491174372554212, 34.176612086342921 ], [ -118.491105072467178, 34.17656078610343 ], [ -118.490999336368432, 34.176460509865741 ], [ -118.490977769087507, 34.176434086203997 ], [ -118.490906649232357, 34.176386123490957 ], [ -118.490528926499053, 34.176167003099877 ], [ -118.490408561202102, 34.176103232829512 ], [ -118.489679250817275, 34.175811127340801 ], [ -118.489547252209363, 34.175775486016789 ], [ -118.489511259568644, 34.175771586378069 ], [ -118.48931710318017, 34.175771091502135 ], [ -118.489258690105714, 34.175768759104102 ], [ -118.489062488861904, 34.175753559041446 ], [ -118.489002058811721, 34.175746489401945 ], [ -118.488874058027733, 34.175726389297999 ], [ -118.488745822260157, 34.175694618196722 ], [ -118.488130209352548, 34.175482693782683 ], [ -118.488008647448567, 34.175449482102998 ], [ -118.48747936530161, 34.175343948002471 ], [ -118.487300292083205, 34.17532573151076 ], [ -118.487106707356219, 34.175331273805774 ], [ -118.487031615162181, 34.175329819412561 ], [ -118.486862714088943, 34.175318419369177 ], [ -118.48679187632392, 34.17531036363691 ], [ -118.486631275342475, 34.17528456350292 ], [ -118.486572531093486, 34.175272750998069 ], [ -118.48637742997731, 34.175225450740918 ], [ -118.486261112230437, 34.175186815367795 ], [ -118.486063711372339, 34.175102114915383 ], [ -118.485933069147535, 34.175028097397501 ], [ -118.485796868960435, 34.174928796931276 ], [ -118.485655849975871, 34.174782937876721 ], [ -118.485558250632749, 34.174635537410815 ], [ -118.485519603096392, 34.174565894097725 ], [ -118.485470103748455, 34.174456993837602 ], [ -118.485454512514551, 34.174418347515804 ], [ -118.485413750086408, 34.17430307089036 ], [ -118.484944082020462, 34.174163010491675 ], [ -118.484855321266195, 34.174130135441594 ], [ -118.48334771495955, 34.173455431858322 ], [ -118.483345229339321, 34.173454313643923 ], [ -118.482900032016403, 34.173252989929196 ], [ -118.482649688459816, 34.173170008353573 ], [ -118.482609522951989, 34.173155372531767 ], [ -118.481252528065681, 34.172614882636466 ], [ -118.479171354294209, 34.171834740091498 ], [ -118.47790225878839, 34.171385904881689 ], [ -118.477845875848928, 34.171363241944562 ], [ -118.477273973482824, 34.171104440572222 ], [ -118.477220212042653, 34.171077231500135 ], [ -118.476780910686614, 34.170829930243528 ], [ -118.476705751056414, 34.170780540091187 ], [ -118.476228950573812, 34.17041673841257 ], [ -118.476186651795544, 34.170381341192282 ], [ -118.4757337520862, 34.169965639423793 ], [ -118.475719135807296, 34.169951754861913 ], [ -118.475103036632007, 34.169345952372403 ], [ -118.475069418732389, 34.169309919316632 ], [ -118.4744082161357, 34.168535924962477 ], [ -118.473042811163168, 34.167000469848865 ], [ -118.473039937863248, 34.166997213266342 ], [ -118.471601835487974, 34.165354411891578 ], [ -118.471058039371471, 34.164757082218372 ], [ -118.470686303072185, 34.164386269785055 ], [ -118.470094447853853, 34.16389936469826 ], [ -118.469879054355104, 34.163747220505179 ], [ -118.469390388492201, 34.163445089657934 ], [ -118.469248027851037, 34.16332407097898 ], [ -118.469157623448879, 34.163172406711048 ], [ -118.469128024486707, 34.163004942934116 ], [ -118.469162127971302, 34.162838072221561 ], [ -118.469256595268078, 34.162688129000991 ], [ -118.469402179042774, 34.162569790642102 ], [ -118.46958462853793, 34.162494640778284 ], [ -118.469786084537446, 34.162470035477092 ], [ -118.469986827470393, 34.162498383224722 ], [ -118.470167207567684, 34.162576909186512 ], [ -118.470672806289997, 34.162889507637502 ], [ -118.470705825252523, 34.162911338950828 ], [ -118.470956124849167, 34.163088138111377 ], [ -118.470992504664423, 34.163115877261916 ], [ -118.471624104427292, 34.163635474938175 ], [ -118.471666277524903, 34.163673663431027 ], [ -118.472067778122891, 34.164074161797828 ], [ -118.472086773738567, 34.164094040286777 ], [ -118.472643475160083, 34.16470553792152 ], [ -118.472650753801773, 34.164713690791032 ], [ -118.474091028797204, 34.166358951827533 ], [ -118.475458688697074, 34.167896922130055 ], [ -118.475465975104669, 34.167905281375646 ], [ -118.476114882530524, 34.168664872757446 ], [ -118.476706094353531, 34.169246197396234 ], [ -118.477131377524373, 34.169636547106691 ], [ -118.477550657828843, 34.169956458296028 ], [ -118.477924095956382, 34.170166681484929 ], [ -118.478440786169173, 34.170400497311078 ], [ -118.47968743197184, 34.170841392175248 ], [ -118.47970019365107, 34.170846040151808 ], [ -118.481794583594791, 34.171631135899524 ], [ -118.481808280178385, 34.171636429797125 ], [ -118.483152288108215, 34.17217174638234 ], [ -118.483418207305746, 34.172259890690356 ], [ -118.483488169227854, 34.172287186772593 ], [ -118.4839661259049, 34.172503324279823 ], [ -118.485429575752306, 34.173158265312097 ], [ -118.485987312196826, 34.173324588159332 ], [ -118.486151332445417, 34.173396880511035 ], [ -118.486302432045619, 34.173488580054169 ], [ -118.486488861294376, 34.173664687916705 ], [ -118.486574861873294, 34.173794587506165 ], [ -118.48662908373845, 34.173902849771707 ], [ -118.486696565713473, 34.174093682011318 ], [ -118.486721047061309, 34.174147540150571 ], [ -118.486738582367593, 34.174174022533101 ], [ -118.486802372956916, 34.174201393636459 ], [ -118.486908025272612, 34.174227007951373 ], [ -118.487003770366442, 34.174242389184613 ], [ -118.487099489245807, 34.174248849801103 ], [ -118.487306391506635, 34.174242926221687 ], [ -118.487407876697489, 34.174246612742152 ], [ -118.487674275021462, 34.174273712616632 ], [ -118.487747044232279, 34.17428463223866 ], [ -118.488338340716723, 34.174402531607875 ], [ -118.488389760596164, 34.174414659926981 ], [ -118.48855995965387, 34.174461159673044 ], [ -118.488605778112671, 34.174475282531922 ], [ -118.489181832744151, 34.174673589141612 ], [ -118.489213724730476, 34.174678597179806 ], [ -118.489350366185661, 34.174689183084915 ], [ -118.489556495423329, 34.174689708488302 ], [ -118.489638638756063, 34.174694244809132 ], [ -118.489775237898812, 34.174709044739167 ], [ -118.489892213272469, 34.17473097677852 ], [ -118.490123311988327, 34.174793376437876 ], [ -118.490204771950189, 34.174820543334782 ], [ -118.491008468259395, 34.175142441602027 ], [ -118.491075779037487, 34.175173608261105 ], [ -118.491240178476119, 34.175260707812356 ], [ -118.491262844304785, 34.175273278397839 ], [ -118.491671043113769, 34.175510077203661 ], [ -118.491708626798697, 34.175533603179929 ], [ -118.491872626478923, 34.175644202646296 ], [ -118.492000500216804, 34.175759991281723 ], [ -118.492138657607271, 34.175771053807182 ], [ -118.492295843864255, 34.175778341715436 ], [ -118.492388087790673, 34.175778012281157 ], [ -118.49258197161133, 34.175777213204704 ], [ -118.492701732699857, 34.175785947053456 ], [ -118.4928670316839, 34.175810946925125 ], [ -118.492925991707054, 34.175822239642613 ], [ -118.493281389654214, 34.175904939194297 ], [ -118.493390258889235, 34.175939261014662 ], [ -118.493840656832475, 34.176121060036877 ], [ -118.493943643046535, 34.176172920068048 ], [ -118.495182116091712, 34.176935070830311 ], [ -118.496004555294022, 34.177291646956249 ], [ -118.49608381194723, 34.177332250696701 ], [ -118.496096225148193, 34.177339678049137 ], [ -118.496212268705847, 34.177370349351044 ], [ -118.496235262986659, 34.177376821760944 ], [ -118.497369556895947, 34.177715819908919 ], [ -118.497453227927821, 34.17774649957412 ], [ -118.498088325220422, 34.178025198090204 ], [ -118.498101705455866, 34.178031237020008 ], [ -118.49860764114834, 34.178265989533251 ], [ -118.499541431697963, 34.17857061110788 ], [ -118.499566007486791, 34.178579114102689 ], [ -118.500484603009028, 34.178915412278897 ], [ -118.50050659586438, 34.178923873467227 ], [ -118.501121571608408, 34.179172123107641 ], [ -118.502177645316323, 34.179597971837552 ], [ -118.502193144698097, 34.179604435040481 ], [ -118.502811578334203, 34.179870945911865 ], [ -118.504150873102446, 34.180356063016248 ], [ -118.504193982918309, 34.180373270533181 ], [ -118.50500897943293, 34.180729768634436 ], [ -118.505047039426088, 34.180747801336608 ], [ -118.505474645449141, 34.180966563197615 ], [ -118.506598310792668, 34.181412887380283 ], [ -118.507450516332312, 34.181640186517008 ], [ -118.507520138502471, 34.181662488205689 ], [ -118.50874823261492, 34.1821246857047 ], [ -118.508789684111889, 34.182141786563157 ], [ -118.510497034341256, 34.182910172718749 ], [ -118.512970199265695, 34.183876682589791 ], [ -118.513406823684164, 34.184026395865274 ], [ -118.514011404740273, 34.184215633465442 ], [ -118.514339829221285, 34.184302721310651 ], [ -118.514785090759716, 34.184405645681224 ], [ -118.515303415838673, 34.184493693062748 ], [ -118.515817099751459, 34.184558371648251 ], [ -118.516248558713741, 34.184591646189908 ], [ -118.516890239386768, 34.184613707349826 ], [ -118.517849355369279, 34.184613411651164 ], [ -118.518676368201682, 34.184613211813001 ], [ -118.5190076262747, 34.184613011955449 ], [ -118.524321870374052, 34.184610212845904 ], [ -118.524336008288827, 34.184610332691832 ], [ -118.524838805075291, 34.184619132723192 ], [ -118.524869963156917, 34.184620299074972 ], [ -118.525268860615981, 34.184643198999424 ], [ -118.52531804864141, 34.184647588601706 ], [ -118.525761445872305, 34.18470138834045 ], [ -118.525808214948952, 34.184708521520378 ], [ -118.526234012385814, 34.184786921106351 ], [ -118.526273143148444, 34.184795191789938 ], [ -118.52666054092272, 34.184887791288212 ], [ -118.526701247773929, 34.184898737157376 ], [ -118.527036245975012, 34.184999036610158 ], [ -118.527074502286666, 34.18501163959683 ], [ -118.527421500577788, 34.185136638918834 ], [ -118.527452306884101, 34.185148539104141 ], [ -118.527744805570066, 34.185269338456543 ], [ -118.527779289270839, 34.185284670026533 ], [ -118.528157287789284, 34.185465069078703 ], [ -118.5281839081008, 34.185478486990206 ], [ -118.528514206976837, 34.185654086086494 ], [ -118.528532700675669, 34.185664291399334 ], [ -118.529196098570992, 34.186044070538458 ], [ -118.529665247795293, 34.186303310636553 ], [ -118.529668204429882, 34.186304954086125 ], [ -118.533951900603682, 34.188700010097712 ], [ -118.534025843462487, 34.188738950879603 ], [ -118.534274034950414, 34.188868467823021 ], [ -118.534607885667413, 34.189042443432747 ], [ -118.534981322601197, 34.189212270970749 ], [ -118.53525090638486, 34.189319699020928 ], [ -118.535418637225106, 34.189374892840547 ], [ -118.535780543628817, 34.189486974664497 ], [ -118.535798172834575, 34.18949267813634 ], [ -118.535913007931285, 34.189531435937766 ], [ -118.536029710758257, 34.18955762016288 ], [ -118.536343188159279, 34.189618535779786 ], [ -118.536781359581425, 34.189658105541639 ], [ -118.537100885496798, 34.189682590354977 ], [ -118.53745504683063, 34.18969650620415 ], [ -118.538596422399237, 34.189695815783267 ], [ -118.538597148763017, 34.18969581567724 ], [ -118.539221600229368, 34.189696012429167 ], [ -118.539552694621406, 34.189687031119931 ], [ -118.539814500004013, 34.189671839541205 ], [ -118.540042816174832, 34.189650370912965 ], [ -118.54021300526945, 34.189628095803521 ], [ -118.540324329127785, 34.189610827477892 ], [ -118.540520807344322, 34.189576844040381 ], [ -118.540759219412038, 34.189524691458907 ], [ -118.541178405257384, 34.189416276632699 ], [ -118.541537025882917, 34.189306483990329 ], [ -118.542024423016215, 34.189117537761589 ], [ -118.544100402792779, 34.188275715473559 ], [ -118.54556057889495, 34.187683785665534 ], [ -118.545581527712812, 34.187675672545403 ], [ -118.545941226089965, 34.187542773356931 ], [ -118.545986234512668, 34.187527786035147 ], [ -118.546399232406202, 34.187404886823764 ], [ -118.546444286959201, 34.187392994510859 ], [ -118.546937584213964, 34.187278995279897 ], [ -118.546989702716772, 34.187268849074016 ], [ -118.547508099624537, 34.187186449670087 ], [ -118.547560850106194, 34.187179913312285 ], [ -118.548034547153847, 34.187137613658969 ], [ -118.548079040482037, 34.187134918052202 ], [ -118.548544437523489, 34.187120018227503 ], [ -118.548571044901578, 34.187119618685756 ], [ -118.55117112829106, 34.187124719110109 ], [ -118.551207025489461, 34.187125612375191 ], [ -118.551593623022896, 34.187144112326415 ], [ -118.551639832671981, 34.187147700644275 ], [ -118.551983530512658, 34.187184700471903 ], [ -118.552018838502065, 34.1871893236803 ], [ -118.552362036394683, 34.187242323409187 ], [ -118.552403117933991, 34.187249815957493 ], [ -118.552807415549651, 34.187335015501489 ], [ -118.55283858877111, 34.187342274857002 ], [ -118.553200486724975, 34.187434674355458 ], [ -118.55324563214586, 34.187447726360134 ], [ -118.553507230785016, 34.187532425899114 ], [ -118.553536429494571, 34.187542565713201 ], [ -118.554028827110855, 34.187725364724621 ], [ -118.554074902339266, 34.187744317349669 ], [ -118.554407100962536, 34.187894816552927 ], [ -118.554436474739802, 34.187908961831106 ], [ -118.554801473423538, 34.18809546086387 ], [ -118.554848009764768, 34.188121602955015 ], [ -118.555222108803974, 34.18835190181256 ], [ -118.555236377401428, 34.188360941351306 ], [ -118.556030182365149, 34.188878359867729 ], [ -118.556222217213261, 34.18899367305275 ], [ -118.556389535950942, 34.189090134518928 ], [ -118.556589422591699, 34.189191443140409 ], [ -118.556820999667849, 34.189298918758375 ], [ -118.557103114521567, 34.189416713047052 ], [ -118.55738241418581, 34.189514113935275 ], [ -118.557683430846382, 34.189607610179038 ], [ -118.558000468416282, 34.189684308519517 ], [ -118.558351322243112, 34.189753617471055 ], [ -118.558669811503876, 34.189795568340493 ], [ -118.558983841496627, 34.189823627935269 ], [ -118.559291699359846, 34.189839625331032 ], [ -118.559636472897765, 34.189843119382168 ], [ -118.562103274820402, 34.189843119790694 ], [ -118.566629528561066, 34.189828924477844 ], [ -118.566630636133596, 34.189828921766768 ], [ -118.567204232469919, 34.18982792187488 ], [ -118.567210919141971, 34.189827938740045 ], [ -118.568183512926069, 34.189834538871139 ], [ -118.568184709249806, 34.189834547898329 ], [ -118.568449507557347, 34.189836747931501 ], [ -118.568485219226844, 34.189837859741516 ], [ -118.568914816487919, 34.189861059671451 ], [ -118.568951888382585, 34.189863948359104 ], [ -118.56931278610989, 34.189900748191583 ], [ -118.569360410876257, 34.189907100325307 ], [ -118.569682508910986, 34.189960300050352 ], [ -118.569698659497732, 34.189963144920796 ], [ -118.570017057584167, 34.190022744606743 ], [ -118.570059779549737, 34.190032017031889 ], [ -118.570332177996562, 34.190099416667032 ], [ -118.570351734559964, 34.190104535485482 ], [ -118.570626533041008, 34.190180435072755 ], [ -118.57066862411483, 34.190193416284266 ], [ -118.571428620258516, 34.19045291487528 ], [ -118.571602587560079, 34.190540939931445 ], [ -118.571735307090947, 34.19066932952304 ], [ -118.571813787295824, 34.190825516131746 ], [ -118.571830345737453, 34.190994211237701 ], [ -118.571783361201966, 34.191158901822845 ], [ -118.57167743253126, 34.191303466767167 ], [ -118.571522928583235, 34.191413754918351 ], [ -118.571334973323729, 34.191478970354218 ], [ -118.571131965371166, 34.191492729219974 ], [ -118.570933776916618, 34.191453684667636 ], [ -118.570194549321599, 34.19120127734579 ] ] ] ] } },
{ "type": "Feature", "properties": { "id": "way/787842209", "@id": "way/787842209", "name": "Los Angeles River", "name:en": null, "name:es": null, "type": null, "waterway": "river", "wikidata": null, "intermittent": null, "source": "aerial imagery", "source_ref": "AM909_DSCU1398", "width": null, "@relations": [ { "role": "", "rel": 18016446, "reltags": { "name": "Los Angeles River", "name:en": "Los Angeles River", "name:es": "Río de Los Ángeles", "type": "waterway", "waterway": "river", "wikidata": "Q542965" } } ], "layer": null, "tunnel": null, "wikipedia": null, "covered": null, "level": null, "surface": null }, "geometry": { "type": "MultiPolygon", "coordinates": [ [ [ [ -118.278509078686085, 34.152502726783304 ], [ -118.27823886948137, 34.151275194325244 ], [ -118.278231372093018, 34.151230830034564 ], [ -118.277826129887117, 34.14780985305017 ], [ -118.27682832829079, 34.144277400526292 ], [ -118.276275443464357, 34.142320102900058 ], [ -118.275993722129598, 34.141322517579852 ], [ -118.275261126609877, 34.138786352812623 ], [ -118.274798533712271, 34.137184636380411 ], [ -118.274612799807812, 34.136540802421401 ], [ -118.273627247315062, 34.133124239558697 ], [ -118.272947768666143, 34.130925562631603 ], [ -118.272936924554756, 34.130883646257857 ], [ -118.272701505246701, 34.129758496787268 ], [ -118.272130245702243, 34.127801140235484 ], [ -118.271898873063222, 34.127103281399755 ], [ -118.271666642734118, 34.126459750385521 ], [ -118.270622815781863, 34.124008056506135 ], [ -118.269196035159354, 34.120831042859514 ], [ -118.268014252903697, 34.118304663053834 ], [ -118.267895456213211, 34.118050242897176 ], [ -118.267146176642527, 34.116713193019116 ], [ -118.266506205430417, 34.115793626275781 ], [ -118.266380472247576, 34.115645895293476 ], [ -118.265770009899782, 34.114928316940286 ], [ -118.265478245750188, 34.11458539207068 ], [ -118.264997150145035, 34.114109312153239 ], [ -118.26489218889553, 34.113964288768578 ], [ -118.264846245206598, 34.113799385718963 ], [ -118.264863816044326, 34.113630744936785 ], [ -118.26494318109269, 34.113474874139243 ], [ -118.265076571287707, 34.113347030944517 ], [ -118.26525092940669, 34.113259729388709 ], [ -118.265449188223641, 34.113221515020662 ], [ -118.265651941106483, 34.113236128455966 ], [ -118.265839341550361, 34.113302139247367 ], [ -118.265993045754271, 34.11341308590012 ], [ -118.266491546471244, 34.113906383886665 ], [ -118.26652457485342, 34.113941970112357 ], [ -118.266831975894178, 34.114303268775537 ], [ -118.267442361159951, 34.115020746370796 ], [ -118.267585224290386, 34.115188601862016 ], [ -118.267617275126469, 34.115230158429817 ], [ -118.268286579164567, 34.116191855306681 ], [ -118.268313197430231, 34.116234334395507 ], [ -118.269083704659451, 34.117609230576633 ], [ -118.269100483802973, 34.117641936764819 ], [ -118.269226814863387, 34.117912485045188 ], [ -118.270410159156398, 34.120442127898663 ], [ -118.270413308703596, 34.120448998275656 ], [ -118.271843627906563, 34.12363379082656 ], [ -118.271847444977226, 34.12364251742521 ], [ -118.272898460226983, 34.126111011892796 ], [ -118.272908314251339, 34.126136081008298 ], [ -118.273147218592825, 34.126798079711897 ], [ -118.273151272113466, 34.12680978917566 ], [ -118.273387276892862, 34.127521587876132 ], [ -118.273392326073292, 34.12753779023339 ], [ -118.273971039774239, 34.129520586978174 ], [ -118.273979765653351, 34.129555451846961 ], [ -118.274214450996155, 34.130677013491933 ], [ -118.274888844279218, 34.132859130382251 ], [ -118.274891374840379, 34.132867601060795 ], [ -118.275878198307083, 34.136288394695292 ], [ -118.27606388349669, 34.136932026853756 ], [ -118.276526473400224, 34.138533650872752 ], [ -118.277259488984143, 34.141071139834253 ], [ -118.277260254616181, 34.141073820175933 ], [ -118.277542358076872, 34.142072706223942 ], [ -118.278095268206101, 34.144029990741224 ], [ -118.279102996137496, 34.147597396032637 ], [ -118.279117100994426, 34.147668069291825 ], [ -118.279523983576738, 34.151102455309932 ], [ -118.27979053784216, 34.152313300766515 ], [ -118.279792771251039, 34.152324057756978 ], [ -118.279862673868351, 34.152682257335954 ], [ -118.279863439490512, 34.152851527262669 ], [ -118.279801249975748, 34.153012709206195 ], [ -118.279682192564792, 34.153150025474666 ], [ -118.279517921301931, 34.153250034455866 ], [ -118.279324516303376, 34.153302946428923 ], [ -118.279120909685233, 34.153303581905867 ], [ -118.278927032246216, 34.15325187867235 ], [ -118.278761862363083, 34.153152897881313 ], [ -118.278641568139449, 34.153016328601382 ], [ -118.278577924711584, 34.152855539330147 ], [ -118.278509078686085, 34.152502726783304 ] ] ] ] } },
{ "type": "Feature", "properties": { "id": "way/787842211", "@id": "way/787842211", "name": "Los Angeles River", "name:en": null, "name:es": "Río Los Ángeles", "type": null, "waterway": "river", "wikidata": null, "intermittent": null, "source": "aerial imagery", "source_ref": "AM909_DSCU1398", "width": null, "@relations": [ { "role": "", "rel": 18016446, "reltags": { "name": "Los Angeles River", "name:en": "Los Angeles River", "name:es": "Río de Los Ángeles", "type": "waterway", "waterway": "river", "wikidata": "Q542965" } } ], "layer": null, "tunnel": null, "wikipedia": null, "covered": null, "level": null, "surface": null }, "geometry": { "type": "MultiPolygon", "coordinates": [ [ [ [ -118.252894390341865, 34.108924437907604 ], [ -118.251009689062997, 34.109120936804324 ], [ -118.250956279083454, 34.109124653767111 ], [ -118.250111773732115, 34.10915435407307 ], [ -118.250070676023668, 34.109154718226456 ], [ -118.249175670321534, 34.109139118255349 ], [ -118.249076885990718, 34.109131095629849 ], [ -118.248417781945122, 34.109034895123791 ], [ -118.248335137931804, 34.109018134961318 ], [ -118.247201631610551, 34.108721733323073 ], [ -118.247181381248168, 34.108716132674587 ], [ -118.245977874770929, 34.108364930733707 ], [ -118.24587884615147, 34.108328054942575 ], [ -118.245018442675374, 34.107932952843797 ], [ -118.244957992449329, 34.107901478634034 ], [ -118.244367190787514, 34.107554976889467 ], [ -118.244320331094912, 34.107524742009609 ], [ -118.243889130425018, 34.107219340561699 ], [ -118.243832604433919, 34.107174142278737 ], [ -118.243373504668867, 34.106759940507345 ], [ -118.243327132815125, 34.10671308108499 ], [ -118.242914193707605, 34.106244522519319 ], [ -118.242644355320266, 34.105959274170843 ], [ -118.242598470880608, 34.105904031306672 ], [ -118.242290972561918, 34.105479729891492 ], [ -118.242263407382708, 34.105437571239705 ], [ -118.242032809374621, 34.105044270111115 ], [ -118.242005369546447, 34.104990209578006 ], [ -118.241839771895343, 34.104607208710654 ], [ -118.241814345426761, 34.104531547600516 ], [ -118.241707848536421, 34.104094346985519 ], [ -118.241696573484433, 34.104025757106143 ], [ -118.241654377172495, 34.103538256804242 ], [ -118.241653192414702, 34.103478305118266 ], [ -118.241781907063782, 34.100734401476799 ], [ -118.241781365897396, 34.100251200217137 ], [ -118.241726415469756, 34.099930346497878 ], [ -118.241601100557631, 34.099580027260629 ], [ -118.241298146705773, 34.099058484800658 ], [ -118.239686002517757, 34.096589873793626 ], [ -118.239234162840987, 34.096028612137481 ], [ -118.238897569852824, 34.09571696597709 ], [ -118.238509874572983, 34.095452796397232 ], [ -118.237620297274646, 34.094949250637754 ], [ -118.237143473248622, 34.094762888836684 ], [ -118.236294146896057, 34.094535295161556 ], [ -118.235925768497552, 34.094454673976593 ], [ -118.235330282234131, 34.094379419744662 ], [ -118.233911024516772, 34.094259574499063 ], [ -118.233818419734277, 34.094246071372723 ], [ -118.232919314459807, 34.094058370344143 ], [ -118.232827280384456, 34.094032955219859 ], [ -118.232147376997219, 34.093797053925478 ], [ -118.232060072016694, 34.093760113150665 ], [ -118.231454569832707, 34.093454111554401 ], [ -118.231361088130555, 34.09339677324958 ], [ -118.230827587462613, 34.093003771414388 ], [ -118.230769569681172, 34.092955250574114 ], [ -118.230387170069861, 34.092592149061204 ], [ -118.230346416915452, 34.092549260767179 ], [ -118.229491219759055, 34.091549257060144 ], [ -118.229481681418321, 34.091537793595791 ], [ -118.228742584379503, 34.090624590324346 ], [ -118.228687577294792, 34.090541824860395 ], [ -118.228300681249948, 34.089816322924044 ], [ -118.228272519631759, 34.089753176955227 ], [ -118.228075723180751, 34.089210475892031 ], [ -118.228058913456096, 34.089152880415931 ], [ -118.227570029216608, 34.086960077556562 ], [ -118.227566685268187, 34.086943676142496 ], [ -118.227427090792702, 34.086188775299867 ], [ -118.227423096408202, 34.086163101161866 ], [ -118.226912521774253, 34.082124342814666 ], [ -118.226867526689091, 34.081864084894661 ], [ -118.226763247696582, 34.081497217467778 ], [ -118.226619903536843, 34.08122662385739 ], [ -118.226611973989634, 34.081210995679477 ], [ -118.226171879232894, 34.080304193430877 ], [ -118.226167193185702, 34.080294256637742 ], [ -118.225940677771959, 34.079799631439251 ], [ -118.225768200607675, 34.079457893509151 ], [ -118.225757017127933, 34.079434186975895 ], [ -118.225613819110038, 34.079108286229292 ], [ -118.225591738894735, 34.079047025694933 ], [ -118.225517640701526, 34.078786325278351 ], [ -118.22550182010599, 34.078623456403783 ], [ -118.225520405937644, 34.078405793772468 ], [ -118.225520094678487, 34.078399701077664 ], [ -118.225509415088624, 34.078358037272949 ], [ -118.225462962620867, 34.078219661374973 ], [ -118.225446097087655, 34.078153880944662 ], [ -118.224937437034981, 34.075314724398432 ], [ -118.224117396310163, 34.071370795131216 ], [ -118.224044450010638, 34.071185178290612 ], [ -118.22402249724469, 34.071112713645881 ], [ -118.223921200624687, 34.070643713050778 ], [ -118.223911288962086, 34.070565552832868 ], [ -118.223904990192111, 34.07040405277305 ], [ -118.223905891337566, 34.070353057361473 ], [ -118.223912118684609, 34.070269381630126 ], [ -118.223906285994431, 34.070201133058724 ], [ -118.223832021624631, 34.06968252364026 ], [ -118.223828070634639, 34.069642062826482 ], [ -118.223756481024282, 34.068275262225335 ], [ -118.223756975815846, 34.068220077785597 ], [ -118.223789979392549, 34.06775097787957 ], [ -118.223797078691348, 34.067696885300393 ], [ -118.223859181079121, 34.067374785568674 ], [ -118.223868246983528, 34.06733660131593 ], [ -118.223940048791349, 34.067082601641701 ], [ -118.223948072222214, 34.067057036099172 ], [ -118.224027373794272, 34.066827436463143 ], [ -118.224041106087043, 34.06679225505566 ], [ -118.225617253673022, 34.063179369105818 ], [ -118.226208436089834, 34.061790080119351 ], [ -118.226288441174901, 34.06152872570641 ], [ -118.226326924887871, 34.061248674042474 ], [ -118.226308380667206, 34.060806143983427 ], [ -118.22587411789425, 34.058012930817391 ], [ -118.225873156650067, 34.058006439748816 ], [ -118.225718464821895, 34.056907138766761 ], [ -118.225714436920981, 34.056862823700826 ], [ -118.225704038833086, 34.056611523604587 ], [ -118.225704846041424, 34.056560146588374 ], [ -118.225720447672487, 34.056346046633983 ], [ -118.225723312895681, 34.056318444252113 ], [ -118.225754414633798, 34.056087844375519 ], [ -118.225762336387632, 34.056044810652395 ], [ -118.225809537858353, 34.055843010862247 ], [ -118.225823751571426, 34.055794364251362 ], [ -118.225909553233066, 34.055550464645194 ], [ -118.225916903918915, 34.055530945601781 ], [ -118.225983905013095, 34.055364145909813 ], [ -118.225999538699156, 34.055329265124627 ], [ -118.226072539583654, 34.055182065457814 ], [ -118.226090809745926, 34.055148512155149 ], [ -118.226209910816635, 34.054948212689439 ], [ -118.226235758760168, 34.054908922990094 ], [ -118.226359359506446, 34.054738223526876 ], [ -118.22637900380677, 34.054712735311803 ], [ -118.226557804593412, 34.054494436066499 ], [ -118.226577408999361, 34.054471779780577 ], [ -118.227567440299097, 34.053387728371248 ], [ -118.227809124847525, 34.05311490847231 ], [ -118.227953757927324, 34.052951873266402 ], [ -118.2280507159482, 34.05280990038915 ], [ -118.228143372525253, 34.052659117395201 ], [ -118.228203548855134, 34.052522980617518 ], [ -118.22823525836894, 34.052427131903052 ], [ -118.229244245069637, 34.048512157903993 ], [ -118.229336584996673, 34.048137014292976 ], [ -118.229425212283672, 34.04768362627955 ], [ -118.229410223762557, 34.047496580650048 ], [ -118.229363896882305, 34.047304926788406 ], [ -118.229362355336903, 34.047298338337299 ], [ -118.227813504348092, 34.040452029308135 ], [ -118.227642670488876, 34.039696723188953 ], [ -118.227571648073351, 34.039392829076654 ], [ -118.227571077499007, 34.03939035700261 ], [ -118.227497911562438, 34.039069328038735 ], [ -118.22735514634185, 34.038795850257898 ], [ -118.227302230726252, 34.038609279748457 ], [ -118.227286132612264, 34.038360279623042 ], [ -118.227285833938311, 34.038307185169344 ], [ -118.227295475722173, 34.038126535588063 ], [ -118.227119437958009, 34.037454833544729 ], [ -118.227115969015003, 34.037440694209749 ], [ -118.226402191321171, 34.034319490057527 ], [ -118.225748272833584, 34.031454815730008 ], [ -118.225748121009062, 34.031454148311312 ], [ -118.223412994676977, 34.021152234713441 ], [ -118.223412569420532, 34.021150339836026 ], [ -118.222113938839144, 34.015305763354299 ], [ -118.221432879122219, 34.013713190099288 ], [ -118.22050982768549, 34.012216531992713 ], [ -118.219414566023801, 34.011046993518626 ], [ -118.218348917335717, 34.010186321305923 ], [ -118.215893285199897, 34.008537033983238 ], [ -118.214366223071238, 34.007964711677872 ], [ -118.213588388394214, 34.007754491053028 ], [ -118.212780710352078, 34.007622714502887 ], [ -118.21177274193802, 34.007569145140991 ], [ -118.205119167906759, 34.007631318083341 ], [ -118.205079613287822, 34.007630683393614 ], [ -118.203863505581793, 34.007580283244664 ], [ -118.203711306365648, 34.007558677317796 ], [ -118.202491399482511, 34.007257775658488 ], [ -118.202399432265182, 34.007228617188247 ], [ -118.201421227754807, 34.006845515113191 ], [ -118.201322057977279, 34.006797340030175 ], [ -118.197616275092116, 34.004610081323982 ], [ -118.19594432622732, 34.003626544507476 ], [ -118.18206530230141, 33.995462143167821 ], [ -118.181827964231786, 33.995377283404679 ], [ -118.181719404898004, 33.995327781269658 ], [ -118.181590804510719, 33.995255080901153 ], [ -118.181491101169897, 33.99518562616678 ], [ -118.181306946533766, 33.99502872289488 ], [ -118.180356611205241, 33.994470450402297 ], [ -118.180348244898468, 33.994465452403908 ], [ -118.175956033533069, 33.991797239144248 ], [ -118.175891913453711, 33.991752758774567 ], [ -118.174168012269504, 33.990391452613416 ], [ -118.174115294808118, 33.990344567709904 ], [ -118.17252239731036, 33.988747561266997 ], [ -118.172482928350036, 33.988703636261185 ], [ -118.171356132885123, 33.987307231288462 ], [ -118.171319472192067, 33.987255885542751 ], [ -118.170585577725134, 33.986085382033806 ], [ -118.170566682236711, 33.98605260571955 ], [ -118.169843589727506, 33.984682102109844 ], [ -118.169819049483834, 33.984627875891753 ], [ -118.169255758971318, 33.983147372892205 ], [ -118.169244872881876, 33.983115377640011 ], [ -118.168874281291266, 33.981882975588768 ], [ -118.168866937958725, 33.9818555526887 ], [ -118.168646144627573, 33.980916951418784 ], [ -118.168639266135187, 33.980881519849461 ], [ -118.168518800133512, 33.980096585262345 ], [ -118.168454813455426, 33.979942716887678 ], [ -118.168419142713176, 33.979775687850953 ], [ -118.168416443629241, 33.979655087817626 ], [ -118.168426980305895, 33.979547422260737 ], [ -118.168451577096818, 33.979435665935831 ], [ -118.168456265223782, 33.979382840810906 ], [ -118.168440482162055, 33.97820373476695 ], [ -118.168440760225465, 33.978180760512238 ], [ -118.168475467246736, 33.977257760545648 ], [ -118.168477981318958, 33.977224224167912 ], [ -118.16858778868216, 33.976247924583241 ], [ -118.16858903647551, 33.976237846996398 ], [ -118.168966157410594, 33.973448148510286 ], [ -118.168966352366724, 33.973446723297791 ], [ -118.169351073208418, 33.970666924852026 ], [ -118.169351617010136, 33.970663114299029 ], [ -118.17016405834292, 33.965137017632948 ], [ -118.170164323399888, 33.965135239065397 ], [ -118.170978906402979, 33.959742021721965 ], [ -118.172345818162853, 33.9505861067083 ], [ -118.172346191743898, 33.950583650028278 ], [ -118.173270636257683, 33.944613653864778 ], [ -118.173532848822177, 33.942920155342527 ], [ -118.173731117870901, 33.941639630762047 ], [ -118.173880751241143, 33.940464024051515 ], [ -118.173931854286295, 33.940062524003189 ], [ -118.173932990458781, 33.940054210694441 ], [ -118.173935590591739, 33.940036410705076 ], [ -118.173935721967482, 33.940035517524663 ], [ -118.174539752421211, 33.935956820002779 ], [ -118.174540204425895, 33.935953835964419 ], [ -118.174820717923808, 33.934142437127626 ], [ -118.175054541152534, 33.932633061918139 ], [ -118.175272140607831, 33.930863434791405 ], [ -118.175341135875058, 33.93023823918525 ], [ -118.175448443077158, 33.929265840654303 ], [ -118.176291599712414, 33.921624551728144 ], [ -118.176393105780207, 33.920704259877972 ], [ -118.176393265703126, 33.920702830736133 ], [ -118.177197218959904, 33.913619433772041 ], [ -118.177199906561313, 33.913599643720701 ], [ -118.177282810458124, 33.913075644065756 ], [ -118.177307880979825, 33.912982102016407 ], [ -118.177355281799151, 33.91285810223409 ], [ -118.177427660334942, 33.912729877741775 ], [ -118.177488055114964, 33.912651526855797 ], [ -118.177827173435986, 33.911411809975711 ], [ -118.177806333872724, 33.911309933406756 ], [ -118.177804634545154, 33.911221133383613 ], [ -118.17782372989106, 33.911081936573083 ], [ -118.178005834162477, 33.910471337402129 ], [ -118.178008220802468, 33.910463580480915 ], [ -118.178968441738917, 33.907435884867219 ], [ -118.178978532047111, 33.90740728121277 ], [ -118.179333038035878, 33.906495882840346 ], [ -118.179354440754267, 33.906448528989721 ], [ -118.179663544231403, 33.905850930392859 ], [ -118.179684203963177, 33.905814737225114 ], [ -118.180168407879123, 33.905041639375405 ], [ -118.18021802950247, 33.904974758037966 ], [ -118.180989832299019, 33.904086061231624 ], [ -118.181019030992502, 33.904054903338512 ], [ -118.181286531505549, 33.903790004392469 ], [ -118.181348048898187, 33.903736905272886 ], [ -118.181409548858198, 33.903690605488229 ], [ -118.181570664084148, 33.903601636208997 ], [ -118.181672049499426, 33.903562302482776 ], [ -118.182050742495164, 33.903209683446647 ], [ -118.182086908127445, 33.90313753764206 ], [ -118.182200757655266, 33.9029866040798 ], [ -118.182456558000652, 33.902746805067089 ], [ -118.182468222757208, 33.902736159077072 ], [ -118.183561159183256, 33.901764972345461 ], [ -118.183955205853607, 33.901367451531833 ], [ -118.18434081727591, 33.900872816825228 ], [ -118.184658830818364, 33.900398061642271 ], [ -118.184986808875379, 33.899765065180617 ], [ -118.185174370263738, 33.89926687620347 ], [ -118.18534859002402, 33.898585190978963 ], [ -118.188125356960484, 33.880873960617684 ], [ -118.188129134276494, 33.880853050517317 ], [ -118.188308740690957, 33.879975551300319 ], [ -118.188311048172551, 33.879964918735247 ], [ -118.18949538552576, 33.874802023981694 ], [ -118.189517659067718, 33.874731249957136 ], [ -118.189647527569548, 33.874409104215829 ], [ -118.189691408061961, 33.87418226326718 ], [ -118.189693375008858, 33.874033725722299 ], [ -118.189703878439857, 33.873942546716655 ], [ -118.18979318140525, 33.873534447109677 ], [ -118.189800139248021, 33.873506767209875 ], [ -118.189956543120886, 33.872956567917889 ], [ -118.189968590360436, 33.872919959912416 ], [ -118.190194094351469, 33.872318260945718 ], [ -118.190210137208354, 33.872280439371814 ], [ -118.190460540411621, 33.871753140513405 ], [ -118.190471858920432, 33.871730783717595 ], [ -118.190819462582866, 33.871084985287631 ], [ -118.190836398020593, 33.871055882518263 ], [ -118.200894249076867, 33.855008081289803 ], [ -118.201675774886837, 33.85344129619196 ], [ -118.201989458513779, 33.852378231242689 ], [ -118.202198567859611, 33.851228321938024 ], [ -118.202316202748321, 33.850079557945051 ], [ -118.202659022166387, 33.845097190112241 ], [ -118.202659221340028, 33.845094419500327 ], [ -118.202939949559322, 33.841349920341038 ], [ -118.203071272720734, 33.839605087407186 ], [ -118.203073089086388, 33.839586230184509 ], [ -118.203751232302494, 33.833811532747994 ], [ -118.203751914132411, 33.833806017590383 ], [ -118.204600535944678, 33.827269502421572 ], [ -118.204829661766453, 33.82474646169986 ], [ -118.204821138892157, 33.821152372263143 ], [ -118.204821138114852, 33.821150635330504 ], [ -118.204846967882162, 33.803680119257223 ], [ -118.204786971482463, 33.790792903485823 ], [ -118.204786969924797, 33.790789066729339 ], [ -118.204840770471847, 33.776787255720542 ], [ -118.204819255549907, 33.765268966812833 ], [ -118.204690487166886, 33.76471075261086 ], [ -118.204475454708387, 33.764219218246573 ], [ -118.203948021693606, 33.763533576471708 ], [ -118.203206682323156, 33.762808948111136 ], [ -118.201910351778864, 33.761799707118442 ], [ -118.200223596111712, 33.760773655064661 ], [ -118.199199225673979, 33.760335883450779 ], [ -118.186903311336096, 33.755078729156409 ], [ -118.18673958053887, 33.754978961946193 ], [ -118.186620772554178, 33.754841815332185 ], [ -118.186558517032424, 33.754680714322731 ], [ -118.186558907693339, 33.754511428699431 ], [ -118.186621905938992, 33.754350529325713 ], [ -118.186741344768407, 33.75421376607261 ], [ -118.186905532558868, 33.754114526142409 ], [ -118.187098397568448, 33.754062523688681 ], [ -118.187301061110688, 33.754062848981619 ], [ -118.187493685423391, 33.754115470172131 ], [ -118.199789401965532, 33.759372529075527 ], [ -118.200858966508321, 33.759829613452915 ], [ -118.200945272555998, 33.759873928787457 ], [ -118.202704768017043, 33.760944223515871 ], [ -118.202765108760559, 33.760985808234778 ], [ -118.204117007641415, 33.762038303479599 ], [ -118.204167807911915, 33.762082605933045 ], [ -118.20496170891083, 33.762858602781414 ], [ -118.205014226212043, 33.76291762770294 ], [ -118.205604328900165, 33.763684725069545 ], [ -118.205667784501543, 33.763791507207806 ], [ -118.205925288027061, 33.764380105876221 ], [ -118.205952935656498, 33.764463433644778 ], [ -118.206103140241126, 33.765114532779307 ], [ -118.206114839886453, 33.765216051871455 ], [ -118.206136626993825, 33.776786849847269 ], [ -118.206136624484145, 33.776789431900589 ], [ -118.206083037332846, 33.79079061148559 ], [ -118.206143225519185, 33.803677290670045 ], [ -118.206143229966685, 33.80368006401298 ], [ -118.206117663056503, 33.82115109279416 ], [ -118.206126288269274, 33.824765323687203 ], [ -118.20612443614543, 33.82480728605303 ], [ -118.205892655327631, 33.82735998683404 ], [ -118.205890737800345, 33.827377375698539 ], [ -118.205041444442784, 33.833919822895503 ], [ -118.2043648172057, 33.839682351050385 ], [ -118.204234245847204, 33.84141754291592 ], [ -118.203953682887843, 33.845160591996681 ], [ -118.203610515833219, 33.850149107437716 ], [ -118.203609228178152, 33.850164154876389 ], [ -118.203489036993901, 33.851338055306719 ], [ -118.203484053950433, 33.851373158155397 ], [ -118.203267362722229, 33.85256485907783 ], [ -118.203255899436414, 33.852613037214653 ], [ -118.202923307315359, 33.853740238721656 ], [ -118.202892333251512, 33.85381878218098 ], [ -118.2020808428869, 33.855445685865512 ], [ -118.202056824097284, 33.85548847007702 ], [ -118.191994994586494, 33.871542974505097 ], [ -118.191661303811216, 33.872162940809204 ], [ -118.191425127803171, 33.872660294974914 ], [ -118.19121360554162, 33.873224709229476 ], [ -118.191066375009882, 33.873742665396065 ], [ -118.190990017043703, 33.874091632491989 ], [ -118.190988126405898, 33.874234570843143 ], [ -118.190979884588344, 33.874314782904726 ], [ -118.190919786868463, 33.874625483164181 ], [ -118.190894240958372, 33.874711746243285 ], [ -118.190761354890853, 33.875041389345157 ], [ -118.1895865705538, 33.880162971251117 ], [ -118.189410200487245, 33.881024721851951 ], [ -118.186631975770808, 33.89874694751277 ], [ -118.18662320228529, 33.898789571199202 ], [ -118.186437207492631, 33.899517372034289 ], [ -118.186421669285082, 33.899566658199333 ], [ -118.186214872928701, 33.900115959148025 ], [ -118.186191447280819, 33.90016849127084 ], [ -118.185837051256016, 33.900852492878705 ], [ -118.185807891844235, 33.900901742444866 ], [ -118.185463194284083, 33.90141634395868 ], [ -118.185440730128576, 33.901447389197287 ], [ -118.185023032207738, 33.901983190975272 ], [ -118.18497914564459, 33.902033007530214 ], [ -118.184548446556207, 33.902467509238313 ], [ -118.184521480417303, 33.902493034814533 ], [ -118.183420498771241, 33.903471380768131 ], [ -118.183242490379186, 33.903638256016229 ], [ -118.183205895642672, 33.903711259734891 ], [ -118.183090603207035, 33.903863543120927 ], [ -118.182564803881391, 33.904353145145016 ], [ -118.182436952521229, 33.904444810971569 ], [ -118.182386052376629, 33.904472611119793 ], [ -118.182304239930161, 33.904510562651481 ], [ -118.182224060404195, 33.904541669474938 ], [ -118.182027055487268, 33.904736760607825 ], [ -118.181296907388187, 33.905577506200729 ], [ -118.180845733502196, 33.906297882583786 ], [ -118.180558192622456, 33.906853808745694 ], [ -118.180218588019699, 33.907726929705731 ], [ -118.179264208825828, 33.910736345167763 ], [ -118.179110642753713, 33.911251281275064 ], [ -118.179132776719428, 33.91135158076478 ], [ -118.17913527709365, 33.911401180743823 ], [ -118.179123923514553, 33.91152715429866 ], [ -118.179109023976821, 33.911591054364962 ], [ -118.179104705665367, 33.911608103979511 ], [ -118.178739515135717, 33.912943205631485 ], [ -118.178710882716047, 33.913020610999297 ], [ -118.17867858313528, 33.91308921114689 ], [ -118.178620442835751, 33.913184019313931 ], [ -118.178565889932031, 33.913254792764604 ], [ -118.178562044401701, 33.913264852990643 ], [ -118.178488256528354, 33.913731278479197 ], [ -118.177685616051619, 33.920804051373004 ], [ -118.177584201790339, 33.92172363709242 ], [ -118.176741157586193, 33.929364955781217 ], [ -118.176633864845996, 33.930337356727833 ], [ -118.176564569427043, 33.930965358315014 ], [ -118.176563915751814, 33.930970962451461 ], [ -118.176345129114907, 33.932750463301751 ], [ -118.176343167680741, 33.932764584585144 ], [ -118.176108280998676, 33.934280972523474 ], [ -118.175828027471482, 33.93609086914816 ], [ -118.175224345056975, 33.940167632535967 ], [ -118.175222417012009, 33.94018083291212 ], [ -118.175171849487015, 33.94057817279338 ], [ -118.175021458388343, 33.941759873135467 ], [ -118.175019742233957, 33.941772042346635 ], [ -118.174820551968494, 33.943058642244779 ], [ -118.174558364744897, 33.944752142354339 ], [ -118.173634199343979, 33.950720918594797 ], [ -118.172267551144941, 33.959875995521813 ], [ -118.172267437230587, 33.95987675417549 ], [ -118.171453011801361, 33.965269468436858 ], [ -118.170641063863826, 33.970792777826944 ], [ -118.170256747069743, 33.973569960799516 ], [ -118.16988044478633, 33.976353915665968 ], [ -118.169773101419253, 33.977308436748174 ], [ -118.169739471607727, 33.978203151388627 ], [ -118.169755426779403, 33.979393761530851 ], [ -118.169753700015221, 33.979439688833729 ], [ -118.169744400808852, 33.979544488865415 ], [ -118.169735520032361, 33.979602174252854 ], [ -118.169719033130448, 33.9796770882256 ], [ -118.169768185198919, 33.979795279648791 ], [ -118.169798726531141, 33.979903777595212 ], [ -118.169924998957299, 33.98072646596335 ], [ -118.170138416034249, 33.981633653181639 ], [ -118.170500072273541, 33.982836282184707 ], [ -118.171046823150235, 33.984273259857503 ], [ -118.171747128148937, 33.985600538800867 ], [ -118.172454297863609, 33.98672839484086 ], [ -118.173542671732093, 33.988077164538964 ], [ -118.175089815950514, 33.98962828238222 ], [ -118.176755341011557, 33.990943480850206 ], [ -118.18110959185762, 33.993588619869961 ], [ -118.182104282162882, 33.99417294556514 ], [ -118.182194394715665, 33.99423687298534 ], [ -118.18237443539158, 33.994390269951012 ], [ -118.182397555758868, 33.994403340302341 ], [ -118.182640531389907, 33.994490215499049 ], [ -118.182759080780386, 33.994545479086355 ], [ -118.196693841991319, 34.00274263797391 ], [ -118.19836629320865, 34.003726465905267 ], [ -118.19836714841955, 34.003726969836883 ], [ -118.202026319231578, 34.005886708508122 ], [ -118.202907711110115, 34.006231894480656 ], [ -118.204005745116589, 34.006502735246784 ], [ -118.205124420958455, 34.006549097495679 ], [ -118.211782489962715, 34.006486883176109 ], [ -118.211831178007955, 34.006487947440085 ], [ -118.212905571211166, 34.006545047230802 ], [ -118.21298910451938, 34.00655404278654 ], [ -118.213876599149842, 34.006698842012987 ], [ -118.213952238994921, 34.006715170630606 ], [ -118.214801034325745, 34.006944569365018 ], [ -118.214867121482186, 34.006965811496208 ], [ -118.21650271371351, 34.007578808162627 ], [ -118.216643951831657, 34.007651050092463 ], [ -118.219187746908801, 34.009359541865798 ], [ -118.219232210705016, 34.00939230631176 ], [ -118.220351510142279, 34.010296302257075 ], [ -118.220411517306601, 34.010351969987099 ], [ -118.221572119918321, 34.011591265153285 ], [ -118.22163773727469, 34.011676814918346 ], [ -118.222608444839963, 34.013250710245693 ], [ -118.222642563803504, 34.013316386893706 ], [ -118.223355474027926, 34.014983383164065 ], [ -118.223382286823991, 34.015066464514298 ], [ -118.224690218387465, 34.020952509122708 ], [ -118.227025201720082, 34.031253114654561 ], [ -118.227679026559414, 34.034117191918853 ], [ -118.228391208057758, 34.037231213598311 ], [ -118.228583465417273, 34.037964762106206 ], [ -118.228597764404668, 34.038104111365151 ], [ -118.228585783143345, 34.038328658052578 ], [ -118.228593879920211, 34.038453866895729 ], [ -118.228718952379765, 34.038693446048207 ], [ -118.228761418167437, 34.038808240216717 ], [ -118.228847839036675, 34.039187403125609 ], [ -118.228918952455672, 34.039491667230607 ], [ -118.228919691636264, 34.039494881686565 ], [ -118.229090895548495, 34.040251774033678 ], [ -118.230639096788082, 34.047094760177657 ], [ -118.230693103029381, 34.047318169625129 ], [ -118.230704433882295, 34.047388885537018 ], [ -118.230727236031683, 34.047673385370857 ], [ -118.230720241695238, 34.047796288765191 ], [ -118.230617545582732, 34.048321689209189 ], [ -118.230612755268098, 34.048343394146528 ], [ -118.230517158081966, 34.048731794573875 ], [ -118.230515927841978, 34.048736678233212 ], [ -118.229502456176974, 34.052669282787392 ], [ -118.229493591083269, 34.052699435057114 ], [ -118.229449692000188, 34.052832135258079 ], [ -118.229433038810598, 34.052875315701975 ], [ -118.229349940001484, 34.053063316083303 ], [ -118.229318613950539, 34.053122873724853 ], [ -118.229201614941104, 34.053313274247351 ], [ -118.229188003690126, 34.05333426963201 ], [ -118.229064804536563, 34.053514670173037 ], [ -118.229022616650141, 34.053568683878218 ], [ -118.228855348204306, 34.053757236920625 ], [ -118.228610979906435, 34.054033090207056 ], [ -118.228605291896884, 34.05403941387253 ], [ -118.227622548379642, 34.055115500295656 ], [ -118.227463450702203, 34.055309746919534 ], [ -118.227363146512815, 34.055448275105704 ], [ -118.2272658149639, 34.055611967260432 ], [ -118.22720980210056, 34.055724915371052 ], [ -118.227153795388901, 34.055864349526757 ], [ -118.227079910597126, 34.056074383114634 ], [ -118.227043466557532, 34.05623020183782 ], [ -118.227017145002364, 34.056425381664937 ], [ -118.227004424739931, 34.056599977424234 ], [ -118.227012842677368, 34.056803346452909 ], [ -118.227163985187829, 34.057877308932937 ], [ -118.227601701792011, 34.060692463094327 ], [ -118.227606682650517, 34.060743036730145 ], [ -118.227627986517788, 34.061251236534034 ], [ -118.227624172507561, 34.061331571960096 ], [ -118.227575175194502, 34.061688172155563 ], [ -118.227559263135774, 34.061760270480328 ], [ -118.227461065388042, 34.062081070928251 ], [ -118.227443896134687, 34.062128112515509 ], [ -118.226842005232115, 34.063542615281257 ], [ -118.226840273449326, 34.063546634598445 ], [ -118.225270885395787, 34.067144146517876 ], [ -118.225202116601736, 34.067343259408496 ], [ -118.225139313175006, 34.067565438985575 ], [ -118.225086108095255, 34.067841413717844 ], [ -118.225056964659913, 34.06825573705779 ], [ -118.225126065715898, 34.069574641641353 ], [ -118.225199281247569, 34.070085872506723 ], [ -118.22520221142814, 34.07011151264237 ], [ -118.225212212312073, 34.0702285125709 ], [ -118.225212608153043, 34.070300339173414 ], [ -118.225205604960507, 34.070394459174828 ], [ -118.225209374155625, 34.070491063318187 ], [ -118.225294338459349, 34.070884418474783 ], [ -118.22536794887661, 34.07107171818398 ], [ -118.225390638604182, 34.071147654086786 ], [ -118.226220067468617, 34.075136449182402 ], [ -118.226222480737448, 34.075148918807315 ], [ -118.226726330027546, 34.077960988563746 ], [ -118.226767336175357, 34.07808313519228 ], [ -118.226777006095418, 34.078115834369683 ], [ -118.226803306818923, 34.078218434219337 ], [ -118.226817025270691, 34.078308316014379 ], [ -118.226821225895975, 34.078390515978739 ], [ -118.226820178480182, 34.078451840089805 ], [ -118.226806018523845, 34.078617700210444 ], [ -118.226848398141911, 34.078766797003951 ], [ -118.226973123599223, 34.079050647291439 ], [ -118.227143898340771, 34.079389002727787 ], [ -118.227152000980411, 34.079405841602792 ], [ -118.227380119803016, 34.079903952805331 ], [ -118.227814005438802, 34.080797935642984 ], [ -118.227977295066154, 34.081106172481171 ], [ -118.228015076426118, 34.081199869727605 ], [ -118.228139779466872, 34.08163856902641 ], [ -118.228150611941004, 34.081686057615947 ], [ -118.228201514105891, 34.08198045730505 ], [ -118.228204572345192, 34.082000898777807 ], [ -118.228714874470796, 34.086037018636695 ], [ -118.228850592838398, 34.086770898442857 ], [ -118.229331178394034, 34.088926335030052 ], [ -118.229505963430313, 34.089408316471228 ], [ -118.229853279635819, 34.090059582176103 ], [ -118.230555834272806, 34.090927621285879 ], [ -118.231387106398756, 34.091899635422827 ], [ -118.231720665361081, 34.092216357813001 ], [ -118.232179656523982, 34.092554470172857 ], [ -118.232693348864856, 34.092814073122099 ], [ -118.233283042162171, 34.093018674648171 ], [ -118.234089264713276, 34.09318698521043 ], [ -118.235477665715436, 34.093304224879084 ], [ -118.235509667440397, 34.093307595973897 ], [ -118.236155363438527, 34.093389195554892 ], [ -118.236223149129842, 34.093400861765382 ], [ -118.23664214669337, 34.09349256126157 ], [ -118.236676085405506, 34.093500815767406 ], [ -118.237581780394237, 34.09374351442554 ], [ -118.237658925499716, 34.093768806992415 ], [ -118.238220022900208, 34.093988105801849 ], [ -118.2383093361926, 34.094030483498692 ], [ -118.239265433308745, 34.094571680749077 ], [ -118.239311674194468, 34.094600433226631 ], [ -118.239760173371337, 34.094906031758299 ], [ -118.239831846038712, 34.094962990259503 ], [ -118.240232546344544, 34.095333988693625 ], [ -118.240289148885523, 34.095394528976279 ], [ -118.240783450898832, 34.096008526783343 ], [ -118.240814556992134, 34.09605131792263 ], [ -118.242448468361701, 34.098553210160333 ], [ -118.242462577393127, 34.098576093956979 ], [ -118.242795080314352, 34.099148492326066 ], [ -118.242832853572736, 34.099229580858655 ], [ -118.242986856400535, 34.099660080023781 ], [ -118.243007370917724, 34.099738083198886 ], [ -118.243075573850319, 34.100136282780653 ], [ -118.243082076644882, 34.100212090810658 ], [ -118.243082680716654, 34.100744190717279 ], [ -118.243082186719803, 34.100765791226699 ], [ -118.242954414797964, 34.103490488239942 ], [ -118.242991030798805, 34.103913443942112 ], [ -118.243079849663872, 34.104278048840783 ], [ -118.24321747229321, 34.104596337449188 ], [ -118.243419931477149, 34.104941637863483 ], [ -118.243691647464203, 34.105316558488113 ], [ -118.243943341224707, 34.105582622621974 ], [ -118.24395676195752, 34.105597318543353 ], [ -118.244354659525513, 34.106048803731355 ], [ -118.244762368944649, 34.106416637400862 ], [ -118.245141064462771, 34.106684849901981 ], [ -118.245678417496848, 34.107000002958067 ], [ -118.246459891732002, 34.10735885947939 ], [ -118.247601946413511, 34.107692128490974 ], [ -118.248684598443944, 34.107975232383154 ], [ -118.249252690165775, 34.108058149213797 ], [ -118.250077368402145, 34.108072523513655 ], [ -118.250874524593812, 34.108044488667197 ], [ -118.252768100206197, 34.107847064588036 ], [ -118.252839394477633, 34.107842922404636 ], [ -118.253571789818992, 34.107833922565334 ], [ -118.253773233263743, 34.107857929518786 ], [ -118.253955899050581, 34.107932540852637 ], [ -118.254101906809652, 34.10805045320275 ], [ -118.254196964304683, 34.108200124635644 ], [ -118.254231766448939, 34.108366904396426 ], [ -118.254202906226965, 34.108534466978035 ], [ -118.254113208326714, 34.108686410153403 ], [ -118.253971452773513, 34.108807860552815 ], [ -118.253791515568039, 34.108886929616091 ], [ -118.25359101041461, 34.108915877384604 ], [ -118.252894390341865, 34.108924437907604 ] ] ] ] } },
{ "type": "Feature", "properties": { "id": "way/790649490", "@id": "way/790649490", "name": "Los Angeles River", "name:en": "Los Angeles River", "name:es": "Río Los Ángeles", "type": null, "waterway": "river", "wikidata": null, "intermittent": null, "source": "aerial imagery", "source_ref": "AM909_DSCU1398", "width": null, "@relations": [ { "role": "", "rel": 18016446, "reltags": { "name": "Los Angeles River", "name:en": "Los Angeles River", "name:es": "Río de Los Ángeles", "type": "waterway", "waterway": "river", "wikidata": "Q542965" } } ], "layer": null, "tunnel": null, "wikipedia": null, "covered": null, "level": null, "surface": null }, "geometry": { "type": "MultiPolygon", "coordinates": [ [ [ [ -118.263398025915237, 34.112527102095335 ], [ -118.262638781773234, 34.11188738969939 ], [ -118.261959572824523, 34.111402968320874 ], [ -118.261020233422343, 34.110828963504034 ], [ -118.259744552345353, 34.110167855003183 ], [ -118.258511529922231, 34.109661852779546 ], [ -118.256506254971939, 34.109065180889324 ], [ -118.256108155083794, 34.108977255959253 ], [ -118.255666574305181, 34.108919731065683 ], [ -118.254960209586173, 34.108879037546451 ], [ -118.254109010989765, 34.108909341589992 ], [ -118.254090744410419, 34.108909778122488 ], [ -118.253590941231181, 34.108915878231919 ], [ -118.253389498381566, 34.108891853213983 ], [ -118.253206840518061, 34.108817224921431 ], [ -118.253060847695039, 34.108699298604584 ], [ -118.252965810727574, 34.108549617861868 ], [ -118.252931032299287, 34.10838283461505 ], [ -118.252959916425965, 34.108215274828254 ], [ -118.253049635376343, 34.108063340386757 ], [ -118.2531914066045, 34.107941903579174 ], [ -118.253371352534359, 34.107862851337465 ], [ -118.253571859001539, 34.107833921718061 ], [ -118.254062518962485, 34.107827933358735 ], [ -118.254940983851355, 34.107796658673657 ], [ -118.255013743223842, 34.107797456818794 ], [ -118.255784438333052, 34.107841856649593 ], [ -118.255840140616513, 34.107847079474865 ], [ -118.256342937504158, 34.107912579137469 ], [ -118.256409221784864, 34.107924183462565 ], [ -118.256866519128508, 34.108025182907951 ], [ -118.256918684457176, 34.108038678560504 ], [ -118.25898487341469, 34.108653475166236 ], [ -118.259053587164132, 34.108677702755656 ], [ -118.260348981369816, 34.109209299886409 ], [ -118.260405160312061, 34.10923530074799 ], [ -118.261729255692359, 34.109921497187564 ], [ -118.261770404152045, 34.109944682325612 ], [ -118.262749501639405, 34.110542979348452 ], [ -118.262787800323935, 34.110568279955984 ], [ -118.263506099243301, 34.111080577533343 ], [ -118.263545599170413, 34.111111204980105 ], [ -118.264342099067989, 34.111782302015889 ], [ -118.264377104917216, 34.111814254315732 ], [ -118.265993007238691, 34.113413047789777 ], [ -118.266097985669177, 34.113558062184829 ], [ -118.266143949870809, 34.11372296120323 ], [ -118.26612640022509, 34.113891603453148 ], [ -118.26604705425359, 34.114047481038625 ], [ -118.265913678632629, 34.114175335474094 ], [ -118.265739329036208, 34.114262651330016 ], [ -118.265541072179047, 34.114300881386349 ], [ -118.265338315145911, 34.114286283345777 ], [ -118.265150905567921, 34.114220286183794 ], [ -118.264997188660516, 34.114109350263895 ], [ -118.263398025915237, 34.112527102095335 ] ] ] ] } }
]
}
