{
"type": "FeatureCollection",
"name": "Fungi_Kingdom",
"crs": { "type": "name", "properties": { "name": "urn:ogc:def:crs:OGC:1.3:CRS84" } },
"features": [
{ "type": "Feature", "properties": { "gbifID": 1847411439, "accessRights": null, "bibliographicCitation": null, "language": null, "license": "CC_BY_NC_4_0", "modified": "2018-05-24T17:26:48Z", "publisher": "iNaturalist.org", "references": "https://www.inaturalist.org/observations/10450842", "rightsHolder": "azlong", "type": null, "institutionID": null, "collectionID": null, "datasetID": null, "institutionCode": "iNaturalist", "collectionCode": "Observations", "datasetName": "iNaturalist research-grade observations", "ownerInstitutionCode": null, "basisOfRecord": "HUMAN_OBSERVATION", "informationWithheld": null, "dataGeneralizations": null, "dynamicProperties": null, "occurrenceID": "https://www.inaturalist.org/observations/10450842", "catalogNumber": 10450842, "recordNumber": null, "recordedBy": "azlong", "recordedByID": null, "individualCount": null, "organismQuantity": null, "organismQuantityType": null, "sex": null, "lifeStage": null, "reproductiveCondition": null, "caste": null, "behavior": null, "vitality": null, "establishmentMeans": null, "degreeOfEstablishment": null, "pathway": null, "georeferenceVerificationStatus": null, "occurrenceStatus": "PRESENT", "preparations": null, "disposition": null, "associatedOccurrences": null, "associatedReferences": null, "associatedSequences": null, "associatedTaxa": null, "otherCatalogNumbers": null, "occurrenceRemarks": null, "organismID": null, "organismName": null, "organismScope": null, "associatedOrganisms": null, "previousIdentifications": null, "organismRemarks": null, "materialEntityID": null, "materialEntityRemarks": null, "verbatimLabel": null, "materialSampleID": null, "eventID": null, "parentEventID": null, "eventType": null, "fieldNumber": null, "eventDate": "2018-03-27", "eventTime": "09:53:09", "startDayOfYear": 86, "endDayOfYear": 86, "year": 2018, "month": 3, "day": 27, "verbatimEventDate": "Tue Mar 27 2018 09:53:09 GMT-0700 (PDT)", "habitat": null, "samplingProtocol": null, "sampleSizeValue": null, "sampleSizeUnit": null, "samplingEffort": null, "fieldNotes": null, "eventRemarks": null, "locationID": null, "higherGeographyID": null, "higherGeography": null, "continent": "NORTH_AMERICA", "waterBody": null, "islandGroup": null, "island": null, "countryCode": "US", "stateProvince": "California", "county": null, "municipality": null, "locality": null, "verbatimLocality": "2960 Marsh St, 洛杉矶, CA, US", "verbatimElevation": null, "verticalDatum": null, "verbatimDepth": null, "minimumDistanceAboveSurfaceInMeters": null, "maximumDistanceAboveSurfaceInMeters": null, "locationAccordingTo": null, "locationRemarks": null, "decimalLatitude": 34.107095, "decimalLongitude": -118.246112, "coordinateUncertaintyInMeters": 10.0, "coordinatePrecision": null, "pointRadiusSpatialFit": null, "verbatimCoordinateSystem": null, "verbatimSRS": null, "footprintWKT": null, "footprintSRS": null, "footprintSpatialFit": null, "georeferencedBy": null, "georeferencedDate": null, "georeferenceProtocol": null, "georeferenceSources": null, "georeferenceRemarks": null, "geologicalContextID": null, "earliestEonOrLowestEonothem": null, "latestEonOrHighestEonothem": null, "earliestEraOrLowestErathem": null, "latestEraOrHighestErathem": null, "earliestPeriodOrLowestSystem": null, "latestPeriodOrHighestSystem": null, "earliestEpochOrLowestSeries": null, "latestEpochOrHighestSeries": null, "earliestAgeOrLowestStage": null, "latestAgeOrHighestStage": null, "lowestBiostratigraphicZone": null, "highestBiostratigraphicZone": null, "lithostratigraphicTerms": null, "group": null, "formation": null, "member": null, "bed": null, "identificationID": 23227131, "verbatimIdentification": null, "identificationQualifier": null, "typeStatus": null, "identifiedBy": "Peter Vahlberg", "identifiedByID": null, "dateIdentified": "2018-03-27", "identificationReferences": null, "identificationVerificationStatus": null, "identificationRemarks": null, "taxonID": 49547, "scientificNameID": null, "acceptedNameUsageID": 5243429, "parentNameUsageID": null, "originalNameUsageID": null, "nameAccordingToID": null, "namePublishedInID": null, "taxonConceptID": null, "scientificName": "Agaricus augustus Fr.", "acceptedNameUsage": null, "parentNameUsage": null, "originalNameUsage": null, "nameAccordingTo": null, "namePublishedIn": null, "namePublishedInYear": null, "higherClassification": null, "kingdom": "Fungi", "phylum": "Basidiomycota", "class": "Agaricomycetes", "order": "Agaricales", "superfamily": null, "family": "Agaricaceae", "subfamily": null, "tribe": null, "subtribe": null, "genus": "Agaricus", "genericName": "Agaricus", "subgenus": null, "infragenericEpithet": null, "specificEpithet": "augustus", "infraspecificEpithet": null, "cultivarEpithet": null, "taxonRank": "SPECIES", "verbatimTaxonRank": null, "vernacularName": null, "nomenclaturalCode": null, "taxonomicStatus": "ACCEPTED", "nomenclaturalStatus": null, "taxonRemarks": null, "datasetKey": "50c9509d-22c7-4a22-a47d-8c48425ef4a7", "publishingCountry": "US", "lastInterpreted": "2025-10-14T16:53:23.448Z", "elevation": null, "elevationAccuracy": null, "depth": null, "depthAccuracy": null, "distanceFromCentroidInMeters": null, "issue": "COORDINATE_ROUNDED;CONTINENT_DERIVED_FROM_COORDINATES;TAXON_ID_NOT_FOUND", "taxonomicIssue": "TAXON_ID_NOT_FOUND", "nonTaxonomicIssue": null, "mediaType": "StillImage", "hasCoordinate": true, "hasGeospatialIssues": false, "taxonKey": 5243429, "acceptedTaxonKey": 5243429, "kingdomKey": 5, "phylumKey": 34, "classKey": 186, "orderKey": 1499, "familyKey": 4170, "genusKey": 2518646, "subgenusKey": null, "speciesKey": 5243429, "species": "Agaricus augustus", "acceptedScientificName": "Agaricus augustus Fr.", "verbatimScientificName": "Agaricus augustus", "typifiedName": null, "protocol": "DWC_ARCHIVE", "lastParsed": "2025-10-14T16:53:23.448Z", "lastCrawled": "2025-10-14T04:54:04.400Z", "isInvasive": null, "repatriated": false, "relativeOrganismQuantity": null, "projectId": "https://www.inaturalist.org/projects/fungi-of-the-california-floristic-province;https://www.inaturalist.org/projects/los-angeles-city-biodiversity-initiative", "isSequenced": false, "gbifRegion": "NORTH_AMERICA", "publishedByGbifRegion": "NORTH_AMERICA", "level0Gid": "USA", "level0Name": "United States", "level1Gid": "USA.5_1", "level1Name": "California", "level2Gid": "USA.5.19_1", "level2Name": "Los Angeles", "level3Gid": null, "level3Name": null, "iucnRedListCategory": null, "type_2": "StillImage", "format": "image/jpeg", "identifier": "https://inaturalist-open-data.s3.amazonaws.com/photos/14527755/original.jpg", "references_2": "https://www.inaturalist.org/photos/14527755" }, "geometry": { "type": "Point", "coordinates": [ -118.246112, 34.107095 ] } },
{ "type": "Feature", "properties": { "gbifID": 4018178936, "accessRights": null, "bibliographicCitation": null, "language": null, "license": "CC_BY_NC_4_0", "modified": "2023-01-27T19:27:40Z", "publisher": "iNaturalist.org", "references": "https://www.inaturalist.org/observations/146366014", "rightsHolder": "atanasi", "type": null, "institutionID": null, "collectionID": null, "datasetID": null, "institutionCode": "iNaturalist", "collectionCode": "Observations", "datasetName": "iNaturalist research-grade observations", "ownerInstitutionCode": null, "basisOfRecord": "HUMAN_OBSERVATION", "informationWithheld": null, "dataGeneralizations": null, "dynamicProperties": null, "occurrenceID": "https://www.inaturalist.org/observations/146366014", "catalogNumber": 146366014, "recordNumber": null, "recordedBy": "atanasi", "recordedByID": null, "individualCount": null, "organismQuantity": null, "organismQuantityType": null, "sex": null, "lifeStage": null, "reproductiveCondition": null, "caste": null, "behavior": null, "vitality": null, "establishmentMeans": null, "degreeOfEstablishment": null, "pathway": null, "georeferenceVerificationStatus": null, "occurrenceStatus": "PRESENT", "preparations": null, "disposition": null, "associatedOccurrences": null, "associatedReferences": null, "associatedSequences": null, "associatedTaxa": null, "otherCatalogNumbers": null, "occurrenceRemarks": null, "organismID": null, "organismName": null, "organismScope": null, "associatedOrganisms": null, "previousIdentifications": null, "organismRemarks": null, "materialEntityID": null, "materialEntityRemarks": null, "verbatimLabel": null, "materialSampleID": null, "eventID": null, "parentEventID": null, "eventType": null, "fieldNumber": null, "eventDate": "2023-01-11", "eventTime": "15:11:40", "startDayOfYear": 11, "endDayOfYear": 11, "year": 2023, "month": 1, "day": 11, "verbatimEventDate": "2023-01-11 15:11:40-08:00", "habitat": null, "samplingProtocol": null, "sampleSizeValue": null, "sampleSizeUnit": null, "samplingEffort": null, "fieldNotes": null, "eventRemarks": null, "locationID": null, "higherGeographyID": null, "higherGeography": null, "continent": "NORTH_AMERICA", "waterBody": null, "islandGroup": null, "island": null, "countryCode": "US", "stateProvince": "California", "county": null, "municipality": null, "locality": null, "verbatimLocality": "Baker St, Los Angeles, CA, US", "verbatimElevation": null, "verticalDatum": null, "verbatimDepth": null, "minimumDistanceAboveSurfaceInMeters": null, "maximumDistanceAboveSurfaceInMeters": null, "locationAccordingTo": null, "locationRemarks": null, "decimalLatitude": 34.071437, "decimalLongitude": -118.225859, "coordinateUncertaintyInMeters": 42.0, "coordinatePrecision": null, "pointRadiusSpatialFit": null, "verbatimCoordinateSystem": null, "verbatimSRS": null, "footprintWKT": null, "footprintSRS": null, "footprintSpatialFit": null, "georeferencedBy": null, "georeferencedDate": null, "georeferenceProtocol": null, "georeferenceSources": null, "georeferenceRemarks": null, "geologicalContextID": null, "earliestEonOrLowestEonothem": null, "latestEonOrHighestEonothem": null, "earliestEraOrLowestErathem": null, "latestEraOrHighestErathem": null, "earliestPeriodOrLowestSystem": null, "latestPeriodOrHighestSystem": null, "earliestEpochOrLowestSeries": null, "latestEpochOrHighestSeries": null, "earliestAgeOrLowestStage": null, "latestAgeOrHighestStage": null, "lowestBiostratigraphicZone": null, "highestBiostratigraphicZone": null, "lithostratigraphicTerms": null, "group": null, "formation": null, "member": null, "bed": null, "identificationID": 326578204, "verbatimIdentification": null, "identificationQualifier": null, "typeStatus": null, "identifiedBy": "atanasi", "identifiedByID": null, "dateIdentified": "2023-01-11", "identificationReferences": null, "identificationVerificationStatus": null, "identificationRemarks": null, "taxonID": 118393, "scientificNameID": null, "acceptedNameUsageID": 9050242, "parentNameUsageID": null, "originalNameUsageID": null, "nameAccordingToID": null, "namePublishedInID": null, "taxonConceptID": null, "scientificName": "Agrocybe pediades (Fr.) Fayod", "acceptedNameUsage": null, "parentNameUsage": null, "originalNameUsage": null, "nameAccordingTo": null, "namePublishedIn": null, "namePublishedInYear": null, "higherClassification": null, "kingdom": "Fungi", "phylum": "Basidiomycota", "class": "Agaricomycetes", "order": "Agaricales", "superfamily": null, "family": "Strophariaceae", "subfamily": null, "tribe": null, "subtribe": null, "genus": "Agrocybe", "genericName": "Agrocybe", "subgenus": null, "infragenericEpithet": null, "specificEpithet": "pediades", "infraspecificEpithet": null, "cultivarEpithet": null, "taxonRank": "SPECIES", "verbatimTaxonRank": null, "vernacularName": null, "nomenclaturalCode": null, "taxonomicStatus": "ACCEPTED", "nomenclaturalStatus": null, "taxonRemarks": null, "datasetKey": "50c9509d-22c7-4a22-a47d-8c48425ef4a7", "publishingCountry": "US", "lastInterpreted": "2025-10-14T16:03:17.955Z", "elevation": null, "elevationAccuracy": null, "depth": null, "depthAccuracy": null, "distanceFromCentroidInMeters": null, "issue": "COORDINATE_ROUNDED;CONTINENT_DERIVED_FROM_COORDINATES;TAXON_ID_NOT_FOUND", "taxonomicIssue": "TAXON_ID_NOT_FOUND", "nonTaxonomicIssue": null, "mediaType": "StillImage", "hasCoordinate": true, "hasGeospatialIssues": false, "taxonKey": 9050242, "acceptedTaxonKey": 9050242, "kingdomKey": 5, "phylumKey": 34, "classKey": 186, "orderKey": 1499, "familyKey": 4186, "genusKey": 2527828, "subgenusKey": null, "speciesKey": 9050242, "species": "Agrocybe pediades", "acceptedScientificName": "Agrocybe pediades (Fr.) Fayod", "verbatimScientificName": "Agrocybe pediades", "typifiedName": null, "protocol": "DWC_ARCHIVE", "lastParsed": "2025-10-14T16:03:17.955Z", "lastCrawled": "2025-10-14T04:54:04.400Z", "isInvasive": null, "repatriated": false, "relativeOrganismQuantity": null, "projectId": "https://www.inaturalist.org/projects/fungi-of-the-california-floristic-province", "isSequenced": false, "gbifRegion": "NORTH_AMERICA", "publishedByGbifRegion": "NORTH_AMERICA", "level0Gid": "USA", "level0Name": "United States", "level1Gid": "USA.5_1", "level1Name": "California", "level2Gid": "USA.5.19_1", "level2Name": "Los Angeles", "level3Gid": null, "level3Name": null, "iucnRedListCategory": null, "type_2": "StillImage", "format": "image/jpeg", "identifier": "https://inaturalist-open-data.s3.amazonaws.com/photos/253772531/original.jpg", "references_2": "https://www.inaturalist.org/photos/253772531" }, "geometry": { "type": "Point", "coordinates": [ -118.225859, 34.071437 ] } },
{ "type": "Feature", "properties": { "gbifID": 3858652505, "accessRights": null, "bibliographicCitation": null, "language": null, "license": "CC_BY_NC_4_0", "modified": "2025-09-25T22:36:01Z", "publisher": "iNaturalist.org", "references": "https://www.inaturalist.org/observations/121487408", "rightsHolder": "Mary Fenwick", "type": null, "institutionID": null, "collectionID": null, "datasetID": null, "institutionCode": "iNaturalist", "collectionCode": "Observations", "datasetName": "iNaturalist research-grade observations", "ownerInstitutionCode": null, "basisOfRecord": "HUMAN_OBSERVATION", "informationWithheld": null, "dataGeneralizations": null, "dynamicProperties": null, "occurrenceID": "https://www.inaturalist.org/observations/121487408", "catalogNumber": 121487408, "recordNumber": null, "recordedBy": "Mary Fenwick", "recordedByID": null, "individualCount": null, "organismQuantity": null, "organismQuantityType": null, "sex": null, "lifeStage": null, "reproductiveCondition": null, "caste": null, "behavior": null, "vitality": null, "establishmentMeans": null, "degreeOfEstablishment": null, "pathway": null, "georeferenceVerificationStatus": null, "occurrenceStatus": "PRESENT", "preparations": null, "disposition": null, "associatedOccurrences": null, "associatedReferences": null, "associatedSequences": null, "associatedTaxa": null, "otherCatalogNumbers": null, "occurrenceRemarks": null, "organismID": null, "organismName": null, "organismScope": null, "associatedOrganisms": null, "previousIdentifications": null, "organismRemarks": null, "materialEntityID": null, "materialEntityRemarks": null, "verbatimLabel": null, "materialSampleID": null, "eventID": null, "parentEventID": null, "eventType": null, "fieldNumber": null, "eventDate": "2022-06-12", "eventTime": "07:56:18", "startDayOfYear": 163, "endDayOfYear": 163, "year": 2022, "month": 6, "day": 12, "verbatimEventDate": "2022-06-12 07:56:18-07:00", "habitat": null, "samplingProtocol": null, "sampleSizeValue": null, "sampleSizeUnit": null, "samplingEffort": null, "fieldNotes": null, "eventRemarks": null, "locationID": null, "higherGeographyID": null, "higherGeography": null, "continent": "NORTH_AMERICA", "waterBody": null, "islandGroup": null, "island": null, "countryCode": "US", "stateProvince": "California", "county": null, "municipality": null, "locality": null, "verbatimLocality": "Glendale Narrows Riverwalk, Glendale, CA, US", "verbatimElevation": null, "verticalDatum": null, "verbatimDepth": null, "minimumDistanceAboveSurfaceInMeters": null, "maximumDistanceAboveSurfaceInMeters": null, "locationAccordingTo": null, "locationRemarks": null, "decimalLatitude": 34.156617, "decimalLongitude": -118.28978, "coordinateUncertaintyInMeters": 20.0, "coordinatePrecision": null, "pointRadiusSpatialFit": null, "verbatimCoordinateSystem": null, "verbatimSRS": null, "footprintWKT": null, "footprintSRS": null, "footprintSpatialFit": null, "georeferencedBy": null, "georeferencedDate": null, "georeferenceProtocol": null, "georeferenceSources": null, "georeferenceRemarks": null, "geologicalContextID": null, "earliestEonOrLowestEonothem": null, "latestEonOrHighestEonothem": null, "earliestEraOrLowestErathem": null, "latestEraOrHighestErathem": null, "earliestPeriodOrLowestSystem": null, "latestPeriodOrHighestSystem": null, "earliestEpochOrLowestSeries": null, "latestEpochOrHighestSeries": null, "earliestAgeOrLowestStage": null, "latestAgeOrHighestStage": null, "lowestBiostratigraphicZone": null, "highestBiostratigraphicZone": null, "lithostratigraphicTerms": null, "group": null, "formation": null, "member": null, "bed": null, "identificationID": 269396255, "verbatimIdentification": null, "identificationQualifier": null, "typeStatus": null, "identifiedBy": "Mary Fenwick", "identifiedByID": null, "dateIdentified": "2022-06-12", "identificationReferences": null, "identificationVerificationStatus": null, "identificationRemarks": null, "taxonID": 119969, "scientificNameID": null, "acceptedNameUsageID": 2535676, "parentNameUsageID": null, "originalNameUsageID": null, "nameAccordingToID": null, "namePublishedInID": null, "taxonConceptID": null, "scientificName": "Battarrea phalloides (Dicks.) Pers.", "acceptedNameUsage": null, "parentNameUsage": null, "originalNameUsage": null, "nameAccordingTo": null, "namePublishedIn": null, "namePublishedInYear": null, "higherClassification": null, "kingdom": "Fungi", "phylum": "Basidiomycota", "class": "Agaricomycetes", "order": "Agaricales", "superfamily": null, "family": "Agaricaceae", "subfamily": null, "tribe": null, "subtribe": null, "genus": "Battarrea", "genericName": "Battarrea", "subgenus": null, "infragenericEpithet": null, "specificEpithet": "phalloides", "infraspecificEpithet": null, "cultivarEpithet": null, "taxonRank": "SPECIES", "verbatimTaxonRank": null, "vernacularName": null, "nomenclaturalCode": null, "taxonomicStatus": "ACCEPTED", "nomenclaturalStatus": null, "taxonRemarks": null, "datasetKey": "50c9509d-22c7-4a22-a47d-8c48425ef4a7", "publishingCountry": "US", "lastInterpreted": "2025-10-14T18:36:25.884Z", "elevation": null, "elevationAccuracy": null, "depth": null, "depthAccuracy": null, "distanceFromCentroidInMeters": null, "issue": "COORDINATE_ROUNDED;CONTINENT_DERIVED_FROM_COORDINATES;TAXON_ID_NOT_FOUND", "taxonomicIssue": "TAXON_ID_NOT_FOUND", "nonTaxonomicIssue": null, "mediaType": "StillImage;StillImage;StillImage", "hasCoordinate": true, "hasGeospatialIssues": false, "taxonKey": 2535676, "acceptedTaxonKey": 2535676, "kingdomKey": 5, "phylumKey": 34, "classKey": 186, "orderKey": 1499, "familyKey": 4170, "genusKey": 2530281, "subgenusKey": null, "speciesKey": 2535676, "species": "Battarrea phalloides", "acceptedScientificName": "Battarrea phalloides (Dicks.) Pers.", "verbatimScientificName": "Battarrea phalloides", "typifiedName": null, "protocol": "DWC_ARCHIVE", "lastParsed": "2025-10-14T18:36:25.884Z", "lastCrawled": "2025-10-14T04:54:04.400Z", "isInvasive": null, "repatriated": false, "relativeOrganismQuantity": null, "projectId": "https://www.inaturalist.org/projects/biodiversity-of-griffith-park-los-angeles-california;https://www.inaturalist.org/projects/fungi-of-the-california-floristic-province", "isSequenced": false, "gbifRegion": "NORTH_AMERICA", "publishedByGbifRegion": "NORTH_AMERICA", "level0Gid": "USA", "level0Name": "United States", "level1Gid": "USA.5_1", "level1Name": "California", "level2Gid": "USA.5.19_1", "level2Name": "Los Angeles", "level3Gid": null, "level3Name": null, "iucnRedListCategory": null, "type_2": "StillImage", "format": "image/jpeg", "identifier": "https://inaturalist-open-data.s3.amazonaws.com/photos/205579445/original.jpg", "references_2": "https://www.inaturalist.org/photos/205579445" }, "geometry": { "type": "Point", "coordinates": [ -118.28978, 34.156617 ] } },
{ "type": "Feature", "properties": { "gbifID": 3947282103, "accessRights": null, "bibliographicCitation": null, "language": null, "license": "CC_BY_NC_4_0", "modified": "2022-10-19T20:13:44Z", "publisher": "iNaturalist.org", "references": "https://www.inaturalist.org/observations/139362748", "rightsHolder": "Jack Smith", "type": null, "institutionID": null, "collectionID": null, "datasetID": null, "institutionCode": "iNaturalist", "collectionCode": "Observations", "datasetName": "iNaturalist research-grade observations", "ownerInstitutionCode": null, "basisOfRecord": "HUMAN_OBSERVATION", "informationWithheld": null, "dataGeneralizations": null, "dynamicProperties": null, "occurrenceID": "https://www.inaturalist.org/observations/139362748", "catalogNumber": 139362748, "recordNumber": null, "recordedBy": "Jack Smith", "recordedByID": null, "individualCount": null, "organismQuantity": null, "organismQuantityType": null, "sex": null, "lifeStage": null, "reproductiveCondition": null, "caste": null, "behavior": null, "vitality": null, "establishmentMeans": null, "degreeOfEstablishment": null, "pathway": null, "georeferenceVerificationStatus": null, "occurrenceStatus": "PRESENT", "preparations": null, "disposition": null, "associatedOccurrences": null, "associatedReferences": null, "associatedSequences": null, "associatedTaxa": null, "otherCatalogNumbers": null, "occurrenceRemarks": null, "organismID": null, "organismName": null, "organismScope": null, "associatedOrganisms": null, "previousIdentifications": null, "organismRemarks": null, "materialEntityID": null, "materialEntityRemarks": null, "verbatimLabel": null, "materialSampleID": null, "eventID": null, "parentEventID": null, "eventType": null, "fieldNumber": null, "eventDate": "2022-10-18", "eventTime": "11:17:11", "startDayOfYear": 291, "endDayOfYear": 291, "year": 2022, "month": 10, "day": 18, "verbatimEventDate": "2022-10-18 11:17:11-07:00", "habitat": null, "samplingProtocol": null, "sampleSizeValue": null, "sampleSizeUnit": null, "samplingEffort": null, "fieldNotes": null, "eventRemarks": null, "locationID": null, "higherGeographyID": null, "higherGeography": null, "continent": "NORTH_AMERICA", "waterBody": null, "islandGroup": null, "island": null, "countryCode": "US", "stateProvince": "California", "county": null, "municipality": null, "locality": null, "verbatimLocality": "Goodland Ave, Los Angeles, CA, US", "verbatimElevation": null, "verticalDatum": null, "verbatimDepth": null, "minimumDistanceAboveSurfaceInMeters": null, "maximumDistanceAboveSurfaceInMeters": null, "locationAccordingTo": null, "locationRemarks": null, "decimalLatitude": 34.147175, "decimalLongitude": -118.411745, "coordinateUncertaintyInMeters": 45.0, "coordinatePrecision": null, "pointRadiusSpatialFit": null, "verbatimCoordinateSystem": null, "verbatimSRS": null, "footprintWKT": null, "footprintSRS": null, "footprintSpatialFit": null, "georeferencedBy": null, "georeferencedDate": null, "georeferenceProtocol": null, "georeferenceSources": null, "georeferenceRemarks": null, "geologicalContextID": null, "earliestEonOrLowestEonothem": null, "latestEonOrHighestEonothem": null, "earliestEraOrLowestErathem": null, "latestEraOrHighestErathem": null, "earliestPeriodOrLowestSystem": null, "latestPeriodOrHighestSystem": null, "earliestEpochOrLowestSeries": null, "latestEpochOrHighestSeries": null, "earliestAgeOrLowestStage": null, "latestAgeOrHighestStage": null, "lowestBiostratigraphicZone": null, "highestBiostratigraphicZone": null, "lithostratigraphicTerms": null, "group": null, "formation": null, "member": null, "bed": null, "identificationID": 307207284, "verbatimIdentification": null, "identificationQualifier": null, "typeStatus": null, "identifiedBy": "Jack Smith", "identifiedByID": null, "dateIdentified": "2022-10-19", "identificationReferences": null, "identificationVerificationStatus": null, "identificationRemarks": null, "taxonID": 120154, "scientificNameID": null, "acceptedNameUsageID": 6016762, "parentNameUsageID": null, "originalNameUsageID": null, "nameAccordingToID": null, "namePublishedInID": null, "taxonConceptID": null, "scientificName": "Laetiporus gilbertsonii Burds.", "acceptedNameUsage": null, "parentNameUsage": null, "originalNameUsage": null, "nameAccordingTo": null, "namePublishedIn": null, "namePublishedInYear": null, "higherClassification": null, "kingdom": "Fungi", "phylum": "Basidiomycota", "class": "Agaricomycetes", "order": "Polyporales", "superfamily": null, "family": "Laetiporaceae", "subfamily": null, "tribe": null, "subtribe": null, "genus": "Laetiporus", "genericName": "Laetiporus", "subgenus": null, "infragenericEpithet": null, "specificEpithet": "gilbertsonii", "infraspecificEpithet": null, "cultivarEpithet": null, "taxonRank": "SPECIES", "verbatimTaxonRank": null, "vernacularName": null, "nomenclaturalCode": null, "taxonomicStatus": "ACCEPTED", "nomenclaturalStatus": null, "taxonRemarks": null, "datasetKey": "50c9509d-22c7-4a22-a47d-8c48425ef4a7", "publishingCountry": "US", "lastInterpreted": "2025-10-14T16:03:40.963Z", "elevation": null, "elevationAccuracy": null, "depth": null, "depthAccuracy": null, "distanceFromCentroidInMeters": null, "issue": "CONTINENT_DERIVED_FROM_COORDINATES;TAXON_ID_NOT_FOUND", "taxonomicIssue": "TAXON_ID_NOT_FOUND", "nonTaxonomicIssue": null, "mediaType": "StillImage;StillImage;StillImage", "hasCoordinate": true, "hasGeospatialIssues": false, "taxonKey": 6016762, "acceptedTaxonKey": 6016762, "kingdomKey": 5, "phylumKey": 34, "classKey": 186, "orderKey": 1145, "familyKey": 3272667, "genusKey": 2542160, "subgenusKey": null, "speciesKey": 6016762, "species": "Laetiporus gilbertsonii", "acceptedScientificName": "Laetiporus gilbertsonii Burds.", "verbatimScientificName": "Laetiporus gilbertsonii", "typifiedName": null, "protocol": "DWC_ARCHIVE", "lastParsed": "2025-10-14T16:03:40.963Z", "lastCrawled": "2025-10-14T04:54:04.400Z", "isInvasive": null, "repatriated": false, "relativeOrganismQuantity": null, "projectId": "https://www.inaturalist.org/projects/fungi-of-the-california-floristic-province", "isSequenced": false, "gbifRegion": "NORTH_AMERICA", "publishedByGbifRegion": "NORTH_AMERICA", "level0Gid": "USA", "level0Name": "United States", "level1Gid": "USA.5_1", "level1Name": "California", "level2Gid": "USA.5.19_1", "level2Name": "Los Angeles", "level3Gid": null, "level3Name": null, "iucnRedListCategory": null, "type_2": "StillImage", "format": "image/jpeg", "identifier": "https://inaturalist-open-data.s3.amazonaws.com/photos/238347118/original.jpg", "references_2": "https://www.inaturalist.org/photos/238347118" }, "geometry": { "type": "Point", "coordinates": [ -118.411745, 34.147175 ] } },
{ "type": "Feature", "properties": { "gbifID": 4022101881, "accessRights": null, "bibliographicCitation": null, "language": null, "license": "CC_BY_NC_4_0", "modified": "2023-01-19T07:09:32Z", "publisher": "iNaturalist.org", "references": "https://www.inaturalist.org/observations/146870190", "rightsHolder": "leighlaughing", "type": null, "institutionID": null, "collectionID": null, "datasetID": null, "institutionCode": "iNaturalist", "collectionCode": "Observations", "datasetName": "iNaturalist research-grade observations", "ownerInstitutionCode": null, "basisOfRecord": "HUMAN_OBSERVATION", "informationWithheld": null, "dataGeneralizations": null, "dynamicProperties": null, "occurrenceID": "https://www.inaturalist.org/observations/146870190", "catalogNumber": 146870190, "recordNumber": null, "recordedBy": "leighlaughing", "recordedByID": null, "individualCount": null, "organismQuantity": null, "organismQuantityType": null, "sex": null, "lifeStage": null, "reproductiveCondition": null, "caste": null, "behavior": null, "vitality": null, "establishmentMeans": null, "degreeOfEstablishment": null, "pathway": null, "georeferenceVerificationStatus": null, "occurrenceStatus": "PRESENT", "preparations": null, "disposition": null, "associatedOccurrences": null, "associatedReferences": null, "associatedSequences": null, "associatedTaxa": null, "otherCatalogNumbers": null, "occurrenceRemarks": null, "organismID": null, "organismName": null, "organismScope": null, "associatedOrganisms": null, "previousIdentifications": null, "organismRemarks": null, "materialEntityID": null, "materialEntityRemarks": null, "verbatimLabel": null, "materialSampleID": null, "eventID": null, "parentEventID": null, "eventType": null, "fieldNumber": null, "eventDate": "2023-01-11", "eventTime": "11:19:18", "startDayOfYear": 11, "endDayOfYear": 11, "year": 2023, "month": 1, "day": 11, "verbatimEventDate": "2023-01-11 11:19:18-08:00", "habitat": null, "samplingProtocol": null, "sampleSizeValue": null, "sampleSizeUnit": null, "samplingEffort": null, "fieldNotes": null, "eventRemarks": null, "locationID": null, "higherGeographyID": null, "higherGeography": null, "continent": "NORTH_AMERICA", "waterBody": null, "islandGroup": null, "island": null, "countryCode": "US", "stateProvince": "California", "county": null, "municipality": null, "locality": null, "verbatimLocality": "N Avenue 18, Los Angeles, CA, US", "verbatimElevation": null, "verticalDatum": null, "verbatimDepth": null, "minimumDistanceAboveSurfaceInMeters": null, "maximumDistanceAboveSurfaceInMeters": null, "locationAccordingTo": null, "locationRemarks": null, "decimalLatitude": 34.07322, "decimalLongitude": -118.224395, "coordinateUncertaintyInMeters": 4.0, "coordinatePrecision": null, "pointRadiusSpatialFit": null, "verbatimCoordinateSystem": null, "verbatimSRS": null, "footprintWKT": null, "footprintSRS": null, "footprintSpatialFit": null, "georeferencedBy": null, "georeferencedDate": null, "georeferenceProtocol": null, "georeferenceSources": null, "georeferenceRemarks": null, "geologicalContextID": null, "earliestEonOrLowestEonothem": null, "latestEonOrHighestEonothem": null, "earliestEraOrLowestErathem": null, "latestEraOrHighestErathem": null, "earliestPeriodOrLowestSystem": null, "latestPeriodOrHighestSystem": null, "earliestEpochOrLowestSeries": null, "latestEpochOrHighestSeries": null, "earliestAgeOrLowestStage": null, "latestAgeOrHighestStage": null, "lowestBiostratigraphicZone": null, "highestBiostratigraphicZone": null, "lithostratigraphicTerms": null, "group": null, "formation": null, "member": null, "bed": null, "identificationID": 328168561, "verbatimIdentification": null, "identificationQualifier": null, "typeStatus": null, "identifiedBy": "leighlaughing", "identifiedByID": null, "dateIdentified": "2023-01-19", "identificationReferences": null, "identificationVerificationStatus": null, "identificationRemarks": null, "taxonID": 54573, "scientificNameID": null, "acceptedNameUsageID": 5241128, "parentNameUsageID": null, "originalNameUsageID": null, "nameAccordingToID": null, "namePublishedInID": null, "taxonConceptID": null, "scientificName": "Schizophyllum commune Fr.", "acceptedNameUsage": null, "parentNameUsage": null, "originalNameUsage": null, "nameAccordingTo": null, "namePublishedIn": null, "namePublishedInYear": null, "higherClassification": null, "kingdom": "Fungi", "phylum": "Basidiomycota", "class": "Agaricomycetes", "order": "Agaricales", "superfamily": null, "family": "Schizophyllaceae", "subfamily": null, "tribe": null, "subtribe": null, "genus": "Schizophyllum", "genericName": "Schizophyllum", "subgenus": null, "infragenericEpithet": null, "specificEpithet": "commune", "infraspecificEpithet": null, "cultivarEpithet": null, "taxonRank": "SPECIES", "verbatimTaxonRank": null, "vernacularName": null, "nomenclaturalCode": null, "taxonomicStatus": "ACCEPTED", "nomenclaturalStatus": null, "taxonRemarks": null, "datasetKey": "50c9509d-22c7-4a22-a47d-8c48425ef4a7", "publishingCountry": "US", "lastInterpreted": "2025-10-14T18:41:28.527Z", "elevation": null, "elevationAccuracy": null, "depth": null, "depthAccuracy": null, "distanceFromCentroidInMeters": null, "issue": "COORDINATE_ROUNDED;CONTINENT_DERIVED_FROM_COORDINATES;TAXON_ID_NOT_FOUND", "taxonomicIssue": "TAXON_ID_NOT_FOUND", "nonTaxonomicIssue": null, "mediaType": "StillImage", "hasCoordinate": true, "hasGeospatialIssues": false, "taxonKey": 5241128, "acceptedTaxonKey": 5241128, "kingdomKey": 5, "phylumKey": 34, "classKey": 186, "orderKey": 1499, "familyKey": 4185, "genusKey": 2529580, "subgenusKey": null, "speciesKey": 5241128, "species": "Schizophyllum commune", "acceptedScientificName": "Schizophyllum commune Fr.", "verbatimScientificName": "Schizophyllum commune", "typifiedName": null, "protocol": "DWC_ARCHIVE", "lastParsed": "2025-10-14T18:41:28.527Z", "lastCrawled": "2025-10-14T04:54:04.400Z", "isInvasive": null, "repatriated": false, "relativeOrganismQuantity": null, "projectId": "https://www.inaturalist.org/projects/fungi-of-the-california-floristic-province", "isSequenced": false, "gbifRegion": "NORTH_AMERICA", "publishedByGbifRegion": "NORTH_AMERICA", "level0Gid": "USA", "level0Name": "United States", "level1Gid": "USA.5_1", "level1Name": "California", "level2Gid": "USA.5.19_1", "level2Name": "Los Angeles", "level3Gid": null, "level3Name": null, "iucnRedListCategory": null, "type_2": "StillImage", "format": "image/jpeg", "identifier": "https://inaturalist-open-data.s3.amazonaws.com/photos/252610567/original.jpg", "references_2": "https://www.inaturalist.org/photos/252610567" }, "geometry": { "type": "Point", "coordinates": [ -118.224395, 34.07322 ] } },
{ "type": "Feature", "properties": { "gbifID": 1901048028, "accessRights": null, "bibliographicCitation": null, "language": null, "license": "CC_BY_NC_4_0", "modified": "2018-09-01T22:40:51Z", "publisher": "iNaturalist.org", "references": "https://www.inaturalist.org/observations/16113464", "rightsHolder": "Sara Cristina Medina", "type": null, "institutionID": null, "collectionID": null, "datasetID": null, "institutionCode": "iNaturalist", "collectionCode": "Observations", "datasetName": "iNaturalist research-grade observations", "ownerInstitutionCode": null, "basisOfRecord": "HUMAN_OBSERVATION", "informationWithheld": "Coordinate uncertainty increased to 28902m at the request of the observer", "dataGeneralizations": null, "dynamicProperties": null, "occurrenceID": "https://www.inaturalist.org/observations/16113464", "catalogNumber": 16113464, "recordNumber": null, "recordedBy": "Sara Cristina Medina", "recordedByID": null, "individualCount": null, "organismQuantity": null, "organismQuantityType": null, "sex": null, "lifeStage": null, "reproductiveCondition": null, "caste": null, "behavior": null, "vitality": null, "establishmentMeans": null, "degreeOfEstablishment": null, "pathway": null, "georeferenceVerificationStatus": null, "occurrenceStatus": "PRESENT", "preparations": null, "disposition": null, "associatedOccurrences": null, "associatedReferences": null, "associatedSequences": null, "associatedTaxa": null, "otherCatalogNumbers": null, "occurrenceRemarks": null, "organismID": null, "organismName": null, "organismScope": null, "associatedOrganisms": null, "previousIdentifications": null, "organismRemarks": null, "materialEntityID": null, "materialEntityRemarks": null, "verbatimLabel": null, "materialSampleID": null, "eventID": null, "parentEventID": null, "eventType": null, "fieldNumber": null, "eventDate": "2018-09-01", "eventTime": "11:51:30", "startDayOfYear": 244, "endDayOfYear": 244, "year": 2018, "month": 9, "day": 1, "verbatimEventDate": "2018-09-01 11:51:30 AM PDT", "habitat": null, "samplingProtocol": null, "sampleSizeValue": null, "sampleSizeUnit": null, "samplingEffort": null, "fieldNotes": null, "eventRemarks": null, "locationID": null, "higherGeographyID": null, "higherGeography": null, "continent": "NORTH_AMERICA", "waterBody": null, "islandGroup": null, "island": null, "countryCode": "US", "stateProvince": "California", "county": null, "municipality": null, "locality": null, "verbatimLocality": "Los Angeles County, US-CA, US", "verbatimElevation": null, "verticalDatum": null, "verbatimDepth": null, "minimumDistanceAboveSurfaceInMeters": null, "maximumDistanceAboveSurfaceInMeters": null, "locationAccordingTo": null, "locationRemarks": null, "decimalLatitude": 33.981776, "decimalLongitude": -118.169587, "coordinateUncertaintyInMeters": 28902.0, "coordinatePrecision": null, "pointRadiusSpatialFit": null, "verbatimCoordinateSystem": null, "verbatimSRS": null, "footprintWKT": null, "footprintSRS": null, "footprintSpatialFit": null, "georeferencedBy": null, "georeferencedDate": null, "georeferenceProtocol": null, "georeferenceSources": null, "georeferenceRemarks": null, "geologicalContextID": null, "earliestEonOrLowestEonothem": null, "latestEonOrHighestEonothem": null, "earliestEraOrLowestErathem": null, "latestEraOrHighestErathem": null, "earliestPeriodOrLowestSystem": null, "latestPeriodOrHighestSystem": null, "earliestEpochOrLowestSeries": null, "latestEpochOrHighestSeries": null, "earliestAgeOrLowestStage": null, "latestAgeOrHighestStage": null, "lowestBiostratigraphicZone": null, "highestBiostratigraphicZone": null, "lithostratigraphicTerms": null, "group": null, "formation": null, "member": null, "bed": null, "identificationID": 34658111, "verbatimIdentification": null, "identificationQualifier": null, "typeStatus": null, "identifiedBy": "Sara Cristina Medina", "identifiedByID": null, "dateIdentified": "2018-09-01", "identificationReferences": null, "identificationVerificationStatus": null, "identificationRemarks": null, "taxonID": 117227, "scientificNameID": null, "acceptedNameUsageID": 2529827, "parentNameUsageID": null, "originalNameUsageID": null, "nameAccordingToID": null, "namePublishedInID": null, "taxonConceptID": null, "scientificName": "Conocybe apala (Fr.) Arnolds", "acceptedNameUsage": null, "parentNameUsage": null, "originalNameUsage": null, "nameAccordingTo": null, "namePublishedIn": null, "namePublishedInYear": null, "higherClassification": null, "kingdom": "Fungi", "phylum": "Basidiomycota", "class": "Agaricomycetes", "order": "Agaricales", "superfamily": null, "family": "Bolbitiaceae", "subfamily": null, "tribe": null, "subtribe": null, "genus": "Conocybe", "genericName": "Conocybe", "subgenus": null, "infragenericEpithet": null, "specificEpithet": "apala", "infraspecificEpithet": null, "cultivarEpithet": null, "taxonRank": "SPECIES", "verbatimTaxonRank": null, "vernacularName": null, "nomenclaturalCode": null, "taxonomicStatus": "ACCEPTED", "nomenclaturalStatus": null, "taxonRemarks": null, "datasetKey": "50c9509d-22c7-4a22-a47d-8c48425ef4a7", "publishingCountry": "US", "lastInterpreted": "2025-10-14T16:54:31.729Z", "elevation": null, "elevationAccuracy": null, "depth": null, "depthAccuracy": null, "distanceFromCentroidInMeters": null, "issue": "COORDINATE_ROUNDED;CONTINENT_DERIVED_FROM_COORDINATES;TAXON_ID_NOT_FOUND", "taxonomicIssue": "TAXON_ID_NOT_FOUND", "nonTaxonomicIssue": null, "mediaType": "StillImage;StillImage", "hasCoordinate": true, "hasGeospatialIssues": false, "taxonKey": 2529827, "acceptedTaxonKey": 2529827, "kingdomKey": 5, "phylumKey": 34, "classKey": 186, "orderKey": 1499, "familyKey": 8440, "genusKey": 2529714, "subgenusKey": null, "speciesKey": 2529827, "species": "Conocybe apala", "acceptedScientificName": "Conocybe apala (Fr.) Arnolds", "verbatimScientificName": "Conocybe apala", "typifiedName": null, "protocol": "DWC_ARCHIVE", "lastParsed": "2025-10-14T16:54:31.729Z", "lastCrawled": "2025-10-14T04:54:04.400Z", "isInvasive": null, "repatriated": false, "relativeOrganismQuantity": null, "projectId": "https://www.inaturalist.org/projects/superproject-3;https://www.inaturalist.org/projects/fungi-of-the-california-floristic-province;https://www.inaturalist.org/projects/l-a-nature-map", "isSequenced": false, "gbifRegion": "NORTH_AMERICA", "publishedByGbifRegion": "NORTH_AMERICA", "level0Gid": "USA", "level0Name": "United States", "level1Gid": "USA.5_1", "level1Name": "California", "level2Gid": "USA.5.19_1", "level2Name": "Los Angeles", "level3Gid": null, "level3Name": null, "iucnRedListCategory": null, "type_2": "StillImage", "format": "image/jpeg", "identifier": "https://inaturalist-open-data.s3.amazonaws.com/photos/24143215/original.jpeg", "references_2": "https://www.inaturalist.org/photos/24143215" }, "geometry": { "type": "Point", "coordinates": [ -118.169587, 33.981776 ] } },
{ "type": "Feature", "properties": { "gbifID": 4936187201, "accessRights": null, "bibliographicCitation": null, "language": null, "license": "CC_BY_NC_4_0", "modified": "2024-08-31T02:09:11Z", "publisher": "iNaturalist.org", "references": "https://www.inaturalist.org/observations/201212180", "rightsHolder": "naturephotosuze", "type": null, "institutionID": null, "collectionID": null, "datasetID": null, "institutionCode": "iNaturalist", "collectionCode": "Observations", "datasetName": "iNaturalist research-grade observations", "ownerInstitutionCode": null, "basisOfRecord": "HUMAN_OBSERVATION", "informationWithheld": null, "dataGeneralizations": null, "dynamicProperties": null, "occurrenceID": "https://www.inaturalist.org/observations/201212180", "catalogNumber": 201212180, "recordNumber": null, "recordedBy": "naturephotosuze", "recordedByID": null, "individualCount": null, "organismQuantity": null, "organismQuantityType": null, "sex": null, "lifeStage": null, "reproductiveCondition": null, "caste": null, "behavior": null, "vitality": null, "establishmentMeans": null, "degreeOfEstablishment": null, "pathway": null, "georeferenceVerificationStatus": null, "occurrenceStatus": "PRESENT", "preparations": null, "disposition": null, "associatedOccurrences": null, "associatedReferences": null, "associatedSequences": null, "associatedTaxa": null, "otherCatalogNumbers": null, "occurrenceRemarks": "LA River Colfax", "organismID": null, "organismName": null, "organismScope": null, "associatedOrganisms": null, "previousIdentifications": null, "organismRemarks": null, "materialEntityID": null, "materialEntityRemarks": null, "verbatimLabel": null, "materialSampleID": null, "eventID": null, "parentEventID": null, "eventType": null, "fieldNumber": null, "eventDate": "2024-03-03", "eventTime": "09:46:00", "startDayOfYear": 63, "endDayOfYear": 63, "year": 2024, "month": 3, "day": 3, "verbatimEventDate": "2024/03/03 9:46 AM", "habitat": null, "samplingProtocol": null, "sampleSizeValue": null, "sampleSizeUnit": null, "samplingEffort": null, "fieldNotes": null, "eventRemarks": null, "locationID": null, "higherGeographyID": null, "higherGeography": null, "continent": "NORTH_AMERICA", "waterBody": null, "islandGroup": null, "island": null, "countryCode": "US", "stateProvince": "California", "county": null, "municipality": null, "locality": null, "verbatimLocality": "Studio City, Los Angeles, CA, USA", "verbatimElevation": null, "verticalDatum": null, "verbatimDepth": null, "minimumDistanceAboveSurfaceInMeters": null, "maximumDistanceAboveSurfaceInMeters": null, "locationAccordingTo": null, "locationRemarks": null, "decimalLatitude": 34.141168, "decimalLongitude": -118.385963, "coordinateUncertaintyInMeters": 2.0, "coordinatePrecision": null, "pointRadiusSpatialFit": null, "verbatimCoordinateSystem": null, "verbatimSRS": null, "footprintWKT": null, "footprintSRS": null, "footprintSpatialFit": null, "georeferencedBy": null, "georeferencedDate": null, "georeferenceProtocol": null, "georeferenceSources": null, "georeferenceRemarks": null, "geologicalContextID": null, "earliestEonOrLowestEonothem": null, "latestEonOrHighestEonothem": null, "earliestEraOrLowestErathem": null, "latestEraOrHighestErathem": null, "earliestPeriodOrLowestSystem": null, "latestPeriodOrHighestSystem": null, "earliestEpochOrLowestSeries": null, "latestEpochOrHighestSeries": null, "earliestAgeOrLowestStage": null, "latestAgeOrHighestStage": null, "lowestBiostratigraphicZone": null, "highestBiostratigraphicZone": null, "lithostratigraphicTerms": null, "group": null, "formation": null, "member": null, "bed": null, "identificationID": 456777034, "verbatimIdentification": null, "identificationQualifier": null, "typeStatus": null, "identifiedBy": "Jamie Griffiths", "identifiedByID": null, "dateIdentified": "2024-03-04", "identificationReferences": null, "identificationVerificationStatus": null, "identificationRemarks": null, "taxonID": 118393, "scientificNameID": null, "acceptedNameUsageID": 9050242, "parentNameUsageID": null, "originalNameUsageID": null, "nameAccordingToID": null, "namePublishedInID": null, "taxonConceptID": null, "scientificName": "Agrocybe pediades (Fr.) Fayod", "acceptedNameUsage": null, "parentNameUsage": null, "originalNameUsage": null, "nameAccordingTo": null, "namePublishedIn": null, "namePublishedInYear": null, "higherClassification": null, "kingdom": "Fungi", "phylum": "Basidiomycota", "class": "Agaricomycetes", "order": "Agaricales", "superfamily": null, "family": "Strophariaceae", "subfamily": null, "tribe": null, "subtribe": null, "genus": "Agrocybe", "genericName": "Agrocybe", "subgenus": null, "infragenericEpithet": null, "specificEpithet": "pediades", "infraspecificEpithet": null, "cultivarEpithet": null, "taxonRank": "SPECIES", "verbatimTaxonRank": null, "vernacularName": null, "nomenclaturalCode": null, "taxonomicStatus": "ACCEPTED", "nomenclaturalStatus": null, "taxonRemarks": null, "datasetKey": "50c9509d-22c7-4a22-a47d-8c48425ef4a7", "publishingCountry": "US", "lastInterpreted": "2025-10-14T16:20:33.202Z", "elevation": null, "elevationAccuracy": null, "depth": null, "depthAccuracy": null, "distanceFromCentroidInMeters": null, "issue": "COORDINATE_ROUNDED;CONTINENT_DERIVED_FROM_COORDINATES;TAXON_ID_NOT_FOUND", "taxonomicIssue": "TAXON_ID_NOT_FOUND", "nonTaxonomicIssue": null, "mediaType": null, "hasCoordinate": true, "hasGeospatialIssues": false, "taxonKey": 9050242, "acceptedTaxonKey": 9050242, "kingdomKey": 5, "phylumKey": 34, "classKey": 186, "orderKey": 1499, "familyKey": 4186, "genusKey": 2527828, "subgenusKey": null, "speciesKey": 9050242, "species": "Agrocybe pediades", "acceptedScientificName": "Agrocybe pediades (Fr.) Fayod", "verbatimScientificName": "Agrocybe pediades", "typifiedName": null, "protocol": "DWC_ARCHIVE", "lastParsed": "2025-10-14T16:20:33.202Z", "lastCrawled": "2025-10-14T04:54:04.400Z", "isInvasive": null, "repatriated": false, "relativeOrganismQuantity": null, "projectId": "https://www.inaturalist.org/projects/fungi-of-the-california-floristic-province", "isSequenced": false, "gbifRegion": "NORTH_AMERICA", "publishedByGbifRegion": "NORTH_AMERICA", "level0Gid": "USA", "level0Name": "United States", "level1Gid": "USA.5_1", "level1Name": "California", "level2Gid": "USA.5.19_1", "level2Name": "Los Angeles", "level3Gid": null, "level3Name": null, "iucnRedListCategory": null, "type_2": null, "format": null, "identifier": null, "references_2": null }, "geometry": { "type": "Point", "coordinates": [ -118.385963, 34.141168 ] } },
{ "type": "Feature", "properties": { "gbifID": 2597695394, "accessRights": null, "bibliographicCitation": null, "language": null, "license": "CC_BY_NC_4_0", "modified": "2020-04-05T22:49:25Z", "publisher": "iNaturalist.org", "references": "https://www.inaturalist.org/observations/41479746", "rightsHolder": "maddie", "type": null, "institutionID": null, "collectionID": null, "datasetID": null, "institutionCode": "iNaturalist", "collectionCode": "Observations", "datasetName": "iNaturalist research-grade observations", "ownerInstitutionCode": null, "basisOfRecord": "HUMAN_OBSERVATION", "informationWithheld": null, "dataGeneralizations": null, "dynamicProperties": null, "occurrenceID": "https://www.inaturalist.org/observations/41479746", "catalogNumber": 41479746, "recordNumber": null, "recordedBy": "maddie", "recordedByID": null, "individualCount": null, "organismQuantity": null, "organismQuantityType": null, "sex": null, "lifeStage": null, "reproductiveCondition": null, "caste": null, "behavior": null, "vitality": null, "establishmentMeans": null, "degreeOfEstablishment": null, "pathway": null, "georeferenceVerificationStatus": null, "occurrenceStatus": "PRESENT", "preparations": null, "disposition": null, "associatedOccurrences": null, "associatedReferences": null, "associatedSequences": null, "associatedTaxa": null, "otherCatalogNumbers": null, "occurrenceRemarks": null, "organismID": null, "organismName": null, "organismScope": null, "associatedOrganisms": null, "previousIdentifications": null, "organismRemarks": null, "materialEntityID": null, "materialEntityRemarks": null, "verbatimLabel": null, "materialSampleID": null, "eventID": null, "parentEventID": null, "eventType": null, "fieldNumber": null, "eventDate": "2020-04-05", "eventTime": "13:59:09", "startDayOfYear": 96, "endDayOfYear": 96, "year": 2020, "month": 4, "day": 5, "verbatimEventDate": "2020-04-05 1:59:09 PM PDT", "habitat": null, "samplingProtocol": null, "sampleSizeValue": null, "sampleSizeUnit": null, "samplingEffort": null, "fieldNotes": null, "eventRemarks": null, "locationID": null, "higherGeographyID": null, "higherGeography": null, "continent": "NORTH_AMERICA", "waterBody": null, "islandGroup": null, "island": null, "countryCode": "US", "stateProvince": "California", "county": null, "municipality": null, "locality": null, "verbatimLocality": "Atwater Village, Los Angeles, CA, USA", "verbatimElevation": null, "verticalDatum": null, "verbatimDepth": null, "minimumDistanceAboveSurfaceInMeters": null, "maximumDistanceAboveSurfaceInMeters": null, "locationAccordingTo": null, "locationRemarks": null, "decimalLatitude": 34.109407, "decimalLongitude": -118.257376, "coordinateUncertaintyInMeters": null, "coordinatePrecision": null, "pointRadiusSpatialFit": null, "verbatimCoordinateSystem": null, "verbatimSRS": null, "footprintWKT": null, "footprintSRS": null, "footprintSpatialFit": null, "georeferencedBy": null, "georeferencedDate": null, "georeferenceProtocol": null, "georeferenceSources": null, "georeferenceRemarks": null, "geologicalContextID": null, "earliestEonOrLowestEonothem": null, "latestEonOrHighestEonothem": null, "earliestEraOrLowestErathem": null, "latestEraOrHighestErathem": null, "earliestPeriodOrLowestSystem": null, "latestPeriodOrHighestSystem": null, "earliestEpochOrLowestSeries": null, "latestEpochOrHighestSeries": null, "earliestAgeOrLowestStage": null, "latestAgeOrHighestStage": null, "lowestBiostratigraphicZone": null, "highestBiostratigraphicZone": null, "lithostratigraphicTerms": null, "group": null, "formation": null, "member": null, "bed": null, "identificationID": 93830500, "verbatimIdentification": null, "identificationQualifier": null, "typeStatus": null, "identifiedBy": "maddie", "identifiedByID": null, "dateIdentified": "2020-04-05", "identificationReferences": null, "identificationVerificationStatus": null, "identificationRemarks": null, "taxonID": 349998, "scientificNameID": null, "acceptedNameUsageID": 5898938, "parentNameUsageID": null, "originalNameUsageID": null, "nameAccordingToID": null, "namePublishedInID": null, "taxonConceptID": null, "scientificName": "Agaricus deserticola G.Moreno, Esqueda & Lizárraga", "acceptedNameUsage": null, "parentNameUsage": null, "originalNameUsage": null, "nameAccordingTo": null, "namePublishedIn": null, "namePublishedInYear": null, "higherClassification": null, "kingdom": "Fungi", "phylum": "Basidiomycota", "class": "Agaricomycetes", "order": "Agaricales", "superfamily": null, "family": "Agaricaceae", "subfamily": null, "tribe": null, "subtribe": null, "genus": "Agaricus", "genericName": "Agaricus", "subgenus": null, "infragenericEpithet": null, "specificEpithet": "deserticola", "infraspecificEpithet": null, "cultivarEpithet": null, "taxonRank": "SPECIES", "verbatimTaxonRank": null, "vernacularName": null, "nomenclaturalCode": null, "taxonomicStatus": "ACCEPTED", "nomenclaturalStatus": null, "taxonRemarks": null, "datasetKey": "50c9509d-22c7-4a22-a47d-8c48425ef4a7", "publishingCountry": "US", "lastInterpreted": "2025-10-14T17:01:05.119Z", "elevation": null, "elevationAccuracy": null, "depth": null, "depthAccuracy": null, "distanceFromCentroidInMeters": null, "issue": "COORDINATE_ROUNDED;CONTINENT_DERIVED_FROM_COORDINATES;TAXON_ID_NOT_FOUND", "taxonomicIssue": "TAXON_ID_NOT_FOUND", "nonTaxonomicIssue": null, "mediaType": "StillImage;StillImage", "hasCoordinate": true, "hasGeospatialIssues": false, "taxonKey": 5898938, "acceptedTaxonKey": 5898938, "kingdomKey": 5, "phylumKey": 34, "classKey": 186, "orderKey": 1499, "familyKey": 4170, "genusKey": 2518646, "subgenusKey": null, "speciesKey": 5898938, "species": "Agaricus deserticola", "acceptedScientificName": "Agaricus deserticola G.Moreno, Esqueda & Lizárraga", "verbatimScientificName": "Agaricus deserticola", "typifiedName": null, "protocol": "DWC_ARCHIVE", "lastParsed": "2025-10-14T17:01:05.119Z", "lastCrawled": "2025-10-14T04:54:04.400Z", "isInvasive": null, "repatriated": false, "relativeOrganismQuantity": null, "projectId": "https://www.inaturalist.org/projects/los-angeles-city-biodiversity-initiative;https://www.inaturalist.org/projects/fungi-of-the-california-floristic-province", "isSequenced": false, "gbifRegion": "NORTH_AMERICA", "publishedByGbifRegion": "NORTH_AMERICA", "level0Gid": "USA", "level0Name": "United States", "level1Gid": "USA.5_1", "level1Name": "California", "level2Gid": "USA.5.19_1", "level2Name": "Los Angeles", "level3Gid": null, "level3Name": null, "iucnRedListCategory": null, "type_2": "StillImage", "format": "image/jpeg", "identifier": "https://inaturalist-open-data.s3.amazonaws.com/photos/65805276/original.jpeg", "references_2": "https://www.inaturalist.org/photos/65805276" }, "geometry": { "type": "Point", "coordinates": [ -118.257376, 34.109407 ] } },
{ "type": "Feature", "properties": { "gbifID": 4863958377, "accessRights": null, "bibliographicCitation": null, "language": null, "license": "CC_BY_NC_4_0", "modified": "2024-05-14T19:10:58Z", "publisher": "iNaturalist.org", "references": "https://www.inaturalist.org/observations/131474046", "rightsHolder": "Josh McGinnis", "type": null, "institutionID": null, "collectionID": null, "datasetID": null, "institutionCode": "iNaturalist", "collectionCode": "Observations", "datasetName": "iNaturalist research-grade observations", "ownerInstitutionCode": null, "basisOfRecord": "HUMAN_OBSERVATION", "informationWithheld": "Coordinate uncertainty increased to 28902m at the request of the observer", "dataGeneralizations": null, "dynamicProperties": null, "occurrenceID": "https://www.inaturalist.org/observations/131474046", "catalogNumber": 131474046, "recordNumber": null, "recordedBy": "Josh McGinnis", "recordedByID": null, "individualCount": null, "organismQuantity": null, "organismQuantityType": null, "sex": null, "lifeStage": null, "reproductiveCondition": null, "caste": null, "behavior": null, "vitality": null, "establishmentMeans": null, "degreeOfEstablishment": null, "pathway": null, "georeferenceVerificationStatus": null, "occurrenceStatus": "PRESENT", "preparations": null, "disposition": null, "associatedOccurrences": null, "associatedReferences": null, "associatedSequences": null, "associatedTaxa": null, "otherCatalogNumbers": null, "occurrenceRemarks": null, "organismID": null, "organismName": null, "organismScope": null, "associatedOrganisms": null, "previousIdentifications": null, "organismRemarks": null, "materialEntityID": null, "materialEntityRemarks": null, "verbatimLabel": null, "materialSampleID": null, "eventID": null, "parentEventID": null, "eventType": null, "fieldNumber": null, "eventDate": "2022-07-17", "eventTime": "09:01:00", "startDayOfYear": 198, "endDayOfYear": 198, "year": 2022, "month": 7, "day": 17, "verbatimEventDate": "2022/07/17 9:01 AM", "habitat": null, "samplingProtocol": null, "sampleSizeValue": null, "sampleSizeUnit": null, "samplingEffort": null, "fieldNotes": null, "eventRemarks": null, "locationID": null, "higherGeographyID": null, "higherGeography": null, "continent": "NORTH_AMERICA", "waterBody": null, "islandGroup": null, "island": null, "countryCode": "US", "stateProvince": "California", "county": null, "municipality": null, "locality": null, "verbatimLocality": "Los Angeles County, US-CA, US", "verbatimElevation": null, "verticalDatum": null, "verbatimDepth": null, "minimumDistanceAboveSurfaceInMeters": null, "maximumDistanceAboveSurfaceInMeters": null, "locationAccordingTo": null, "locationRemarks": null, "decimalLatitude": 33.845703, "decimalLongitude": -118.202408, "coordinateUncertaintyInMeters": 28902.0, "coordinatePrecision": null, "pointRadiusSpatialFit": null, "verbatimCoordinateSystem": null, "verbatimSRS": null, "footprintWKT": null, "footprintSRS": null, "footprintSpatialFit": null, "georeferencedBy": null, "georeferencedDate": null, "georeferenceProtocol": null, "georeferenceSources": null, "georeferenceRemarks": null, "geologicalContextID": null, "earliestEonOrLowestEonothem": null, "latestEonOrHighestEonothem": null, "earliestEraOrLowestErathem": null, "latestEraOrHighestErathem": null, "earliestPeriodOrLowestSystem": null, "latestPeriodOrHighestSystem": null, "earliestEpochOrLowestSeries": null, "latestEpochOrHighestSeries": null, "earliestAgeOrLowestStage": null, "latestAgeOrHighestStage": null, "lowestBiostratigraphicZone": null, "highestBiostratigraphicZone": null, "lithostratigraphicTerms": null, "group": null, "formation": null, "member": null, "bed": null, "identificationID": 289966924, "verbatimIdentification": null, "identificationQualifier": null, "typeStatus": null, "identifiedBy": "Josh McGinnis", "identifiedByID": null, "dateIdentified": "2022-08-19", "identificationReferences": null, "identificationVerificationStatus": null, "identificationRemarks": null, "taxonID": 1226011, "scientificNameID": null, "acceptedNameUsageID": 3450550, "parentNameUsageID": null, "originalNameUsageID": null, "nameAccordingToID": null, "namePublishedInID": null, "taxonConceptID": null, "scientificName": "Hydropisphaera fungicola Rossman, D.F.Farr & G.Newc.", "acceptedNameUsage": null, "parentNameUsage": null, "originalNameUsage": null, "nameAccordingTo": null, "namePublishedIn": null, "namePublishedInYear": null, "higherClassification": null, "kingdom": "Fungi", "phylum": "Ascomycota", "class": "Sordariomycetes", "order": "Hypocreales", "superfamily": null, "family": "Nectriaceae", "subfamily": null, "tribe": null, "subtribe": null, "genus": "Hydropisphaera", "genericName": "Hydropisphaera", "subgenus": null, "infragenericEpithet": null, "specificEpithet": "fungicola", "infraspecificEpithet": null, "cultivarEpithet": null, "taxonRank": "SPECIES", "verbatimTaxonRank": null, "vernacularName": null, "nomenclaturalCode": null, "taxonomicStatus": "ACCEPTED", "nomenclaturalStatus": null, "taxonRemarks": null, "datasetKey": "50c9509d-22c7-4a22-a47d-8c48425ef4a7", "publishingCountry": "US", "lastInterpreted": "2025-10-14T17:24:54.590Z", "elevation": null, "elevationAccuracy": null, "depth": null, "depthAccuracy": null, "distanceFromCentroidInMeters": null, "issue": "COORDINATE_ROUNDED;CONTINENT_DERIVED_FROM_COORDINATES;TAXON_ID_NOT_FOUND", "taxonomicIssue": "TAXON_ID_NOT_FOUND", "nonTaxonomicIssue": null, "mediaType": "StillImage;StillImage;StillImage;StillImage;StillImage", "hasCoordinate": true, "hasGeospatialIssues": false, "taxonKey": 3450550, "acceptedTaxonKey": 3450550, "kingdomKey": 5, "phylumKey": 95, "classKey": 320, "orderKey": 1290, "familyKey": 4152, "genusKey": 2561223, "subgenusKey": null, "speciesKey": 3450550, "species": "Hydropisphaera fungicola", "acceptedScientificName": "Hydropisphaera fungicola Rossman, D.F.Farr & G.Newc.", "verbatimScientificName": "Hydropisphaera fungicola", "typifiedName": null, "protocol": "DWC_ARCHIVE", "lastParsed": "2025-10-14T17:24:54.590Z", "lastCrawled": "2025-10-14T04:54:04.400Z", "isInvasive": null, "repatriated": false, "relativeOrganismQuantity": null, "projectId": "https://www.inaturalist.org/projects/fungi-with-dna-barcode-data;https://www.inaturalist.org/projects/fungi-of-the-california-floristic-province", "isSequenced": true, "gbifRegion": "NORTH_AMERICA", "publishedByGbifRegion": "NORTH_AMERICA", "level0Gid": "USA", "level0Name": "United States", "level1Gid": "USA.5_1", "level1Name": "California", "level2Gid": "USA.5.19_1", "level2Name": "Los Angeles", "level3Gid": null, "level3Name": null, "iucnRedListCategory": null, "type_2": "StillImage", "format": "image/jpeg", "identifier": "https://inaturalist-open-data.s3.amazonaws.com/photos/223743791/original.jpeg", "references_2": "https://www.inaturalist.org/photos/223743791" }, "geometry": { "type": "Point", "coordinates": [ -118.202408, 33.845703 ] } },
{ "type": "Feature", "properties": { "gbifID": 4018215135, "accessRights": null, "bibliographicCitation": null, "language": null, "license": "CC_BY_NC_4_0", "modified": "2024-01-19T11:10:55Z", "publisher": "iNaturalist.org", "references": "https://www.inaturalist.org/observations/146490799", "rightsHolder": "haloonebillion", "type": null, "institutionID": null, "collectionID": null, "datasetID": null, "institutionCode": "iNaturalist", "collectionCode": "Observations", "datasetName": "iNaturalist research-grade observations", "ownerInstitutionCode": null, "basisOfRecord": "HUMAN_OBSERVATION", "informationWithheld": null, "dataGeneralizations": null, "dynamicProperties": null, "occurrenceID": "https://www.inaturalist.org/observations/146490799", "catalogNumber": 146490799, "recordNumber": null, "recordedBy": "haloonebillion", "recordedByID": null, "individualCount": null, "organismQuantity": null, "organismQuantityType": null, "sex": null, "lifeStage": null, "reproductiveCondition": null, "caste": null, "behavior": null, "vitality": null, "establishmentMeans": null, "degreeOfEstablishment": null, "pathway": null, "georeferenceVerificationStatus": null, "occurrenceStatus": "PRESENT", "preparations": null, "disposition": null, "associatedOccurrences": null, "associatedReferences": null, "associatedSequences": null, "associatedTaxa": null, "otherCatalogNumbers": null, "occurrenceRemarks": null, "organismID": null, "organismName": null, "organismScope": null, "associatedOrganisms": null, "previousIdentifications": null, "organismRemarks": null, "materialEntityID": null, "materialEntityRemarks": null, "verbatimLabel": null, "materialSampleID": null, "eventID": null, "parentEventID": null, "eventType": null, "fieldNumber": null, "eventDate": "2023-01-13", "eventTime": "14:10:16", "startDayOfYear": 13, "endDayOfYear": 13, "year": 2023, "month": 1, "day": 13, "verbatimEventDate": "Fri Jan 13 2023 14:10:16 GMT-0800 (PST)", "habitat": null, "samplingProtocol": null, "sampleSizeValue": null, "sampleSizeUnit": null, "samplingEffort": null, "fieldNotes": null, "eventRemarks": null, "locationID": null, "higherGeographyID": null, "higherGeography": null, "continent": "NORTH_AMERICA", "waterBody": null, "islandGroup": null, "island": null, "countryCode": "US", "stateProvince": "California", "county": null, "municipality": null, "locality": null, "verbatimLocality": "Los Feliz Blvd, Los Angeles, CA, US", "verbatimElevation": null, "verticalDatum": null, "verbatimDepth": null, "minimumDistanceAboveSurfaceInMeters": null, "maximumDistanceAboveSurfaceInMeters": null, "locationAccordingTo": null, "locationRemarks": null, "decimalLatitude": 34.128378, "decimalLongitude": -118.272252, "coordinateUncertaintyInMeters": 51.0, "coordinatePrecision": null, "pointRadiusSpatialFit": null, "verbatimCoordinateSystem": null, "verbatimSRS": null, "footprintWKT": null, "footprintSRS": null, "footprintSpatialFit": null, "georeferencedBy": null, "georeferencedDate": null, "georeferenceProtocol": null, "georeferenceSources": null, "georeferenceRemarks": null, "geologicalContextID": null, "earliestEonOrLowestEonothem": null, "latestEonOrHighestEonothem": null, "earliestEraOrLowestErathem": null, "latestEraOrHighestErathem": null, "earliestPeriodOrLowestSystem": null, "latestPeriodOrHighestSystem": null, "earliestEpochOrLowestSeries": null, "latestEpochOrHighestSeries": null, "earliestAgeOrLowestStage": null, "latestAgeOrHighestStage": null, "lowestBiostratigraphicZone": null, "highestBiostratigraphicZone": null, "lithostratigraphicTerms": null, "group": null, "formation": null, "member": null, "bed": null, "identificationID": 444489669, "verbatimIdentification": null, "identificationQualifier": null, "typeStatus": null, "identifiedBy": "haloonebillion", "identifiedByID": null, "dateIdentified": "2024-01-19", "identificationReferences": null, "identificationVerificationStatus": null, "identificationRemarks": null, "taxonID": 1525558, "scientificNameID": null, "acceptedNameUsageID": 2527585, "parentNameUsageID": null, "originalNameUsageID": null, "nameAccordingToID": null, "namePublishedInID": null, "taxonConceptID": null, "scientificName": "Collybia (Fr.) Staude", "acceptedNameUsage": null, "parentNameUsage": null, "originalNameUsage": null, "nameAccordingTo": null, "namePublishedIn": null, "namePublishedInYear": null, "higherClassification": null, "kingdom": "Fungi", "phylum": "Basidiomycota", "class": "Agaricomycetes", "order": "Agaricales", "superfamily": null, "family": "Tricholomataceae", "subfamily": null, "tribe": null, "subtribe": null, "genus": "Collybia", "genericName": null, "subgenus": null, "infragenericEpithet": null, "specificEpithet": null, "infraspecificEpithet": null, "cultivarEpithet": null, "taxonRank": "GENUS", "verbatimTaxonRank": null, "vernacularName": null, "nomenclaturalCode": null, "taxonomicStatus": "ACCEPTED", "nomenclaturalStatus": null, "taxonRemarks": null, "datasetKey": "50c9509d-22c7-4a22-a47d-8c48425ef4a7", "publishingCountry": "US", "lastInterpreted": "2025-10-14T18:41:22.492Z", "elevation": null, "elevationAccuracy": null, "depth": null, "depthAccuracy": null, "distanceFromCentroidInMeters": null, "issue": "COORDINATE_ROUNDED;CONTINENT_DERIVED_FROM_COORDINATES;TAXON_ID_NOT_FOUND;TAXON_MATCH_HIGHERRANK", "taxonomicIssue": "TAXON_ID_NOT_FOUND\\|TAXON_MATCH_HIGHERRANK", "nonTaxonomicIssue": null, "mediaType": "StillImage", "hasCoordinate": true, "hasGeospatialIssues": false, "taxonKey": 2527585, "acceptedTaxonKey": 2527585, "kingdomKey": 5, "phylumKey": 34, "classKey": 186, "orderKey": 1499, "familyKey": 8787, "genusKey": 2527585, "subgenusKey": null, "speciesKey": null, "species": null, "acceptedScientificName": "Collybia (Fr.) Staude", "verbatimScientificName": "Collybia brunneocephala", "typifiedName": null, "protocol": "DWC_ARCHIVE", "lastParsed": "2025-10-14T18:41:22.492Z", "lastCrawled": "2025-10-14T04:54:04.400Z", "isInvasive": null, "repatriated": false, "relativeOrganismQuantity": null, "projectId": "https://www.inaturalist.org/projects/fungi-of-the-california-floristic-province", "isSequenced": false, "gbifRegion": "NORTH_AMERICA", "publishedByGbifRegion": "NORTH_AMERICA", "level0Gid": "USA", "level0Name": "United States", "level1Gid": "USA.5_1", "level1Name": "California", "level2Gid": "USA.5.19_1", "level2Name": "Los Angeles", "level3Gid": null, "level3Name": null, "iucnRedListCategory": null, "type_2": "StillImage", "format": "image/jpeg", "identifier": "https://inaturalist-open-data.s3.amazonaws.com/photos/251865478/original.jpg", "references_2": "https://www.inaturalist.org/photos/251865478" }, "geometry": { "type": "Point", "coordinates": [ -118.272252, 34.128378 ] } },
{ "type": "Feature", "properties": { "gbifID": 4936184121, "accessRights": null, "bibliographicCitation": null, "language": null, "license": "CC_BY_NC_4_0", "modified": "2024-08-31T02:09:11Z", "publisher": "iNaturalist.org", "references": "https://www.inaturalist.org/observations/146646319", "rightsHolder": "naturephotosuze", "type": null, "institutionID": null, "collectionID": null, "datasetID": null, "institutionCode": "iNaturalist", "collectionCode": "Observations", "datasetName": "iNaturalist research-grade observations", "ownerInstitutionCode": null, "basisOfRecord": "HUMAN_OBSERVATION", "informationWithheld": null, "dataGeneralizations": null, "dynamicProperties": null, "occurrenceID": "https://www.inaturalist.org/observations/146646319", "catalogNumber": 146646319, "recordNumber": null, "recordedBy": "naturephotosuze", "recordedByID": null, "individualCount": null, "organismQuantity": null, "organismQuantityType": null, "sex": null, "lifeStage": null, "reproductiveCondition": null, "caste": null, "behavior": null, "vitality": null, "establishmentMeans": null, "degreeOfEstablishment": null, "pathway": null, "georeferenceVerificationStatus": null, "occurrenceStatus": "PRESENT", "preparations": null, "disposition": null, "associatedOccurrences": null, "associatedReferences": null, "associatedSequences": null, "associatedTaxa": null, "otherCatalogNumbers": null, "occurrenceRemarks": "LA River Colfax", "organismID": null, "organismName": null, "organismScope": null, "associatedOrganisms": null, "previousIdentifications": null, "organismRemarks": null, "materialEntityID": null, "materialEntityRemarks": null, "verbatimLabel": null, "materialSampleID": null, "eventID": null, "parentEventID": null, "eventType": null, "fieldNumber": null, "eventDate": "2023-01-15", "eventTime": "10:11:00", "startDayOfYear": 15, "endDayOfYear": 15, "year": 2023, "month": 1, "day": 15, "verbatimEventDate": "2023/01/15 10:11 AM", "habitat": null, "samplingProtocol": null, "sampleSizeValue": null, "sampleSizeUnit": null, "samplingEffort": null, "fieldNotes": null, "eventRemarks": null, "locationID": null, "higherGeographyID": null, "higherGeography": null, "continent": "NORTH_AMERICA", "waterBody": null, "islandGroup": null, "island": null, "countryCode": "US", "stateProvince": "California", "county": null, "municipality": null, "locality": null, "verbatimLocality": "Studio City, Los Angeles, CA, USA", "verbatimElevation": null, "verticalDatum": null, "verbatimDepth": null, "minimumDistanceAboveSurfaceInMeters": null, "maximumDistanceAboveSurfaceInMeters": null, "locationAccordingTo": null, "locationRemarks": null, "decimalLatitude": 34.14044, "decimalLongitude": -118.383029, "coordinateUncertaintyInMeters": 15.0, "coordinatePrecision": null, "pointRadiusSpatialFit": null, "verbatimCoordinateSystem": null, "verbatimSRS": null, "footprintWKT": null, "footprintSRS": null, "footprintSpatialFit": null, "georeferencedBy": null, "georeferencedDate": null, "georeferenceProtocol": null, "georeferenceSources": null, "georeferenceRemarks": null, "geologicalContextID": null, "earliestEonOrLowestEonothem": null, "latestEonOrHighestEonothem": null, "earliestEraOrLowestErathem": null, "latestEraOrHighestErathem": null, "earliestPeriodOrLowestSystem": null, "latestPeriodOrHighestSystem": null, "earliestEpochOrLowestSeries": null, "latestEpochOrHighestSeries": null, "earliestAgeOrLowestStage": null, "latestAgeOrHighestStage": null, "lowestBiostratigraphicZone": null, "highestBiostratigraphicZone": null, "lithostratigraphicTerms": null, "group": null, "formation": null, "member": null, "bed": null, "identificationID": 327476859, "verbatimIdentification": null, "identificationQualifier": null, "typeStatus": null, "identifiedBy": "naturephotosuze", "identifiedByID": null, "dateIdentified": "2023-01-15", "identificationReferences": null, "identificationVerificationStatus": null, "identificationRemarks": null, "taxonID": 129323, "scientificNameID": null, "acceptedNameUsageID": 2533993, "parentNameUsageID": null, "originalNameUsageID": null, "nameAccordingToID": null, "namePublishedInID": null, "taxonConceptID": null, "scientificName": "Leratiomyces percevalii (Berk. & Broome) Bridge & Spooner", "acceptedNameUsage": null, "parentNameUsage": null, "originalNameUsage": null, "nameAccordingTo": null, "namePublishedIn": null, "namePublishedInYear": null, "higherClassification": null, "kingdom": "Fungi", "phylum": "Basidiomycota", "class": "Agaricomycetes", "order": "Agaricales", "superfamily": null, "family": "Strophariaceae", "subfamily": null, "tribe": null, "subtribe": null, "genus": "Leratiomyces", "genericName": "Leratiomyces", "subgenus": null, "infragenericEpithet": null, "specificEpithet": "percevalii", "infraspecificEpithet": null, "cultivarEpithet": null, "taxonRank": "SPECIES", "verbatimTaxonRank": null, "vernacularName": null, "nomenclaturalCode": null, "taxonomicStatus": "ACCEPTED", "nomenclaturalStatus": null, "taxonRemarks": null, "datasetKey": "50c9509d-22c7-4a22-a47d-8c48425ef4a7", "publishingCountry": "US", "lastInterpreted": "2025-10-14T18:41:24.310Z", "elevation": null, "elevationAccuracy": null, "depth": null, "depthAccuracy": null, "distanceFromCentroidInMeters": null, "issue": "COORDINATE_ROUNDED;CONTINENT_DERIVED_FROM_COORDINATES;TAXON_ID_NOT_FOUND", "taxonomicIssue": "TAXON_ID_NOT_FOUND", "nonTaxonomicIssue": null, "mediaType": null, "hasCoordinate": true, "hasGeospatialIssues": false, "taxonKey": 2533993, "acceptedTaxonKey": 2533993, "kingdomKey": 5, "phylumKey": 34, "classKey": 186, "orderKey": 1499, "familyKey": 4186, "genusKey": 2533977, "subgenusKey": null, "speciesKey": 2533993, "species": "Leratiomyces percevalii", "acceptedScientificName": "Leratiomyces percevalii (Berk. & Broome) Bridge & Spooner", "verbatimScientificName": "Leratiomyces percevalii", "typifiedName": null, "protocol": "DWC_ARCHIVE", "lastParsed": "2025-10-14T18:41:24.310Z", "lastCrawled": "2025-10-14T04:54:04.400Z", "isInvasive": null, "repatriated": false, "relativeOrganismQuantity": null, "projectId": "https://www.inaturalist.org/projects/fungi-of-the-california-floristic-province", "isSequenced": false, "gbifRegion": "NORTH_AMERICA", "publishedByGbifRegion": "NORTH_AMERICA", "level0Gid": "USA", "level0Name": "United States", "level1Gid": "USA.5_1", "level1Name": "California", "level2Gid": "USA.5.19_1", "level2Name": "Los Angeles", "level3Gid": null, "level3Name": null, "iucnRedListCategory": null, "type_2": null, "format": null, "identifier": null, "references_2": null }, "geometry": { "type": "Point", "coordinates": [ -118.383029, 34.14044 ] } },
{ "type": "Feature", "properties": { "gbifID": 4935670489, "accessRights": null, "bibliographicCitation": null, "language": null, "license": "CC_BY_NC_4_0", "modified": "2024-08-31T02:09:11Z", "publisher": "iNaturalist.org", "references": "https://www.inaturalist.org/observations/148544536", "rightsHolder": "naturephotosuze", "type": null, "institutionID": null, "collectionID": null, "datasetID": null, "institutionCode": "iNaturalist", "collectionCode": "Observations", "datasetName": "iNaturalist research-grade observations", "ownerInstitutionCode": null, "basisOfRecord": "HUMAN_OBSERVATION", "informationWithheld": null, "dataGeneralizations": null, "dynamicProperties": null, "occurrenceID": "https://www.inaturalist.org/observations/148544536", "catalogNumber": 148544536, "recordNumber": null, "recordedBy": "naturephotosuze", "recordedByID": null, "individualCount": null, "organismQuantity": null, "organismQuantityType": null, "sex": null, "lifeStage": null, "reproductiveCondition": null, "caste": null, "behavior": null, "vitality": null, "establishmentMeans": null, "degreeOfEstablishment": null, "pathway": null, "georeferenceVerificationStatus": null, "occurrenceStatus": "PRESENT", "preparations": null, "disposition": null, "associatedOccurrences": null, "associatedReferences": null, "associatedSequences": null, "associatedTaxa": null, "otherCatalogNumbers": null, "occurrenceRemarks": "LA River Colfax", "organismID": null, "organismName": null, "organismScope": null, "associatedOrganisms": null, "previousIdentifications": null, "organismRemarks": null, "materialEntityID": null, "materialEntityRemarks": null, "verbatimLabel": null, "materialSampleID": null, "eventID": null, "parentEventID": null, "eventType": null, "fieldNumber": null, "eventDate": "2023-02-11", "eventTime": "09:58:00", "startDayOfYear": 42, "endDayOfYear": 42, "year": 2023, "month": 2, "day": 11, "verbatimEventDate": "2023/02/11 9:58 AM", "habitat": null, "samplingProtocol": null, "sampleSizeValue": null, "sampleSizeUnit": null, "samplingEffort": null, "fieldNotes": null, "eventRemarks": null, "locationID": null, "higherGeographyID": null, "higherGeography": null, "continent": "NORTH_AMERICA", "waterBody": null, "islandGroup": null, "island": null, "countryCode": "US", "stateProvince": "California", "county": null, "municipality": null, "locality": null, "verbatimLocality": "Studio City, Los Angeles, CA, USA", "verbatimElevation": null, "verticalDatum": null, "verbatimDepth": null, "minimumDistanceAboveSurfaceInMeters": null, "maximumDistanceAboveSurfaceInMeters": null, "locationAccordingTo": null, "locationRemarks": null, "decimalLatitude": 34.140307, "decimalLongitude": -118.381525, "coordinateUncertaintyInMeters": 8.0, "coordinatePrecision": null, "pointRadiusSpatialFit": null, "verbatimCoordinateSystem": null, "verbatimSRS": null, "footprintWKT": null, "footprintSRS": null, "footprintSpatialFit": null, "georeferencedBy": null, "georeferencedDate": null, "georeferenceProtocol": null, "georeferenceSources": null, "georeferenceRemarks": null, "geologicalContextID": null, "earliestEonOrLowestEonothem": null, "latestEonOrHighestEonothem": null, "earliestEraOrLowestErathem": null, "latestEraOrHighestErathem": null, "earliestPeriodOrLowestSystem": null, "latestPeriodOrHighestSystem": null, "earliestEpochOrLowestSeries": null, "latestEpochOrHighestSeries": null, "earliestAgeOrLowestStage": null, "latestAgeOrHighestStage": null, "lowestBiostratigraphicZone": null, "highestBiostratigraphicZone": null, "lithostratigraphicTerms": null, "group": null, "formation": null, "member": null, "bed": null, "identificationID": 333263513, "verbatimIdentification": null, "identificationQualifier": null, "typeStatus": null, "identifiedBy": "naturephotosuze", "identifiedByID": null, "dateIdentified": "2023-02-11", "identificationReferences": null, "identificationVerificationStatus": null, "identificationRemarks": null, "taxonID": 337490, "scientificNameID": null, "acceptedNameUsageID": 5955261, "parentNameUsageID": null, "originalNameUsageID": null, "nameAccordingToID": null, "namePublishedInID": null, "taxonConceptID": null, "scientificName": "Mycena (Pers.) Roussel, 1806", "acceptedNameUsage": null, "parentNameUsage": null, "originalNameUsage": null, "nameAccordingTo": null, "namePublishedIn": null, "namePublishedInYear": null, "higherClassification": null, "kingdom": "Fungi", "phylum": "Basidiomycota", "class": "Agaricomycetes", "order": "Agaricales", "superfamily": null, "family": "Mycenaceae", "subfamily": null, "tribe": null, "subtribe": null, "genus": "Mycena", "genericName": null, "subgenus": null, "infragenericEpithet": null, "specificEpithet": null, "infraspecificEpithet": null, "cultivarEpithet": null, "taxonRank": "GENUS", "verbatimTaxonRank": null, "vernacularName": null, "nomenclaturalCode": null, "taxonomicStatus": "ACCEPTED", "nomenclaturalStatus": null, "taxonRemarks": null, "datasetKey": "50c9509d-22c7-4a22-a47d-8c48425ef4a7", "publishingCountry": "US", "lastInterpreted": "2025-10-14T16:04:01.479Z", "elevation": null, "elevationAccuracy": null, "depth": null, "depthAccuracy": null, "distanceFromCentroidInMeters": null, "issue": "COORDINATE_ROUNDED;CONTINENT_DERIVED_FROM_COORDINATES;TAXON_ID_NOT_FOUND;TAXON_MATCH_HIGHERRANK", "taxonomicIssue": "TAXON_ID_NOT_FOUND\\|TAXON_MATCH_HIGHERRANK", "nonTaxonomicIssue": null, "mediaType": null, "hasCoordinate": true, "hasGeospatialIssues": false, "taxonKey": 5955261, "acceptedTaxonKey": 5955261, "kingdomKey": 5, "phylumKey": 34, "classKey": 186, "orderKey": 1499, "familyKey": 4180, "genusKey": 5955261, "subgenusKey": null, "speciesKey": null, "species": null, "acceptedScientificName": "Mycena (Pers.) Roussel, 1806", "verbatimScientificName": "Mycena californiensis", "typifiedName": null, "protocol": "DWC_ARCHIVE", "lastParsed": "2025-10-14T16:04:01.479Z", "lastCrawled": "2025-10-14T04:54:04.400Z", "isInvasive": null, "repatriated": false, "relativeOrganismQuantity": null, "projectId": "https://www.inaturalist.org/projects/fungi-of-the-california-floristic-province", "isSequenced": false, "gbifRegion": "NORTH_AMERICA", "publishedByGbifRegion": "NORTH_AMERICA", "level0Gid": "USA", "level0Name": "United States", "level1Gid": "USA.5_1", "level1Name": "California", "level2Gid": "USA.5.19_1", "level2Name": "Los Angeles", "level3Gid": null, "level3Name": null, "iucnRedListCategory": null, "type_2": null, "format": null, "identifier": null, "references_2": null }, "geometry": { "type": "Point", "coordinates": [ -118.381525, 34.140307 ] } },
{ "type": "Feature", "properties": { "gbifID": 4981978800, "accessRights": null, "bibliographicCitation": null, "language": null, "license": "CC_BY_NC_4_0", "modified": "2025-04-07T19:05:08Z", "publisher": "iNaturalist.org", "references": "https://www.inaturalist.org/observations/249226767", "rightsHolder": "naturephotosuze", "type": null, "institutionID": null, "collectionID": null, "datasetID": null, "institutionCode": "iNaturalist", "collectionCode": "Observations", "datasetName": "iNaturalist research-grade observations", "ownerInstitutionCode": null, "basisOfRecord": "HUMAN_OBSERVATION", "informationWithheld": null, "dataGeneralizations": null, "dynamicProperties": null, "occurrenceID": "https://www.inaturalist.org/observations/249226767", "catalogNumber": 249226767, "recordNumber": null, "recordedBy": "naturephotosuze", "recordedByID": null, "individualCount": null, "organismQuantity": null, "organismQuantityType": null, "sex": null, "lifeStage": null, "reproductiveCondition": null, "caste": null, "behavior": null, "vitality": null, "establishmentMeans": null, "degreeOfEstablishment": null, "pathway": null, "georeferenceVerificationStatus": null, "occurrenceStatus": "PRESENT", "preparations": null, "disposition": null, "associatedOccurrences": null, "associatedReferences": null, "associatedSequences": null, "associatedTaxa": null, "otherCatalogNumbers": null, "occurrenceRemarks": "LA River Colfax On eucalyptus", "organismID": null, "organismName": null, "organismScope": null, "associatedOrganisms": null, "previousIdentifications": null, "organismRemarks": null, "materialEntityID": null, "materialEntityRemarks": null, "verbatimLabel": null, "materialSampleID": null, "eventID": null, "parentEventID": null, "eventType": null, "fieldNumber": null, "eventDate": "2024-10-25", "eventTime": "14:24:00", "startDayOfYear": 299, "endDayOfYear": 299, "year": 2024, "month": 10, "day": 25, "verbatimEventDate": "2024/10/25 2:24 PM", "habitat": null, "samplingProtocol": null, "sampleSizeValue": null, "sampleSizeUnit": null, "samplingEffort": null, "fieldNotes": null, "eventRemarks": null, "locationID": null, "higherGeographyID": null, "higherGeography": null, "continent": "NORTH_AMERICA", "waterBody": null, "islandGroup": null, "island": null, "countryCode": "US", "stateProvince": "California", "county": null, "municipality": null, "locality": null, "verbatimLocality": "Studio City, Los Angeles, CA, USA", "verbatimElevation": null, "verticalDatum": null, "verbatimDepth": null, "minimumDistanceAboveSurfaceInMeters": null, "maximumDistanceAboveSurfaceInMeters": null, "locationAccordingTo": null, "locationRemarks": null, "decimalLatitude": 34.142475, "decimalLongitude": -118.387041, "coordinateUncertaintyInMeters": 2.0, "coordinatePrecision": null, "pointRadiusSpatialFit": null, "verbatimCoordinateSystem": null, "verbatimSRS": null, "footprintWKT": null, "footprintSRS": null, "footprintSpatialFit": null, "georeferencedBy": null, "georeferencedDate": null, "georeferenceProtocol": null, "georeferenceSources": null, "georeferenceRemarks": null, "geologicalContextID": null, "earliestEonOrLowestEonothem": null, "latestEonOrHighestEonothem": null, "earliestEraOrLowestErathem": null, "latestEraOrHighestErathem": null, "earliestPeriodOrLowestSystem": null, "latestPeriodOrHighestSystem": null, "earliestEpochOrLowestSeries": null, "latestEpochOrHighestSeries": null, "earliestAgeOrLowestStage": null, "latestAgeOrHighestStage": null, "lowestBiostratigraphicZone": null, "highestBiostratigraphicZone": null, "lithostratigraphicTerms": null, "group": null, "formation": null, "member": null, "bed": null, "identificationID": 557144266, "verbatimIdentification": null, "identificationQualifier": null, "typeStatus": null, "identifiedBy": "naturephotosuze", "identifiedByID": null, "dateIdentified": "2024-10-27", "identificationReferences": null, "identificationVerificationStatus": null, "identificationRemarks": null, "taxonID": 120154, "scientificNameID": null, "acceptedNameUsageID": 6016762, "parentNameUsageID": null, "originalNameUsageID": null, "nameAccordingToID": null, "namePublishedInID": null, "taxonConceptID": null, "scientificName": "Laetiporus gilbertsonii Burds.", "acceptedNameUsage": null, "parentNameUsage": null, "originalNameUsage": null, "nameAccordingTo": null, "namePublishedIn": null, "namePublishedInYear": null, "higherClassification": null, "kingdom": "Fungi", "phylum": "Basidiomycota", "class": "Agaricomycetes", "order": "Polyporales", "superfamily": null, "family": "Laetiporaceae", "subfamily": null, "tribe": null, "subtribe": null, "genus": "Laetiporus", "genericName": "Laetiporus", "subgenus": null, "infragenericEpithet": null, "specificEpithet": "gilbertsonii", "infraspecificEpithet": null, "cultivarEpithet": null, "taxonRank": "SPECIES", "verbatimTaxonRank": null, "vernacularName": null, "nomenclaturalCode": null, "taxonomicStatus": "ACCEPTED", "nomenclaturalStatus": null, "taxonRemarks": null, "datasetKey": "50c9509d-22c7-4a22-a47d-8c48425ef4a7", "publishingCountry": "US", "lastInterpreted": "2025-10-14T19:03:16.393Z", "elevation": null, "elevationAccuracy": null, "depth": null, "depthAccuracy": null, "distanceFromCentroidInMeters": null, "issue": "COORDINATE_ROUNDED;CONTINENT_DERIVED_FROM_COORDINATES;TAXON_ID_NOT_FOUND", "taxonomicIssue": "TAXON_ID_NOT_FOUND", "nonTaxonomicIssue": null, "mediaType": null, "hasCoordinate": true, "hasGeospatialIssues": false, "taxonKey": 6016762, "acceptedTaxonKey": 6016762, "kingdomKey": 5, "phylumKey": 34, "classKey": 186, "orderKey": 1145, "familyKey": 3272667, "genusKey": 2542160, "subgenusKey": null, "speciesKey": 6016762, "species": "Laetiporus gilbertsonii", "acceptedScientificName": "Laetiporus gilbertsonii Burds.", "verbatimScientificName": "Laetiporus gilbertsonii", "typifiedName": null, "protocol": "DWC_ARCHIVE", "lastParsed": "2025-10-14T19:03:16.393Z", "lastCrawled": "2025-10-14T04:54:04.400Z", "isInvasive": null, "repatriated": false, "relativeOrganismQuantity": null, "projectId": "https://www.inaturalist.org/projects/fungi-of-the-california-floristic-province", "isSequenced": false, "gbifRegion": "NORTH_AMERICA", "publishedByGbifRegion": "NORTH_AMERICA", "level0Gid": "USA", "level0Name": "United States", "level1Gid": "USA.5_1", "level1Name": "California", "level2Gid": "USA.5.19_1", "level2Name": "Los Angeles", "level3Gid": null, "level3Name": null, "iucnRedListCategory": null, "type_2": null, "format": null, "identifier": null, "references_2": null }, "geometry": { "type": "Point", "coordinates": [ -118.387041, 34.142475 ] } },
{ "type": "Feature", "properties": { "gbifID": 2898550347, "accessRights": null, "bibliographicCitation": null, "language": null, "license": "CC_BY_NC_4_0", "modified": "2020-10-15T17:28:13Z", "publisher": "iNaturalist.org", "references": "https://www.inaturalist.org/observations/62648599", "rightsHolder": "Sara Cristina Medina", "type": null, "institutionID": null, "collectionID": null, "datasetID": null, "institutionCode": "iNaturalist", "collectionCode": "Observations", "datasetName": "iNaturalist research-grade observations", "ownerInstitutionCode": null, "basisOfRecord": "HUMAN_OBSERVATION", "informationWithheld": null, "dataGeneralizations": null, "dynamicProperties": null, "occurrenceID": "https://www.inaturalist.org/observations/62648599", "catalogNumber": 62648599, "recordNumber": null, "recordedBy": "Sara Cristina Medina", "recordedByID": null, "individualCount": null, "organismQuantity": null, "organismQuantityType": null, "sex": null, "lifeStage": null, "reproductiveCondition": null, "caste": null, "behavior": null, "vitality": null, "establishmentMeans": null, "degreeOfEstablishment": null, "pathway": null, "georeferenceVerificationStatus": null, "occurrenceStatus": "PRESENT", "preparations": null, "disposition": null, "associatedOccurrences": null, "associatedReferences": null, "associatedSequences": null, "associatedTaxa": null, "otherCatalogNumbers": null, "occurrenceRemarks": "Large mushroom", "organismID": null, "organismName": null, "organismScope": null, "associatedOrganisms": null, "previousIdentifications": null, "organismRemarks": null, "materialEntityID": null, "materialEntityRemarks": null, "verbatimLabel": null, "materialSampleID": null, "eventID": null, "parentEventID": null, "eventType": null, "fieldNumber": null, "eventDate": "2020-10-14", "eventTime": "18:33:07", "startDayOfYear": 288, "endDayOfYear": 288, "year": 2020, "month": 10, "day": 14, "verbatimEventDate": "2020-10-14 6:33:07 PM PDT", "habitat": null, "samplingProtocol": null, "sampleSizeValue": null, "sampleSizeUnit": null, "samplingEffort": null, "fieldNotes": null, "eventRemarks": null, "locationID": null, "higherGeographyID": null, "higherGeography": null, "continent": "NORTH_AMERICA", "waterBody": null, "islandGroup": null, "island": null, "countryCode": "US", "stateProvince": "California", "county": null, "municipality": null, "locality": null, "verbatimLocality": "Lynwood, CA 90262, USA", "verbatimElevation": null, "verticalDatum": null, "verbatimDepth": null, "minimumDistanceAboveSurfaceInMeters": null, "maximumDistanceAboveSurfaceInMeters": null, "locationAccordingTo": null, "locationRemarks": null, "decimalLatitude": 33.922415, "decimalLongitude": -118.175889, "coordinateUncertaintyInMeters": null, "coordinatePrecision": null, "pointRadiusSpatialFit": null, "verbatimCoordinateSystem": null, "verbatimSRS": null, "footprintWKT": null, "footprintSRS": null, "footprintSpatialFit": null, "georeferencedBy": null, "georeferencedDate": null, "georeferenceProtocol": null, "georeferenceSources": null, "georeferenceRemarks": null, "geologicalContextID": null, "earliestEonOrLowestEonothem": null, "latestEonOrHighestEonothem": null, "earliestEraOrLowestErathem": null, "latestEraOrHighestErathem": null, "earliestPeriodOrLowestSystem": null, "latestPeriodOrHighestSystem": null, "earliestEpochOrLowestSeries": null, "latestEpochOrHighestSeries": null, "earliestAgeOrLowestStage": null, "latestAgeOrHighestStage": null, "lowestBiostratigraphicZone": null, "highestBiostratigraphicZone": null, "lithostratigraphicTerms": null, "group": null, "formation": null, "member": null, "bed": null, "identificationID": 136592065, "verbatimIdentification": null, "identificationQualifier": null, "typeStatus": null, "identifiedBy": "Sara Cristina Medina", "identifiedByID": null, "dateIdentified": "2020-10-15", "identificationReferences": null, "identificationVerificationStatus": null, "identificationRemarks": null, "taxonID": 117308, "scientificNameID": null, "acceptedNameUsageID": 5243168, "parentNameUsageID": null, "originalNameUsageID": null, "nameAccordingToID": null, "namePublishedInID": null, "taxonConceptID": null, "scientificName": "Chlorophyllum molybdites (G.Mey.) Massee", "acceptedNameUsage": null, "parentNameUsage": null, "originalNameUsage": null, "nameAccordingTo": null, "namePublishedIn": null, "namePublishedInYear": null, "higherClassification": null, "kingdom": "Fungi", "phylum": "Basidiomycota", "class": "Agaricomycetes", "order": "Agaricales", "superfamily": null, "family": "Agaricaceae", "subfamily": null, "tribe": null, "subtribe": null, "genus": "Chlorophyllum", "genericName": "Chlorophyllum", "subgenus": null, "infragenericEpithet": null, "specificEpithet": "molybdites", "infraspecificEpithet": null, "cultivarEpithet": null, "taxonRank": "SPECIES", "verbatimTaxonRank": null, "vernacularName": null, "nomenclaturalCode": null, "taxonomicStatus": "ACCEPTED", "nomenclaturalStatus": null, "taxonRemarks": null, "datasetKey": "50c9509d-22c7-4a22-a47d-8c48425ef4a7", "publishingCountry": "US", "lastInterpreted": "2025-10-14T15:38:36.026Z", "elevation": null, "elevationAccuracy": null, "depth": null, "depthAccuracy": null, "distanceFromCentroidInMeters": null, "issue": "COORDINATE_ROUNDED;CONTINENT_DERIVED_FROM_COORDINATES;TAXON_ID_NOT_FOUND", "taxonomicIssue": "TAXON_ID_NOT_FOUND", "nonTaxonomicIssue": null, "mediaType": "StillImage;StillImage;StillImage", "hasCoordinate": true, "hasGeospatialIssues": false, "taxonKey": 5243168, "acceptedTaxonKey": 5243168, "kingdomKey": 5, "phylumKey": 34, "classKey": 186, "orderKey": 1499, "familyKey": 4170, "genusKey": 3268912, "subgenusKey": null, "speciesKey": 5243168, "species": "Chlorophyllum molybdites", "acceptedScientificName": "Chlorophyllum molybdites (G.Mey.) Massee", "verbatimScientificName": "Chlorophyllum molybdites", "typifiedName": null, "protocol": "DWC_ARCHIVE", "lastParsed": "2025-10-14T15:38:36.026Z", "lastCrawled": "2025-10-14T04:54:04.400Z", "isInvasive": null, "repatriated": false, "relativeOrganismQuantity": null, "projectId": "https://www.inaturalist.org/projects/fungi-of-the-california-floristic-province;https://www.inaturalist.org/projects/l-a-nature-map;https://www.inaturalist.org/projects/los-angeles-river-watershed", "isSequenced": false, "gbifRegion": "NORTH_AMERICA", "publishedByGbifRegion": "NORTH_AMERICA", "level0Gid": "USA", "level0Name": "United States", "level1Gid": "USA.5_1", "level1Name": "California", "level2Gid": "USA.5.19_1", "level2Name": "Los Angeles", "level3Gid": null, "level3Name": null, "iucnRedListCategory": null, "type_2": "StillImage", "format": "image/jpeg", "identifier": "https://inaturalist-open-data.s3.amazonaws.com/photos/100413900/original.jpeg", "references_2": "https://www.inaturalist.org/photos/100413900" }, "geometry": { "type": "Point", "coordinates": [ -118.175889, 33.922415 ] } },
{ "type": "Feature", "properties": { "gbifID": 5086856728, "accessRights": null, "bibliographicCitation": null, "language": null, "license": "CC_BY_4_0", "modified": "2025-04-02T20:02:28Z", "publisher": "iNaturalist.org", "references": "https://www.inaturalist.org/observations/67975642", "rightsHolder": "Ryan Donnelly", "type": null, "institutionID": null, "collectionID": null, "datasetID": null, "institutionCode": "iNaturalist", "collectionCode": "Observations", "datasetName": "iNaturalist research-grade observations", "ownerInstitutionCode": null, "basisOfRecord": "HUMAN_OBSERVATION", "informationWithheld": null, "dataGeneralizations": null, "dynamicProperties": null, "occurrenceID": "https://www.inaturalist.org/observations/67975642", "catalogNumber": 67975642, "recordNumber": null, "recordedBy": "Ryan Donnelly", "recordedByID": null, "individualCount": null, "organismQuantity": null, "organismQuantityType": null, "sex": null, "lifeStage": null, "reproductiveCondition": null, "caste": null, "behavior": null, "vitality": null, "establishmentMeans": null, "degreeOfEstablishment": null, "pathway": null, "georeferenceVerificationStatus": null, "occurrenceStatus": "PRESENT", "preparations": null, "disposition": null, "associatedOccurrences": null, "associatedReferences": null, "associatedSequences": null, "associatedTaxa": null, "otherCatalogNumbers": null, "occurrenceRemarks": "On Melilotus alba", "organismID": null, "organismName": null, "organismScope": null, "associatedOrganisms": null, "previousIdentifications": null, "organismRemarks": null, "materialEntityID": null, "materialEntityRemarks": null, "verbatimLabel": null, "materialSampleID": null, "eventID": null, "parentEventID": null, "eventType": null, "fieldNumber": null, "eventDate": "2021-01-12", "eventTime": "14:11:06", "startDayOfYear": 12, "endDayOfYear": 12, "year": 2021, "month": 1, "day": 12, "verbatimEventDate": "Tue Jan 12 2021 14:11:06 GMT-0800 (PST)", "habitat": null, "samplingProtocol": null, "sampleSizeValue": null, "sampleSizeUnit": null, "samplingEffort": null, "fieldNotes": null, "eventRemarks": null, "locationID": null, "higherGeographyID": null, "higherGeography": null, "continent": "NORTH_AMERICA", "waterBody": null, "islandGroup": null, "island": null, "countryCode": "US", "stateProvince": "California", "county": null, "municipality": null, "locality": null, "verbatimLocality": "Legion Ln, Los Angeles, CA, US", "verbatimElevation": null, "verticalDatum": null, "verbatimDepth": null, "minimumDistanceAboveSurfaceInMeters": null, "maximumDistanceAboveSurfaceInMeters": null, "locationAccordingTo": null, "locationRemarks": null, "decimalLatitude": 34.118461, "decimalLongitude": -118.268188, "coordinateUncertaintyInMeters": 6.0, "coordinatePrecision": null, "pointRadiusSpatialFit": null, "verbatimCoordinateSystem": null, "verbatimSRS": null, "footprintWKT": null, "footprintSRS": null, "footprintSpatialFit": null, "georeferencedBy": null, "georeferencedDate": null, "georeferenceProtocol": null, "georeferenceSources": null, "georeferenceRemarks": null, "geologicalContextID": null, "earliestEonOrLowestEonothem": null, "latestEonOrHighestEonothem": null, "earliestEraOrLowestErathem": null, "latestEraOrHighestErathem": null, "earliestPeriodOrLowestSystem": null, "latestPeriodOrHighestSystem": null, "earliestEpochOrLowestSeries": null, "latestEpochOrHighestSeries": null, "earliestAgeOrLowestStage": null, "latestAgeOrHighestStage": null, "lowestBiostratigraphicZone": null, "highestBiostratigraphicZone": null, "lithostratigraphicTerms": null, "group": null, "formation": null, "member": null, "bed": null, "identificationID": 598202475, "verbatimIdentification": null, "identificationQualifier": null, "typeStatus": null, "identifiedBy": "Senna Bryce Robeson", "identifiedByID": "https://orcid.org/0000-0003-1868-8766", "dateIdentified": "2025-03-04", "identificationReferences": null, "identificationVerificationStatus": null, "identificationRemarks": null, "taxonID": 603361, "scientificNameID": null, "acceptedNameUsageID": 7823745, "parentNameUsageID": null, "originalNameUsageID": null, "nameAccordingToID": null, "namePublishedInID": null, "taxonConceptID": null, "scientificName": "Erysiphe trifoliorum (Wallr.) U.Braun", "acceptedNameUsage": null, "parentNameUsage": null, "originalNameUsage": null, "nameAccordingTo": null, "namePublishedIn": null, "namePublishedInYear": null, "higherClassification": null, "kingdom": "Fungi", "phylum": "Ascomycota", "class": "Leotiomycetes", "order": "Helotiales", "superfamily": null, "family": "Erysiphaceae", "subfamily": null, "tribe": null, "subtribe": null, "genus": "Erysiphe", "genericName": "Erysiphe", "subgenus": null, "infragenericEpithet": null, "specificEpithet": "trifoliorum", "infraspecificEpithet": null, "cultivarEpithet": null, "taxonRank": "SPECIES", "verbatimTaxonRank": null, "vernacularName": null, "nomenclaturalCode": null, "taxonomicStatus": "ACCEPTED", "nomenclaturalStatus": null, "taxonRemarks": null, "datasetKey": "50c9509d-22c7-4a22-a47d-8c48425ef4a7", "publishingCountry": "US", "lastInterpreted": "2025-10-14T17:08:16.401Z", "elevation": null, "elevationAccuracy": null, "depth": null, "depthAccuracy": null, "distanceFromCentroidInMeters": null, "issue": "COORDINATE_ROUNDED;CONTINENT_DERIVED_FROM_COORDINATES;TAXON_ID_NOT_FOUND", "taxonomicIssue": "TAXON_ID_NOT_FOUND", "nonTaxonomicIssue": null, "mediaType": "StillImage;StillImage", "hasCoordinate": true, "hasGeospatialIssues": false, "taxonKey": 7823745, "acceptedTaxonKey": 7823745, "kingdomKey": 5, "phylumKey": 95, "classKey": 179, "orderKey": 1052, "familyKey": 8379, "genusKey": 2578311, "subgenusKey": null, "speciesKey": 7823745, "species": "Erysiphe trifoliorum", "acceptedScientificName": "Erysiphe trifoliorum (Wallr.) U.Braun", "verbatimScientificName": "Erysiphe trifoliorum", "typifiedName": null, "protocol": "DWC_ARCHIVE", "lastParsed": "2025-10-14T17:08:16.401Z", "lastCrawled": "2025-10-14T04:54:04.400Z", "isInvasive": null, "repatriated": false, "relativeOrganismQuantity": null, "projectId": "https://www.inaturalist.org/projects/fungi-of-the-california-floristic-province;https://www.inaturalist.org/projects/los-angeles-city-biodiversity-initiative", "isSequenced": false, "gbifRegion": "NORTH_AMERICA", "publishedByGbifRegion": "NORTH_AMERICA", "level0Gid": "USA", "level0Name": "United States", "level1Gid": "USA.5_1", "level1Name": "California", "level2Gid": "USA.5.19_1", "level2Name": "Los Angeles", "level3Gid": null, "level3Name": null, "iucnRedListCategory": null, "type_2": "StillImage", "format": "image/jpeg", "identifier": "https://inaturalist-open-data.s3.amazonaws.com/photos/109963992/original.jpg", "references_2": "https://www.inaturalist.org/photos/109963992" }, "geometry": { "type": "Point", "coordinates": [ -118.268188, 34.118461 ] } },
{ "type": "Feature", "properties": { "gbifID": 4022228849, "accessRights": null, "bibliographicCitation": null, "language": null, "license": "CC_BY_NC_4_0", "modified": "2024-01-19T20:24:54Z", "publisher": "iNaturalist.org", "references": "https://www.inaturalist.org/observations/146792850", "rightsHolder": "freemont7", "type": null, "institutionID": null, "collectionID": null, "datasetID": null, "institutionCode": "iNaturalist", "collectionCode": "Observations", "datasetName": "iNaturalist research-grade observations", "ownerInstitutionCode": null, "basisOfRecord": "HUMAN_OBSERVATION", "informationWithheld": null, "dataGeneralizations": null, "dynamicProperties": null, "occurrenceID": "https://www.inaturalist.org/observations/146792850", "catalogNumber": 146792850, "recordNumber": null, "recordedBy": "freemont7", "recordedByID": null, "individualCount": null, "organismQuantity": null, "organismQuantityType": null, "sex": null, "lifeStage": null, "reproductiveCondition": null, "caste": null, "behavior": null, "vitality": null, "establishmentMeans": null, "degreeOfEstablishment": null, "pathway": null, "georeferenceVerificationStatus": null, "occurrenceStatus": "PRESENT", "preparations": null, "disposition": null, "associatedOccurrences": null, "associatedReferences": null, "associatedSequences": null, "associatedTaxa": null, "otherCatalogNumbers": null, "occurrenceRemarks": null, "organismID": null, "organismName": null, "organismScope": null, "associatedOrganisms": null, "previousIdentifications": null, "organismRemarks": null, "materialEntityID": null, "materialEntityRemarks": null, "verbatimLabel": null, "materialSampleID": null, "eventID": null, "parentEventID": null, "eventType": null, "fieldNumber": null, "eventDate": "2023-01-17", "eventTime": "16:00:41", "startDayOfYear": 17, "endDayOfYear": 17, "year": 2023, "month": 1, "day": 17, "verbatimEventDate": "2023-01-17 16:00:41", "habitat": null, "samplingProtocol": null, "sampleSizeValue": null, "sampleSizeUnit": null, "samplingEffort": null, "fieldNotes": null, "eventRemarks": null, "locationID": null, "higherGeographyID": null, "higherGeography": null, "continent": "NORTH_AMERICA", "waterBody": null, "islandGroup": null, "island": null, "countryCode": "US", "stateProvince": "California", "county": null, "municipality": null, "locality": null, "verbatimLocality": "Elysian Valley, Los Angeles, CA, USA", "verbatimElevation": null, "verticalDatum": null, "verbatimDepth": null, "minimumDistanceAboveSurfaceInMeters": null, "maximumDistanceAboveSurfaceInMeters": null, "locationAccordingTo": null, "locationRemarks": null, "decimalLatitude": 34.106889, "decimalLongitude": -118.245822, "coordinateUncertaintyInMeters": null, "coordinatePrecision": null, "pointRadiusSpatialFit": null, "verbatimCoordinateSystem": null, "verbatimSRS": null, "footprintWKT": null, "footprintSRS": null, "footprintSpatialFit": null, "georeferencedBy": null, "georeferencedDate": null, "georeferenceProtocol": null, "georeferenceSources": null, "georeferenceRemarks": null, "geologicalContextID": null, "earliestEonOrLowestEonothem": null, "latestEonOrHighestEonothem": null, "earliestEraOrLowestErathem": null, "latestEraOrHighestErathem": null, "earliestPeriodOrLowestSystem": null, "latestPeriodOrHighestSystem": null, "earliestEpochOrLowestSeries": null, "latestEpochOrHighestSeries": null, "earliestAgeOrLowestStage": null, "latestAgeOrHighestStage": null, "lowestBiostratigraphicZone": null, "highestBiostratigraphicZone": null, "lithostratigraphicTerms": null, "group": null, "formation": null, "member": null, "bed": null, "identificationID": 444630394, "verbatimIdentification": null, "identificationQualifier": null, "typeStatus": null, "identifiedBy": "freemont7", "identifiedByID": null, "dateIdentified": "2024-01-19", "identificationReferences": null, "identificationVerificationStatus": null, "identificationRemarks": null, "taxonID": 1525548, "scientificNameID": null, "acceptedNameUsageID": 2527585, "parentNameUsageID": null, "originalNameUsageID": null, "nameAccordingToID": null, "namePublishedInID": null, "taxonConceptID": null, "scientificName": "Collybia (Fr.) Staude", "acceptedNameUsage": null, "parentNameUsage": null, "originalNameUsage": null, "nameAccordingTo": null, "namePublishedIn": null, "namePublishedInYear": null, "higherClassification": null, "kingdom": "Fungi", "phylum": "Basidiomycota", "class": "Agaricomycetes", "order": "Agaricales", "superfamily": null, "family": "Tricholomataceae", "subfamily": null, "tribe": null, "subtribe": null, "genus": "Collybia", "genericName": null, "subgenus": null, "infragenericEpithet": null, "specificEpithet": null, "infraspecificEpithet": null, "cultivarEpithet": null, "taxonRank": "GENUS", "verbatimTaxonRank": null, "vernacularName": null, "nomenclaturalCode": null, "taxonomicStatus": "ACCEPTED", "nomenclaturalStatus": null, "taxonRemarks": null, "datasetKey": "50c9509d-22c7-4a22-a47d-8c48425ef4a7", "publishingCountry": "US", "lastInterpreted": "2025-10-14T16:03:27.209Z", "elevation": null, "elevationAccuracy": null, "depth": null, "depthAccuracy": null, "distanceFromCentroidInMeters": null, "issue": "COORDINATE_ROUNDED;CONTINENT_DERIVED_FROM_COORDINATES;TAXON_ID_NOT_FOUND;TAXON_MATCH_HIGHERRANK", "taxonomicIssue": "TAXON_ID_NOT_FOUND\\|TAXON_MATCH_HIGHERRANK", "nonTaxonomicIssue": null, "mediaType": "StillImage;StillImage", "hasCoordinate": true, "hasGeospatialIssues": false, "taxonKey": 2527585, "acceptedTaxonKey": 2527585, "kingdomKey": 5, "phylumKey": 34, "classKey": 186, "orderKey": 1499, "familyKey": 8787, "genusKey": 2527585, "subgenusKey": null, "speciesKey": null, "species": null, "acceptedScientificName": "Collybia (Fr.) Staude", "verbatimScientificName": "Collybia nuda", "typifiedName": null, "protocol": "DWC_ARCHIVE", "lastParsed": "2025-10-14T16:03:27.209Z", "lastCrawled": "2025-10-14T04:54:04.400Z", "isInvasive": null, "repatriated": false, "relativeOrganismQuantity": null, "projectId": "https://www.inaturalist.org/projects/fungi-of-the-california-floristic-province", "isSequenced": false, "gbifRegion": "NORTH_AMERICA", "publishedByGbifRegion": "NORTH_AMERICA", "level0Gid": "USA", "level0Name": "United States", "level1Gid": "USA.5_1", "level1Name": "California", "level2Gid": "USA.5.19_1", "level2Name": "Los Angeles", "level3Gid": null, "level3Name": null, "iucnRedListCategory": null, "type_2": "StillImage", "format": "image/jpeg", "identifier": "https://inaturalist-open-data.s3.amazonaws.com/photos/252457405/original.jpeg", "references_2": "https://www.inaturalist.org/photos/252457405" }, "geometry": { "type": "Point", "coordinates": [ -118.245822, 34.106889 ] } },
{ "type": "Feature", "properties": { "gbifID": 4982376265, "accessRights": null, "bibliographicCitation": null, "language": null, "license": "CC_BY_NC_4_0", "modified": "2025-04-11T13:31:05Z", "publisher": "iNaturalist.org", "references": "https://www.inaturalist.org/observations/251493834", "rightsHolder": "naturephotosuze", "type": null, "institutionID": null, "collectionID": null, "datasetID": null, "institutionCode": "iNaturalist", "collectionCode": "Observations", "datasetName": "iNaturalist research-grade observations", "ownerInstitutionCode": null, "basisOfRecord": "HUMAN_OBSERVATION", "informationWithheld": null, "dataGeneralizations": null, "dynamicProperties": null, "occurrenceID": "https://www.inaturalist.org/observations/251493834", "catalogNumber": 251493834, "recordNumber": null, "recordedBy": "naturephotosuze", "recordedByID": null, "individualCount": null, "organismQuantity": null, "organismQuantityType": null, "sex": null, "lifeStage": null, "reproductiveCondition": null, "caste": null, "behavior": null, "vitality": null, "establishmentMeans": null, "degreeOfEstablishment": null, "pathway": null, "georeferenceVerificationStatus": null, "occurrenceStatus": "PRESENT", "preparations": null, "disposition": null, "associatedOccurrences": null, "associatedReferences": null, "associatedSequences": null, "associatedTaxa": null, "otherCatalogNumbers": null, "occurrenceRemarks": "Bette Davis LA River Appears to be the same rust that is on the Sepulveda Basin primrose willow although I only saw this one leaf with it.", "organismID": null, "organismName": null, "organismScope": null, "associatedOrganisms": null, "previousIdentifications": null, "organismRemarks": null, "materialEntityID": null, "materialEntityRemarks": null, "verbatimLabel": null, "materialSampleID": null, "eventID": null, "parentEventID": null, "eventType": null, "fieldNumber": null, "eventDate": "2024-11-12", "eventTime": "12:11:00", "startDayOfYear": 317, "endDayOfYear": 317, "year": 2024, "month": 11, "day": 12, "verbatimEventDate": "2024/11/12 12:11 PM", "habitat": null, "samplingProtocol": null, "sampleSizeValue": null, "sampleSizeUnit": null, "samplingEffort": null, "fieldNotes": null, "eventRemarks": null, "locationID": null, "higherGeographyID": null, "higherGeography": null, "continent": "NORTH_AMERICA", "waterBody": null, "islandGroup": null, "island": null, "countryCode": "US", "stateProvince": "California", "county": null, "municipality": null, "locality": null, "verbatimLocality": "Griffith Park, CA, USA", "verbatimElevation": null, "verticalDatum": null, "verbatimDepth": null, "minimumDistanceAboveSurfaceInMeters": null, "maximumDistanceAboveSurfaceInMeters": null, "locationAccordingTo": null, "locationRemarks": null, "decimalLatitude": 34.156935, "decimalLongitude": -118.298512, "coordinateUncertaintyInMeters": 1.0, "coordinatePrecision": null, "pointRadiusSpatialFit": null, "verbatimCoordinateSystem": null, "verbatimSRS": null, "footprintWKT": null, "footprintSRS": null, "footprintSpatialFit": null, "georeferencedBy": null, "georeferencedDate": null, "georeferenceProtocol": null, "georeferenceSources": null, "georeferenceRemarks": null, "geologicalContextID": null, "earliestEonOrLowestEonothem": null, "latestEonOrHighestEonothem": null, "earliestEraOrLowestErathem": null, "latestEraOrHighestErathem": null, "earliestPeriodOrLowestSystem": null, "latestPeriodOrHighestSystem": null, "earliestEpochOrLowestSeries": null, "latestEpochOrHighestSeries": null, "earliestAgeOrLowestStage": null, "latestAgeOrHighestStage": null, "lowestBiostratigraphicZone": null, "highestBiostratigraphicZone": null, "lithostratigraphicTerms": null, "group": null, "formation": null, "member": null, "bed": null, "identificationID": 563618015, "verbatimIdentification": null, "identificationQualifier": null, "typeStatus": null, "identifiedBy": "naturephotosuze", "identifiedByID": null, "dateIdentified": "2024-11-12", "identificationReferences": null, "identificationVerificationStatus": null, "identificationRemarks": null, "taxonID": 1588129, "scientificNameID": null, "acceptedNameUsageID": 3298488, "parentNameUsageID": null, "originalNameUsageID": null, "nameAccordingToID": null, "namePublishedInID": null, "taxonConceptID": null, "scientificName": "Aecidium ludwigiae Ellis & Everh.", "acceptedNameUsage": null, "parentNameUsage": null, "originalNameUsage": null, "nameAccordingTo": null, "namePublishedIn": null, "namePublishedInYear": null, "higherClassification": null, "kingdom": "Fungi", "phylum": "Basidiomycota", "class": "Pucciniomycetes", "order": "Pucciniales", "superfamily": null, "family": "Pucciniaceae", "subfamily": null, "tribe": null, "subtribe": null, "genus": "Allodus", "genericName": "Aecidium", "subgenus": null, "infragenericEpithet": null, "specificEpithet": "ludwigiae", "infraspecificEpithet": null, "cultivarEpithet": null, "taxonRank": "SPECIES", "verbatimTaxonRank": null, "vernacularName": null, "nomenclaturalCode": null, "taxonomicStatus": "SYNONYM", "nomenclaturalStatus": null, "taxonRemarks": null, "datasetKey": "50c9509d-22c7-4a22-a47d-8c48425ef4a7", "publishingCountry": "US", "lastInterpreted": "2025-10-14T19:03:45.900Z", "elevation": null, "elevationAccuracy": null, "depth": null, "depthAccuracy": null, "distanceFromCentroidInMeters": null, "issue": "COORDINATE_ROUNDED;CONTINENT_DERIVED_FROM_COORDINATES;TAXON_ID_NOT_FOUND", "taxonomicIssue": "TAXON_ID_NOT_FOUND", "nonTaxonomicIssue": null, "mediaType": null, "hasCoordinate": true, "hasGeospatialIssues": false, "taxonKey": 3375728, "acceptedTaxonKey": 3298488, "kingdomKey": 5, "phylumKey": 34, "classKey": 270, "orderKey": 1126, "familyKey": 3251, "genusKey": 9397968, "subgenusKey": null, "speciesKey": 3298488, "species": "Allodus ludwigiae", "acceptedScientificName": "Allodus ludwigiae (Ellis & Everh.) Orton", "verbatimScientificName": "Aecidium ludwigiae", "typifiedName": null, "protocol": "DWC_ARCHIVE", "lastParsed": "2025-10-14T19:03:45.900Z", "lastCrawled": "2025-10-14T04:54:04.400Z", "isInvasive": null, "repatriated": false, "relativeOrganismQuantity": null, "projectId": "https://www.inaturalist.org/projects/fungi-of-the-california-floristic-province;https://www.inaturalist.org/projects/wildlife-of-santa-monica-mountains", "isSequenced": false, "gbifRegion": "NORTH_AMERICA", "publishedByGbifRegion": "NORTH_AMERICA", "level0Gid": "USA", "level0Name": "United States", "level1Gid": "USA.5_1", "level1Name": "California", "level2Gid": "USA.5.19_1", "level2Name": "Los Angeles", "level3Gid": null, "level3Name": null, "iucnRedListCategory": null, "type_2": null, "format": null, "identifier": null, "references_2": null }, "geometry": { "type": "Point", "coordinates": [ -118.298512, 34.156935 ] } },
{ "type": "Feature", "properties": { "gbifID": 3985684382, "accessRights": null, "bibliographicCitation": null, "language": null, "license": "CC_BY_NC_4_0", "modified": "2022-11-30T00:08:17Z", "publisher": "iNaturalist.org", "references": "https://www.inaturalist.org/observations/65297569", "rightsHolder": "wisp_", "type": null, "institutionID": null, "collectionID": null, "datasetID": null, "institutionCode": "iNaturalist", "collectionCode": "Observations", "datasetName": "iNaturalist research-grade observations", "ownerInstitutionCode": null, "basisOfRecord": "HUMAN_OBSERVATION", "informationWithheld": null, "dataGeneralizations": null, "dynamicProperties": null, "occurrenceID": "https://www.inaturalist.org/observations/65297569", "catalogNumber": 65297569, "recordNumber": null, "recordedBy": "wisp_", "recordedByID": null, "individualCount": null, "organismQuantity": null, "organismQuantityType": null, "sex": null, "lifeStage": null, "reproductiveCondition": null, "caste": null, "behavior": null, "vitality": null, "establishmentMeans": null, "degreeOfEstablishment": null, "pathway": null, "georeferenceVerificationStatus": null, "occurrenceStatus": "PRESENT", "preparations": null, "disposition": null, "associatedOccurrences": null, "associatedReferences": null, "associatedSequences": null, "associatedTaxa": null, "otherCatalogNumbers": null, "occurrenceRemarks": "What mushroom is it?", "organismID": null, "organismName": null, "organismScope": null, "associatedOrganisms": null, "previousIdentifications": null, "organismRemarks": null, "materialEntityID": null, "materialEntityRemarks": null, "verbatimLabel": null, "materialSampleID": null, "eventID": null, "parentEventID": null, "eventType": null, "fieldNumber": null, "eventDate": "2020-11-20", "eventTime": "14:29:18", "startDayOfYear": 325, "endDayOfYear": 325, "year": 2020, "month": 11, "day": 20, "verbatimEventDate": "Fri Nov 20 2020 14:29:18 GMT-0800 (PST)", "habitat": null, "samplingProtocol": null, "sampleSizeValue": null, "sampleSizeUnit": null, "samplingEffort": null, "fieldNotes": null, "eventRemarks": null, "locationID": null, "higherGeographyID": null, "higherGeography": null, "continent": "NORTH_AMERICA", "waterBody": null, "islandGroup": null, "island": null, "countryCode": "US", "stateProvince": "California", "county": null, "municipality": null, "locality": null, "verbatimLocality": "Benedict St, Los Angeles, CA, US", "verbatimElevation": null, "verticalDatum": null, "verbatimDepth": null, "minimumDistanceAboveSurfaceInMeters": null, "maximumDistanceAboveSurfaceInMeters": null, "locationAccordingTo": null, "locationRemarks": null, "decimalLatitude": 34.101197, "decimalLongitude": -118.243095, "coordinateUncertaintyInMeters": 10.0, "coordinatePrecision": null, "pointRadiusSpatialFit": null, "verbatimCoordinateSystem": null, "verbatimSRS": null, "footprintWKT": null, "footprintSRS": null, "footprintSpatialFit": null, "georeferencedBy": null, "georeferencedDate": null, "georeferenceProtocol": null, "georeferenceSources": null, "georeferenceRemarks": null, "geologicalContextID": null, "earliestEonOrLowestEonothem": null, "latestEonOrHighestEonothem": null, "earliestEraOrLowestErathem": null, "latestEraOrHighestErathem": null, "earliestPeriodOrLowestSystem": null, "latestPeriodOrHighestSystem": null, "earliestEpochOrLowestSeries": null, "latestEpochOrHighestSeries": null, "earliestAgeOrLowestStage": null, "latestAgeOrHighestStage": null, "lowestBiostratigraphicZone": null, "highestBiostratigraphicZone": null, "lithostratigraphicTerms": null, "group": null, "formation": null, "member": null, "bed": null, "identificationID": 270408056, "verbatimIdentification": null, "identificationQualifier": null, "typeStatus": null, "identifiedBy": "Naturist Art", "identifiedByID": null, "dateIdentified": "2022-06-16", "identificationReferences": null, "identificationVerificationStatus": null, "identificationRemarks": null, "taxonID": 120154, "scientificNameID": null, "acceptedNameUsageID": 6016762, "parentNameUsageID": null, "originalNameUsageID": null, "nameAccordingToID": null, "namePublishedInID": null, "taxonConceptID": null, "scientificName": "Laetiporus gilbertsonii Burds.", "acceptedNameUsage": null, "parentNameUsage": null, "originalNameUsage": null, "nameAccordingTo": null, "namePublishedIn": null, "namePublishedInYear": null, "higherClassification": null, "kingdom": "Fungi", "phylum": "Basidiomycota", "class": "Agaricomycetes", "order": "Polyporales", "superfamily": null, "family": "Laetiporaceae", "subfamily": null, "tribe": null, "subtribe": null, "genus": "Laetiporus", "genericName": "Laetiporus", "subgenus": null, "infragenericEpithet": null, "specificEpithet": "gilbertsonii", "infraspecificEpithet": null, "cultivarEpithet": null, "taxonRank": "SPECIES", "verbatimTaxonRank": null, "vernacularName": null, "nomenclaturalCode": null, "taxonomicStatus": "ACCEPTED", "nomenclaturalStatus": null, "taxonRemarks": null, "datasetKey": "50c9509d-22c7-4a22-a47d-8c48425ef4a7", "publishingCountry": "US", "lastInterpreted": "2025-10-14T17:07:35.403Z", "elevation": null, "elevationAccuracy": null, "depth": null, "depthAccuracy": null, "distanceFromCentroidInMeters": null, "issue": "COORDINATE_ROUNDED;CONTINENT_DERIVED_FROM_COORDINATES;TAXON_ID_NOT_FOUND", "taxonomicIssue": "TAXON_ID_NOT_FOUND", "nonTaxonomicIssue": null, "mediaType": "StillImage;StillImage;StillImage;StillImage", "hasCoordinate": true, "hasGeospatialIssues": false, "taxonKey": 6016762, "acceptedTaxonKey": 6016762, "kingdomKey": 5, "phylumKey": 34, "classKey": 186, "orderKey": 1145, "familyKey": 3272667, "genusKey": 2542160, "subgenusKey": null, "speciesKey": 6016762, "species": "Laetiporus gilbertsonii", "acceptedScientificName": "Laetiporus gilbertsonii Burds.", "verbatimScientificName": "Laetiporus gilbertsonii", "typifiedName": null, "protocol": "DWC_ARCHIVE", "lastParsed": "2025-10-14T17:07:35.403Z", "lastCrawled": "2025-10-14T04:54:04.400Z", "isInvasive": null, "repatriated": false, "relativeOrganismQuantity": null, "projectId": "https://www.inaturalist.org/projects/los-angeles-city-biodiversity-initiative;https://www.inaturalist.org/projects/fungi-of-the-california-floristic-province", "isSequenced": false, "gbifRegion": "NORTH_AMERICA", "publishedByGbifRegion": "NORTH_AMERICA", "level0Gid": "USA", "level0Name": "United States", "level1Gid": "USA.5_1", "level1Name": "California", "level2Gid": "USA.5.19_1", "level2Name": "Los Angeles", "level3Gid": null, "level3Name": null, "iucnRedListCategory": null, "type_2": "StillImage", "format": "image/jpeg", "identifier": "https://inaturalist-open-data.s3.amazonaws.com/photos/105072045/original.jpg", "references_2": "https://www.inaturalist.org/photos/105072045" }, "geometry": { "type": "Point", "coordinates": [ -118.243095, 34.101197 ] } },
{ "type": "Feature", "properties": { "gbifID": 4937081856, "accessRights": null, "bibliographicCitation": null, "language": null, "license": "CC_BY_NC_4_0", "modified": "2024-08-31T02:09:11Z", "publisher": "iNaturalist.org", "references": "https://www.inaturalist.org/observations/147707023", "rightsHolder": "naturephotosuze", "type": null, "institutionID": null, "collectionID": null, "datasetID": null, "institutionCode": "iNaturalist", "collectionCode": "Observations", "datasetName": "iNaturalist research-grade observations", "ownerInstitutionCode": null, "basisOfRecord": "HUMAN_OBSERVATION", "informationWithheld": null, "dataGeneralizations": null, "dynamicProperties": null, "occurrenceID": "https://www.inaturalist.org/observations/147707023", "catalogNumber": 147707023, "recordNumber": null, "recordedBy": "naturephotosuze", "recordedByID": null, "individualCount": null, "organismQuantity": null, "organismQuantityType": null, "sex": null, "lifeStage": null, "reproductiveCondition": null, "caste": null, "behavior": null, "vitality": null, "establishmentMeans": null, "degreeOfEstablishment": null, "pathway": null, "georeferenceVerificationStatus": null, "occurrenceStatus": "PRESENT", "preparations": null, "disposition": null, "associatedOccurrences": null, "associatedReferences": null, "associatedSequences": null, "associatedTaxa": null, "otherCatalogNumbers": null, "occurrenceRemarks": "LA River Colfax", "organismID": null, "organismName": null, "organismScope": null, "associatedOrganisms": null, "previousIdentifications": null, "organismRemarks": null, "materialEntityID": null, "materialEntityRemarks": null, "verbatimLabel": null, "materialSampleID": null, "eventID": null, "parentEventID": null, "eventType": null, "fieldNumber": null, "eventDate": "2023-01-29", "eventTime": "09:46:00", "startDayOfYear": 29, "endDayOfYear": 29, "year": 2023, "month": 1, "day": 29, "verbatimEventDate": "2023/01/29 9:46 AM", "habitat": null, "samplingProtocol": null, "sampleSizeValue": null, "sampleSizeUnit": null, "samplingEffort": null, "fieldNotes": null, "eventRemarks": null, "locationID": null, "higherGeographyID": null, "higherGeography": null, "continent": "NORTH_AMERICA", "waterBody": null, "islandGroup": null, "island": null, "countryCode": "US", "stateProvince": "California", "county": null, "municipality": null, "locality": null, "verbatimLocality": "Studio City, Los Angeles, CA, USA", "verbatimElevation": null, "verticalDatum": null, "verbatimDepth": null, "minimumDistanceAboveSurfaceInMeters": null, "maximumDistanceAboveSurfaceInMeters": null, "locationAccordingTo": null, "locationRemarks": null, "decimalLatitude": 34.140251, "decimalLongitude": -118.382263, "coordinateUncertaintyInMeters": 15.0, "coordinatePrecision": null, "pointRadiusSpatialFit": null, "verbatimCoordinateSystem": null, "verbatimSRS": null, "footprintWKT": null, "footprintSRS": null, "footprintSpatialFit": null, "georeferencedBy": null, "georeferencedDate": null, "georeferenceProtocol": null, "georeferenceSources": null, "georeferenceRemarks": null, "geologicalContextID": null, "earliestEonOrLowestEonothem": null, "latestEonOrHighestEonothem": null, "earliestEraOrLowestErathem": null, "latestEraOrHighestErathem": null, "earliestPeriodOrLowestSystem": null, "latestPeriodOrHighestSystem": null, "earliestEpochOrLowestSeries": null, "latestEpochOrHighestSeries": null, "earliestAgeOrLowestStage": null, "latestAgeOrHighestStage": null, "lowestBiostratigraphicZone": null, "highestBiostratigraphicZone": null, "lithostratigraphicTerms": null, "group": null, "formation": null, "member": null, "bed": null, "identificationID": 330694768, "verbatimIdentification": null, "identificationQualifier": null, "typeStatus": null, "identifiedBy": "naturephotosuze", "identifiedByID": null, "dateIdentified": "2023-01-30", "identificationReferences": null, "identificationVerificationStatus": null, "identificationRemarks": null, "taxonID": 337490, "scientificNameID": null, "acceptedNameUsageID": 5955261, "parentNameUsageID": null, "originalNameUsageID": null, "nameAccordingToID": null, "namePublishedInID": null, "taxonConceptID": null, "scientificName": "Mycena (Pers.) Roussel, 1806", "acceptedNameUsage": null, "parentNameUsage": null, "originalNameUsage": null, "nameAccordingTo": null, "namePublishedIn": null, "namePublishedInYear": null, "higherClassification": null, "kingdom": "Fungi", "phylum": "Basidiomycota", "class": "Agaricomycetes", "order": "Agaricales", "superfamily": null, "family": "Mycenaceae", "subfamily": null, "tribe": null, "subtribe": null, "genus": "Mycena", "genericName": null, "subgenus": null, "infragenericEpithet": null, "specificEpithet": null, "infraspecificEpithet": null, "cultivarEpithet": null, "taxonRank": "GENUS", "verbatimTaxonRank": null, "vernacularName": null, "nomenclaturalCode": null, "taxonomicStatus": "ACCEPTED", "nomenclaturalStatus": null, "taxonRemarks": null, "datasetKey": "50c9509d-22c7-4a22-a47d-8c48425ef4a7", "publishingCountry": "US", "lastInterpreted": "2025-10-14T17:29:40.573Z", "elevation": null, "elevationAccuracy": null, "depth": null, "depthAccuracy": null, "distanceFromCentroidInMeters": null, "issue": "COORDINATE_ROUNDED;CONTINENT_DERIVED_FROM_COORDINATES;TAXON_ID_NOT_FOUND;TAXON_MATCH_HIGHERRANK", "taxonomicIssue": "TAXON_ID_NOT_FOUND\\|TAXON_MATCH_HIGHERRANK", "nonTaxonomicIssue": null, "mediaType": null, "hasCoordinate": true, "hasGeospatialIssues": false, "taxonKey": 5955261, "acceptedTaxonKey": 5955261, "kingdomKey": 5, "phylumKey": 34, "classKey": 186, "orderKey": 1499, "familyKey": 4180, "genusKey": 5955261, "subgenusKey": null, "speciesKey": null, "species": null, "acceptedScientificName": "Mycena (Pers.) Roussel, 1806", "verbatimScientificName": "Mycena californiensis", "typifiedName": null, "protocol": "DWC_ARCHIVE", "lastParsed": "2025-10-14T17:29:40.573Z", "lastCrawled": "2025-10-14T04:54:04.400Z", "isInvasive": null, "repatriated": false, "relativeOrganismQuantity": null, "projectId": "https://www.inaturalist.org/projects/fungi-of-the-california-floristic-province", "isSequenced": false, "gbifRegion": "NORTH_AMERICA", "publishedByGbifRegion": "NORTH_AMERICA", "level0Gid": "USA", "level0Name": "United States", "level1Gid": "USA.5_1", "level1Name": "California", "level2Gid": "USA.5.19_1", "level2Name": "Los Angeles", "level3Gid": null, "level3Name": null, "iucnRedListCategory": null, "type_2": null, "format": null, "identifier": null, "references_2": null }, "geometry": { "type": "Point", "coordinates": [ -118.382263, 34.140251 ] } },
{ "type": "Feature", "properties": { "gbifID": 4936477103, "accessRights": null, "bibliographicCitation": null, "language": null, "license": "CC_BY_NC_4_0", "modified": "2024-08-31T02:09:11Z", "publisher": "iNaturalist.org", "references": "https://www.inaturalist.org/observations/147707029", "rightsHolder": "naturephotosuze", "type": null, "institutionID": null, "collectionID": null, "datasetID": null, "institutionCode": "iNaturalist", "collectionCode": "Observations", "datasetName": "iNaturalist research-grade observations", "ownerInstitutionCode": null, "basisOfRecord": "HUMAN_OBSERVATION", "informationWithheld": null, "dataGeneralizations": null, "dynamicProperties": null, "occurrenceID": "https://www.inaturalist.org/observations/147707029", "catalogNumber": 147707029, "recordNumber": null, "recordedBy": "naturephotosuze", "recordedByID": null, "individualCount": null, "organismQuantity": null, "organismQuantityType": null, "sex": null, "lifeStage": null, "reproductiveCondition": null, "caste": null, "behavior": null, "vitality": null, "establishmentMeans": null, "degreeOfEstablishment": null, "pathway": null, "georeferenceVerificationStatus": null, "occurrenceStatus": "PRESENT", "preparations": null, "disposition": null, "associatedOccurrences": null, "associatedReferences": null, "associatedSequences": null, "associatedTaxa": null, "otherCatalogNumbers": null, "occurrenceRemarks": "LA River Colfax", "organismID": null, "organismName": null, "organismScope": null, "associatedOrganisms": null, "previousIdentifications": null, "organismRemarks": null, "materialEntityID": null, "materialEntityRemarks": null, "verbatimLabel": null, "materialSampleID": null, "eventID": null, "parentEventID": null, "eventType": null, "fieldNumber": null, "eventDate": "2023-01-29", "eventTime": "10:03:00", "startDayOfYear": 29, "endDayOfYear": 29, "year": 2023, "month": 1, "day": 29, "verbatimEventDate": "2023/01/29 10:03 AM", "habitat": null, "samplingProtocol": null, "sampleSizeValue": null, "sampleSizeUnit": null, "samplingEffort": null, "fieldNotes": null, "eventRemarks": null, "locationID": null, "higherGeographyID": null, "higherGeography": null, "continent": "NORTH_AMERICA", "waterBody": null, "islandGroup": null, "island": null, "countryCode": "US", "stateProvince": "California", "county": null, "municipality": null, "locality": null, "verbatimLocality": "Studio City, Los Angeles, CA, USA", "verbatimElevation": null, "verticalDatum": null, "verbatimDepth": null, "minimumDistanceAboveSurfaceInMeters": null, "maximumDistanceAboveSurfaceInMeters": null, "locationAccordingTo": null, "locationRemarks": null, "decimalLatitude": 34.140304, "decimalLongitude": -118.380973, "coordinateUncertaintyInMeters": 15.0, "coordinatePrecision": null, "pointRadiusSpatialFit": null, "verbatimCoordinateSystem": null, "verbatimSRS": null, "footprintWKT": null, "footprintSRS": null, "footprintSpatialFit": null, "georeferencedBy": null, "georeferencedDate": null, "georeferenceProtocol": null, "georeferenceSources": null, "georeferenceRemarks": null, "geologicalContextID": null, "earliestEonOrLowestEonothem": null, "latestEonOrHighestEonothem": null, "earliestEraOrLowestErathem": null, "latestEraOrHighestErathem": null, "earliestPeriodOrLowestSystem": null, "latestPeriodOrHighestSystem": null, "earliestEpochOrLowestSeries": null, "latestEpochOrHighestSeries": null, "earliestAgeOrLowestStage": null, "latestAgeOrHighestStage": null, "lowestBiostratigraphicZone": null, "highestBiostratigraphicZone": null, "lithostratigraphicTerms": null, "group": null, "formation": null, "member": null, "bed": null, "identificationID": 330694773, "verbatimIdentification": null, "identificationQualifier": null, "typeStatus": null, "identifiedBy": "naturephotosuze", "identifiedByID": null, "dateIdentified": "2023-01-30", "identificationReferences": null, "identificationVerificationStatus": null, "identificationRemarks": null, "taxonID": 129323, "scientificNameID": null, "acceptedNameUsageID": 2533993, "parentNameUsageID": null, "originalNameUsageID": null, "nameAccordingToID": null, "namePublishedInID": null, "taxonConceptID": null, "scientificName": "Leratiomyces percevalii (Berk. & Broome) Bridge & Spooner", "acceptedNameUsage": null, "parentNameUsage": null, "originalNameUsage": null, "nameAccordingTo": null, "namePublishedIn": null, "namePublishedInYear": null, "higherClassification": null, "kingdom": "Fungi", "phylum": "Basidiomycota", "class": "Agaricomycetes", "order": "Agaricales", "superfamily": null, "family": "Strophariaceae", "subfamily": null, "tribe": null, "subtribe": null, "genus": "Leratiomyces", "genericName": "Leratiomyces", "subgenus": null, "infragenericEpithet": null, "specificEpithet": "percevalii", "infraspecificEpithet": null, "cultivarEpithet": null, "taxonRank": "SPECIES", "verbatimTaxonRank": null, "vernacularName": null, "nomenclaturalCode": null, "taxonomicStatus": "ACCEPTED", "nomenclaturalStatus": null, "taxonRemarks": null, "datasetKey": "50c9509d-22c7-4a22-a47d-8c48425ef4a7", "publishingCountry": "US", "lastInterpreted": "2025-10-14T18:42:33.810Z", "elevation": null, "elevationAccuracy": null, "depth": null, "depthAccuracy": null, "distanceFromCentroidInMeters": null, "issue": "COORDINATE_ROUNDED;CONTINENT_DERIVED_FROM_COORDINATES;TAXON_ID_NOT_FOUND", "taxonomicIssue": "TAXON_ID_NOT_FOUND", "nonTaxonomicIssue": null, "mediaType": null, "hasCoordinate": true, "hasGeospatialIssues": false, "taxonKey": 2533993, "acceptedTaxonKey": 2533993, "kingdomKey": 5, "phylumKey": 34, "classKey": 186, "orderKey": 1499, "familyKey": 4186, "genusKey": 2533977, "subgenusKey": null, "speciesKey": 2533993, "species": "Leratiomyces percevalii", "acceptedScientificName": "Leratiomyces percevalii (Berk. & Broome) Bridge & Spooner", "verbatimScientificName": "Leratiomyces percevalii", "typifiedName": null, "protocol": "DWC_ARCHIVE", "lastParsed": "2025-10-14T18:42:33.810Z", "lastCrawled": "2025-10-14T04:54:04.400Z", "isInvasive": null, "repatriated": false, "relativeOrganismQuantity": null, "projectId": "https://www.inaturalist.org/projects/fungi-of-the-california-floristic-province", "isSequenced": false, "gbifRegion": "NORTH_AMERICA", "publishedByGbifRegion": "NORTH_AMERICA", "level0Gid": "USA", "level0Name": "United States", "level1Gid": "USA.5_1", "level1Name": "California", "level2Gid": "USA.5.19_1", "level2Name": "Los Angeles", "level3Gid": null, "level3Name": null, "iucnRedListCategory": null, "type_2": null, "format": null, "identifier": null, "references_2": null }, "geometry": { "type": "Point", "coordinates": [ -118.380973, 34.140304 ] } },
{ "type": "Feature", "properties": { "gbifID": 4935938781, "accessRights": null, "bibliographicCitation": null, "language": null, "license": "CC_BY_NC_4_0", "modified": "2024-08-31T02:09:11Z", "publisher": "iNaturalist.org", "references": "https://www.inaturalist.org/observations/160145582", "rightsHolder": "naturephotosuze", "type": null, "institutionID": null, "collectionID": null, "datasetID": null, "institutionCode": "iNaturalist", "collectionCode": "Observations", "datasetName": "iNaturalist research-grade observations", "ownerInstitutionCode": null, "basisOfRecord": "HUMAN_OBSERVATION", "informationWithheld": null, "dataGeneralizations": null, "dynamicProperties": null, "occurrenceID": "https://www.inaturalist.org/observations/160145582", "catalogNumber": 160145582, "recordNumber": null, "recordedBy": "naturephotosuze", "recordedByID": null, "individualCount": null, "organismQuantity": null, "organismQuantityType": null, "sex": null, "lifeStage": null, "reproductiveCondition": null, "caste": null, "behavior": null, "vitality": null, "establishmentMeans": null, "degreeOfEstablishment": null, "pathway": null, "georeferenceVerificationStatus": null, "occurrenceStatus": "PRESENT", "preparations": null, "disposition": null, "associatedOccurrences": null, "associatedReferences": null, "associatedSequences": null, "associatedTaxa": null, "otherCatalogNumbers": null, "occurrenceRemarks": "LA River Whitsett", "organismID": null, "organismName": null, "organismScope": null, "associatedOrganisms": null, "previousIdentifications": null, "organismRemarks": null, "materialEntityID": null, "materialEntityRemarks": null, "verbatimLabel": null, "materialSampleID": null, "eventID": null, "parentEventID": null, "eventType": null, "fieldNumber": null, "eventDate": "2023-05-05", "eventTime": "16:00:00", "startDayOfYear": 125, "endDayOfYear": 125, "year": 2023, "month": 5, "day": 5, "verbatimEventDate": "2023/05/05 4:00 PM", "habitat": null, "samplingProtocol": null, "sampleSizeValue": null, "sampleSizeUnit": null, "samplingEffort": null, "fieldNotes": null, "eventRemarks": null, "locationID": null, "higherGeographyID": null, "higherGeography": null, "continent": "NORTH_AMERICA", "waterBody": null, "islandGroup": null, "island": null, "countryCode": "US", "stateProvince": "California", "county": null, "municipality": null, "locality": null, "verbatimLocality": "Studio City, Los Angeles, CA, USA", "verbatimElevation": null, "verticalDatum": null, "verbatimDepth": null, "minimumDistanceAboveSurfaceInMeters": null, "maximumDistanceAboveSurfaceInMeters": null, "locationAccordingTo": null, "locationRemarks": null, "decimalLatitude": 34.144701, "decimalLongitude": -118.407333, "coordinateUncertaintyInMeters": 8.0, "coordinatePrecision": null, "pointRadiusSpatialFit": null, "verbatimCoordinateSystem": null, "verbatimSRS": null, "footprintWKT": null, "footprintSRS": null, "footprintSpatialFit": null, "georeferencedBy": null, "georeferencedDate": null, "georeferenceProtocol": null, "georeferenceSources": null, "georeferenceRemarks": null, "geologicalContextID": null, "earliestEonOrLowestEonothem": null, "latestEonOrHighestEonothem": null, "earliestEraOrLowestErathem": null, "latestEraOrHighestErathem": null, "earliestPeriodOrLowestSystem": null, "latestPeriodOrHighestSystem": null, "earliestEpochOrLowestSeries": null, "latestEpochOrHighestSeries": null, "earliestAgeOrLowestStage": null, "latestAgeOrHighestStage": null, "lowestBiostratigraphicZone": null, "highestBiostratigraphicZone": null, "lithostratigraphicTerms": null, "group": null, "formation": null, "member": null, "bed": null, "identificationID": 360057974, "verbatimIdentification": null, "identificationQualifier": null, "typeStatus": null, "identifiedBy": "Alan Rockefeller", "identifiedByID": null, "dateIdentified": "2023-05-06", "identificationReferences": null, "identificationVerificationStatus": null, "identificationRemarks": null, "taxonID": 118391, "scientificNameID": null, "acceptedNameUsageID": 8997022, "parentNameUsageID": null, "originalNameUsageID": null, "nameAccordingToID": null, "namePublishedInID": null, "taxonConceptID": null, "scientificName": "Agrocybe praecox (Pers.) Fayod", "acceptedNameUsage": null, "parentNameUsage": null, "originalNameUsage": null, "nameAccordingTo": null, "namePublishedIn": null, "namePublishedInYear": null, "higherClassification": null, "kingdom": "Fungi", "phylum": "Basidiomycota", "class": "Agaricomycetes", "order": "Agaricales", "superfamily": null, "family": "Strophariaceae", "subfamily": null, "tribe": null, "subtribe": null, "genus": "Agrocybe", "genericName": "Agrocybe", "subgenus": null, "infragenericEpithet": null, "specificEpithet": "praecox", "infraspecificEpithet": null, "cultivarEpithet": null, "taxonRank": "SPECIES", "verbatimTaxonRank": null, "vernacularName": null, "nomenclaturalCode": null, "taxonomicStatus": "ACCEPTED", "nomenclaturalStatus": null, "taxonRemarks": null, "datasetKey": "50c9509d-22c7-4a22-a47d-8c48425ef4a7", "publishingCountry": "US", "lastInterpreted": "2025-10-14T16:07:49.359Z", "elevation": null, "elevationAccuracy": null, "depth": null, "depthAccuracy": null, "distanceFromCentroidInMeters": null, "issue": "COORDINATE_ROUNDED;CONTINENT_DERIVED_FROM_COORDINATES;TAXON_ID_NOT_FOUND", "taxonomicIssue": "TAXON_ID_NOT_FOUND", "nonTaxonomicIssue": null, "mediaType": null, "hasCoordinate": true, "hasGeospatialIssues": false, "taxonKey": 8997022, "acceptedTaxonKey": 8997022, "kingdomKey": 5, "phylumKey": 34, "classKey": 186, "orderKey": 1499, "familyKey": 4186, "genusKey": 2527828, "subgenusKey": null, "speciesKey": 8997022, "species": "Agrocybe praecox", "acceptedScientificName": "Agrocybe praecox (Pers.) Fayod", "verbatimScientificName": "Agrocybe praecox", "typifiedName": null, "protocol": "DWC_ARCHIVE", "lastParsed": "2025-10-14T16:07:49.359Z", "lastCrawled": "2025-10-14T04:54:04.400Z", "isInvasive": null, "repatriated": false, "relativeOrganismQuantity": null, "projectId": "https://www.inaturalist.org/projects/fungi-of-the-california-floristic-province", "isSequenced": false, "gbifRegion": "NORTH_AMERICA", "publishedByGbifRegion": "NORTH_AMERICA", "level0Gid": "USA", "level0Name": "United States", "level1Gid": "USA.5_1", "level1Name": "California", "level2Gid": "USA.5.19_1", "level2Name": "Los Angeles", "level3Gid": null, "level3Name": null, "iucnRedListCategory": null, "type_2": null, "format": null, "identifier": null, "references_2": null }, "geometry": { "type": "Point", "coordinates": [ -118.407333, 34.144701 ] } },
{ "type": "Feature", "properties": { "gbifID": 4465541342, "accessRights": null, "bibliographicCitation": null, "language": null, "license": "CC_BY_NC_4_0", "modified": "2024-07-01T23:55:54Z", "publisher": "iNaturalist.org", "references": "https://www.inaturalist.org/observations/11972223", "rightsHolder": "Rebecca Marschall", "type": null, "institutionID": null, "collectionID": null, "datasetID": null, "institutionCode": "iNaturalist", "collectionCode": "Observations", "datasetName": "iNaturalist research-grade observations", "ownerInstitutionCode": null, "basisOfRecord": "HUMAN_OBSERVATION", "informationWithheld": null, "dataGeneralizations": null, "dynamicProperties": null, "occurrenceID": "https://www.inaturalist.org/observations/11972223", "catalogNumber": 11972223, "recordNumber": null, "recordedBy": "Rebecca Marschall", "recordedByID": null, "individualCount": null, "organismQuantity": null, "organismQuantityType": null, "sex": null, "lifeStage": null, "reproductiveCondition": null, "caste": null, "behavior": null, "vitality": null, "establishmentMeans": null, "degreeOfEstablishment": null, "pathway": null, "georeferenceVerificationStatus": null, "occurrenceStatus": "PRESENT", "preparations": null, "disposition": null, "associatedOccurrences": null, "associatedReferences": null, "associatedSequences": null, "associatedTaxa": null, "otherCatalogNumbers": null, "occurrenceRemarks": null, "organismID": null, "organismName": null, "organismScope": null, "associatedOrganisms": null, "previousIdentifications": null, "organismRemarks": null, "materialEntityID": null, "materialEntityRemarks": null, "verbatimLabel": null, "materialSampleID": null, "eventID": null, "parentEventID": null, "eventType": null, "fieldNumber": null, "eventDate": "2018-04-30", "eventTime": "17:08:00", "startDayOfYear": 120, "endDayOfYear": 120, "year": 2018, "month": 4, "day": 30, "verbatimEventDate": "2018/04/30 5:08 PM PDT", "habitat": null, "samplingProtocol": null, "sampleSizeValue": null, "sampleSizeUnit": null, "samplingEffort": null, "fieldNotes": null, "eventRemarks": null, "locationID": null, "higherGeographyID": null, "higherGeography": null, "continent": "NORTH_AMERICA", "waterBody": null, "islandGroup": null, "island": null, "countryCode": "US", "stateProvince": "California", "county": null, "municipality": null, "locality": null, "verbatimLocality": "Studio City, Los Angeles, CA, USA", "verbatimElevation": null, "verticalDatum": null, "verbatimDepth": null, "minimumDistanceAboveSurfaceInMeters": null, "maximumDistanceAboveSurfaceInMeters": null, "locationAccordingTo": null, "locationRemarks": null, "decimalLatitude": 34.145053, "decimalLongitude": -118.408067, "coordinateUncertaintyInMeters": null, "coordinatePrecision": null, "pointRadiusSpatialFit": null, "verbatimCoordinateSystem": null, "verbatimSRS": null, "footprintWKT": null, "footprintSRS": null, "footprintSpatialFit": null, "georeferencedBy": null, "georeferencedDate": null, "georeferenceProtocol": null, "georeferenceSources": null, "georeferenceRemarks": null, "geologicalContextID": null, "earliestEonOrLowestEonothem": null, "latestEonOrHighestEonothem": null, "earliestEraOrLowestErathem": null, "latestEraOrHighestErathem": null, "earliestPeriodOrLowestSystem": null, "latestPeriodOrHighestSystem": null, "earliestEpochOrLowestSeries": null, "latestEpochOrHighestSeries": null, "earliestAgeOrLowestStage": null, "latestAgeOrHighestStage": null, "lowestBiostratigraphicZone": null, "highestBiostratigraphicZone": null, "lithostratigraphicTerms": null, "group": null, "formation": null, "member": null, "bed": null, "identificationID": 432996215, "verbatimIdentification": null, "identificationQualifier": null, "typeStatus": null, "identifiedBy": "Senna Bryce Robeson", "identifiedByID": "https://orcid.org/0000-0003-1868-8766", "dateIdentified": "2023-12-07", "identificationReferences": null, "identificationVerificationStatus": null, "identificationRemarks": "is this California poppy?", "taxonID": 905558, "scientificNameID": null, "acceptedNameUsageID": 9817065, "parentNameUsageID": null, "originalNameUsageID": null, "nameAccordingToID": null, "namePublishedInID": null, "taxonConceptID": null, "scientificName": "Erysiphe eschscholziae Pastirč. & Jankovics", "acceptedNameUsage": null, "parentNameUsage": null, "originalNameUsage": null, "nameAccordingTo": null, "namePublishedIn": null, "namePublishedInYear": null, "higherClassification": null, "kingdom": "Fungi", "phylum": "Ascomycota", "class": "Leotiomycetes", "order": "Helotiales", "superfamily": null, "family": "Erysiphaceae", "subfamily": null, "tribe": null, "subtribe": null, "genus": "Erysiphe", "genericName": "Erysiphe", "subgenus": null, "infragenericEpithet": null, "specificEpithet": "eschscholziae", "infraspecificEpithet": null, "cultivarEpithet": null, "taxonRank": "SPECIES", "verbatimTaxonRank": null, "vernacularName": null, "nomenclaturalCode": null, "taxonomicStatus": "ACCEPTED", "nomenclaturalStatus": null, "taxonRemarks": null, "datasetKey": "50c9509d-22c7-4a22-a47d-8c48425ef4a7", "publishingCountry": "US", "lastInterpreted": "2025-10-14T18:14:26.541Z", "elevation": null, "elevationAccuracy": null, "depth": null, "depthAccuracy": null, "distanceFromCentroidInMeters": null, "issue": "COORDINATE_ROUNDED;CONTINENT_DERIVED_FROM_COORDINATES;TAXON_ID_NOT_FOUND", "taxonomicIssue": "TAXON_ID_NOT_FOUND", "nonTaxonomicIssue": null, "mediaType": "StillImage", "hasCoordinate": true, "hasGeospatialIssues": false, "taxonKey": 9817065, "acceptedTaxonKey": 9817065, "kingdomKey": 5, "phylumKey": 95, "classKey": 179, "orderKey": 1052, "familyKey": 8379, "genusKey": 2578311, "subgenusKey": null, "speciesKey": 9817065, "species": "Erysiphe eschscholziae", "acceptedScientificName": "Erysiphe eschscholziae Pastirč. & Jankovics", "verbatimScientificName": "Erysiphe eschscholziae", "typifiedName": null, "protocol": "DWC_ARCHIVE", "lastParsed": "2025-10-14T18:14:26.541Z", "lastCrawled": "2025-10-14T04:54:04.400Z", "isInvasive": null, "repatriated": false, "relativeOrganismQuantity": null, "projectId": "https://www.inaturalist.org/projects/fungi-of-the-california-floristic-province;https://www.inaturalist.org/projects/los-angeles-city-biodiversity-initiative;https://www.inaturalist.org/projects/l-a-nature-map", "isSequenced": false, "gbifRegion": "NORTH_AMERICA", "publishedByGbifRegion": "NORTH_AMERICA", "level0Gid": "USA", "level0Name": "United States", "level1Gid": "USA.5_1", "level1Name": "California", "level2Gid": "USA.5.19_1", "level2Name": "Los Angeles", "level3Gid": null, "level3Name": null, "iucnRedListCategory": null, "type_2": "StillImage", "format": "image/jpeg", "identifier": "https://inaturalist-open-data.s3.amazonaws.com/photos/17148072/original.jpg", "references_2": "https://www.inaturalist.org/photos/17148072" }, "geometry": { "type": "Point", "coordinates": [ -118.408067, 34.145053 ] } },
{ "type": "Feature", "properties": { "gbifID": 4936986182, "accessRights": null, "bibliographicCitation": null, "language": null, "license": "CC_BY_NC_4_0", "modified": "2024-08-31T02:09:11Z", "publisher": "iNaturalist.org", "references": "https://www.inaturalist.org/observations/195609529", "rightsHolder": "naturephotosuze", "type": null, "institutionID": null, "collectionID": null, "datasetID": null, "institutionCode": "iNaturalist", "collectionCode": "Observations", "datasetName": "iNaturalist research-grade observations", "ownerInstitutionCode": null, "basisOfRecord": "HUMAN_OBSERVATION", "informationWithheld": null, "dataGeneralizations": null, "dynamicProperties": null, "occurrenceID": "https://www.inaturalist.org/observations/195609529", "catalogNumber": 195609529, "recordNumber": null, "recordedBy": "naturephotosuze", "recordedByID": null, "individualCount": null, "organismQuantity": null, "organismQuantityType": null, "sex": null, "lifeStage": null, "reproductiveCondition": null, "caste": null, "behavior": null, "vitality": null, "establishmentMeans": null, "degreeOfEstablishment": null, "pathway": null, "georeferenceVerificationStatus": null, "occurrenceStatus": "PRESENT", "preparations": null, "disposition": null, "associatedOccurrences": null, "associatedReferences": null, "associatedSequences": null, "associatedTaxa": null, "otherCatalogNumbers": null, "occurrenceRemarks": "LA River Whitsett On coast live oak--a few leaves had this fungus", "organismID": null, "organismName": null, "organismScope": null, "associatedOrganisms": null, "previousIdentifications": null, "organismRemarks": null, "materialEntityID": null, "materialEntityRemarks": null, "verbatimLabel": null, "materialSampleID": null, "eventID": null, "parentEventID": null, "eventType": null, "fieldNumber": null, "eventDate": "2024-01-01", "eventTime": "13:16:00", "startDayOfYear": 1, "endDayOfYear": 1, "year": 2024, "month": 1, "day": 1, "verbatimEventDate": "2024/01/01 1:16 PM", "habitat": null, "samplingProtocol": null, "sampleSizeValue": null, "sampleSizeUnit": null, "samplingEffort": null, "fieldNotes": null, "eventRemarks": null, "locationID": null, "higherGeographyID": null, "higherGeography": null, "continent": "NORTH_AMERICA", "waterBody": null, "islandGroup": null, "island": null, "countryCode": "US", "stateProvince": "California", "county": null, "municipality": null, "locality": null, "verbatimLocality": "Studio City, Los Angeles, CA, USA", "verbatimElevation": null, "verticalDatum": null, "verbatimDepth": null, "minimumDistanceAboveSurfaceInMeters": null, "maximumDistanceAboveSurfaceInMeters": null, "locationAccordingTo": null, "locationRemarks": null, "decimalLatitude": 34.144019, "decimalLongitude": -118.406092, "coordinateUncertaintyInMeters": 4.0, "coordinatePrecision": null, "pointRadiusSpatialFit": null, "verbatimCoordinateSystem": null, "verbatimSRS": null, "footprintWKT": null, "footprintSRS": null, "footprintSpatialFit": null, "georeferencedBy": null, "georeferencedDate": null, "georeferenceProtocol": null, "georeferenceSources": null, "georeferenceRemarks": null, "geologicalContextID": null, "earliestEonOrLowestEonothem": null, "latestEonOrHighestEonothem": null, "earliestEraOrLowestErathem": null, "latestEraOrHighestErathem": null, "earliestPeriodOrLowestSystem": null, "latestPeriodOrHighestSystem": null, "earliestEpochOrLowestSeries": null, "latestEpochOrHighestSeries": null, "earliestAgeOrLowestStage": null, "latestAgeOrHighestStage": null, "lowestBiostratigraphicZone": null, "highestBiostratigraphicZone": null, "lithostratigraphicTerms": null, "group": null, "formation": null, "member": null, "bed": null, "identificationID": 440022835, "verbatimIdentification": null, "identificationQualifier": null, "typeStatus": null, "identifiedBy": "naturephotosuze", "identifiedByID": null, "dateIdentified": "2024-01-02", "identificationReferences": null, "identificationVerificationStatus": null, "identificationRemarks": null, "taxonID": 55522, "scientificNameID": null, "acceptedNameUsageID": 9662266, "parentNameUsageID": null, "originalNameUsageID": null, "nameAccordingToID": null, "namePublishedInID": null, "taxonConceptID": null, "scientificName": "Cystotheca lanestris (Harkn.) Miyabe", "acceptedNameUsage": null, "parentNameUsage": null, "originalNameUsage": null, "nameAccordingTo": null, "namePublishedIn": null, "namePublishedInYear": null, "higherClassification": null, "kingdom": "Fungi", "phylum": "Ascomycota", "class": "Leotiomycetes", "order": "Helotiales", "superfamily": null, "family": "Erysiphaceae", "subfamily": null, "tribe": null, "subtribe": null, "genus": "Cystotheca", "genericName": "Cystotheca", "subgenus": null, "infragenericEpithet": null, "specificEpithet": "lanestris", "infraspecificEpithet": null, "cultivarEpithet": null, "taxonRank": "SPECIES", "verbatimTaxonRank": null, "vernacularName": null, "nomenclaturalCode": null, "taxonomicStatus": "ACCEPTED", "nomenclaturalStatus": null, "taxonRemarks": null, "datasetKey": "50c9509d-22c7-4a22-a47d-8c48425ef4a7", "publishingCountry": "US", "lastInterpreted": "2025-10-14T16:22:41.264Z", "elevation": null, "elevationAccuracy": null, "depth": null, "depthAccuracy": null, "distanceFromCentroidInMeters": null, "issue": "COORDINATE_ROUNDED;CONTINENT_DERIVED_FROM_COORDINATES;TAXON_ID_NOT_FOUND", "taxonomicIssue": "TAXON_ID_NOT_FOUND", "nonTaxonomicIssue": null, "mediaType": null, "hasCoordinate": true, "hasGeospatialIssues": false, "taxonKey": 9662266, "acceptedTaxonKey": 9662266, "kingdomKey": 5, "phylumKey": 95, "classKey": 179, "orderKey": 1052, "familyKey": 8379, "genusKey": 2577968, "subgenusKey": null, "speciesKey": 9662266, "species": "Cystotheca lanestris", "acceptedScientificName": "Cystotheca lanestris (Harkn.) Miyabe", "verbatimScientificName": "Cystotheca lanestris", "typifiedName": null, "protocol": "DWC_ARCHIVE", "lastParsed": "2025-10-14T16:22:41.264Z", "lastCrawled": "2025-10-14T04:54:04.400Z", "isInvasive": null, "repatriated": false, "relativeOrganismQuantity": null, "projectId": "https://www.inaturalist.org/projects/fungi-of-the-california-floristic-province", "isSequenced": false, "gbifRegion": "NORTH_AMERICA", "publishedByGbifRegion": "NORTH_AMERICA", "level0Gid": "USA", "level0Name": "United States", "level1Gid": "USA.5_1", "level1Name": "California", "level2Gid": "USA.5.19_1", "level2Name": "Los Angeles", "level3Gid": null, "level3Name": null, "iucnRedListCategory": null, "type_2": null, "format": null, "identifier": null, "references_2": null }, "geometry": { "type": "Point", "coordinates": [ -118.406092, 34.144019 ] } },
{ "type": "Feature", "properties": { "gbifID": 4936229192, "accessRights": null, "bibliographicCitation": null, "language": null, "license": "CC_BY_NC_4_0", "modified": "2024-08-31T02:09:11Z", "publisher": "iNaturalist.org", "references": "https://www.inaturalist.org/observations/123609137", "rightsHolder": "naturephotosuze", "type": null, "institutionID": null, "collectionID": null, "datasetID": null, "institutionCode": "iNaturalist", "collectionCode": "Observations", "datasetName": "iNaturalist research-grade observations", "ownerInstitutionCode": null, "basisOfRecord": "HUMAN_OBSERVATION", "informationWithheld": null, "dataGeneralizations": null, "dynamicProperties": null, "occurrenceID": "https://www.inaturalist.org/observations/123609137", "catalogNumber": 123609137, "recordNumber": null, "recordedBy": "naturephotosuze", "recordedByID": null, "individualCount": null, "organismQuantity": null, "organismQuantityType": null, "sex": null, "lifeStage": null, "reproductiveCondition": null, "caste": null, "behavior": null, "vitality": null, "establishmentMeans": null, "degreeOfEstablishment": null, "pathway": null, "georeferenceVerificationStatus": null, "occurrenceStatus": "PRESENT", "preparations": null, "disposition": null, "associatedOccurrences": null, "associatedReferences": null, "associatedSequences": null, "associatedTaxa": null, "otherCatalogNumbers": null, "occurrenceRemarks": "LA RIver Whitsett", "organismID": null, "organismName": null, "organismScope": null, "associatedOrganisms": null, "previousIdentifications": null, "organismRemarks": null, "materialEntityID": null, "materialEntityRemarks": null, "verbatimLabel": null, "materialSampleID": null, "eventID": null, "parentEventID": null, "eventType": null, "fieldNumber": null, "eventDate": "2022-06-25", "eventTime": "10:24:00", "startDayOfYear": 176, "endDayOfYear": 176, "year": 2022, "month": 6, "day": 25, "verbatimEventDate": "2022/06/25 10:24 AM", "habitat": null, "samplingProtocol": null, "sampleSizeValue": null, "sampleSizeUnit": null, "samplingEffort": null, "fieldNotes": null, "eventRemarks": null, "locationID": null, "higherGeographyID": null, "higherGeography": null, "continent": "NORTH_AMERICA", "waterBody": null, "islandGroup": null, "island": null, "countryCode": "US", "stateProvince": "California", "county": null, "municipality": null, "locality": null, "verbatimLocality": "Studio City, Los Angeles, CA, USA", "verbatimElevation": null, "verticalDatum": null, "verbatimDepth": null, "minimumDistanceAboveSurfaceInMeters": null, "maximumDistanceAboveSurfaceInMeters": null, "locationAccordingTo": null, "locationRemarks": null, "decimalLatitude": 34.144581, "decimalLongitude": -118.407115, "coordinateUncertaintyInMeters": 4.0, "coordinatePrecision": null, "pointRadiusSpatialFit": null, "verbatimCoordinateSystem": null, "verbatimSRS": null, "footprintWKT": null, "footprintSRS": null, "footprintSpatialFit": null, "georeferencedBy": null, "georeferencedDate": null, "georeferenceProtocol": null, "georeferenceSources": null, "georeferenceRemarks": null, "geologicalContextID": null, "earliestEonOrLowestEonothem": null, "latestEonOrHighestEonothem": null, "earliestEraOrLowestErathem": null, "latestEraOrHighestErathem": null, "earliestPeriodOrLowestSystem": null, "latestPeriodOrHighestSystem": null, "earliestEpochOrLowestSeries": null, "latestEpochOrHighestSeries": null, "earliestAgeOrLowestStage": null, "latestAgeOrHighestStage": null, "lowestBiostratigraphicZone": null, "highestBiostratigraphicZone": null, "lithostratigraphicTerms": null, "group": null, "formation": null, "member": null, "bed": null, "identificationID": 273692544, "verbatimIdentification": null, "identificationQualifier": null, "typeStatus": null, "identifiedBy": "naturephotosuze", "identifiedByID": null, "dateIdentified": "2022-06-26", "identificationReferences": null, "identificationVerificationStatus": null, "identificationRemarks": null, "taxonID": 382273, "scientificNameID": null, "acceptedNameUsageID": 2578515, "parentNameUsageID": null, "originalNameUsageID": null, "nameAccordingToID": null, "namePublishedInID": null, "taxonConceptID": null, "scientificName": "Erysiphe platani (Howe) U.Braun & S.Takam.", "acceptedNameUsage": null, "parentNameUsage": null, "originalNameUsage": null, "nameAccordingTo": null, "namePublishedIn": null, "namePublishedInYear": null, "higherClassification": null, "kingdom": "Fungi", "phylum": "Ascomycota", "class": "Leotiomycetes", "order": "Helotiales", "superfamily": null, "family": "Erysiphaceae", "subfamily": null, "tribe": null, "subtribe": null, "genus": "Erysiphe", "genericName": "Erysiphe", "subgenus": null, "infragenericEpithet": null, "specificEpithet": "platani", "infraspecificEpithet": null, "cultivarEpithet": null, "taxonRank": "SPECIES", "verbatimTaxonRank": null, "vernacularName": null, "nomenclaturalCode": null, "taxonomicStatus": "ACCEPTED", "nomenclaturalStatus": null, "taxonRemarks": null, "datasetKey": "50c9509d-22c7-4a22-a47d-8c48425ef4a7", "publishingCountry": "US", "lastInterpreted": "2025-10-14T17:22:36.834Z", "elevation": null, "elevationAccuracy": null, "depth": null, "depthAccuracy": null, "distanceFromCentroidInMeters": null, "issue": "COORDINATE_ROUNDED;CONTINENT_DERIVED_FROM_COORDINATES;TAXON_ID_NOT_FOUND", "taxonomicIssue": "TAXON_ID_NOT_FOUND", "nonTaxonomicIssue": null, "mediaType": null, "hasCoordinate": true, "hasGeospatialIssues": false, "taxonKey": 2578515, "acceptedTaxonKey": 2578515, "kingdomKey": 5, "phylumKey": 95, "classKey": 179, "orderKey": 1052, "familyKey": 8379, "genusKey": 2578311, "subgenusKey": null, "speciesKey": 2578515, "species": "Erysiphe platani", "acceptedScientificName": "Erysiphe platani (Howe) U.Braun & S.Takam.", "verbatimScientificName": "Erysiphe platani", "typifiedName": null, "protocol": "DWC_ARCHIVE", "lastParsed": "2025-10-14T17:22:36.834Z", "lastCrawled": "2025-10-14T04:54:04.400Z", "isInvasive": null, "repatriated": false, "relativeOrganismQuantity": null, "projectId": "https://www.inaturalist.org/projects/fungi-of-the-california-floristic-province", "isSequenced": false, "gbifRegion": "NORTH_AMERICA", "publishedByGbifRegion": "NORTH_AMERICA", "level0Gid": "USA", "level0Name": "United States", "level1Gid": "USA.5_1", "level1Name": "California", "level2Gid": "USA.5.19_1", "level2Name": "Los Angeles", "level3Gid": null, "level3Name": null, "iucnRedListCategory": null, "type_2": null, "format": null, "identifier": null, "references_2": null }, "geometry": { "type": "Point", "coordinates": [ -118.407115, 34.144581 ] } },
{ "type": "Feature", "properties": { "gbifID": 4127397378, "accessRights": null, "bibliographicCitation": null, "language": null, "license": "CC_BY_4_0", "modified": "2023-05-27T02:53:43Z", "publisher": "iNaturalist.org", "references": "https://www.inaturalist.org/observations/163400869", "rightsHolder": "Kat B", "type": null, "institutionID": null, "collectionID": null, "datasetID": null, "institutionCode": "iNaturalist", "collectionCode": "Observations", "datasetName": "iNaturalist research-grade observations", "ownerInstitutionCode": null, "basisOfRecord": "HUMAN_OBSERVATION", "informationWithheld": null, "dataGeneralizations": null, "dynamicProperties": null, "occurrenceID": "https://www.inaturalist.org/observations/163400869", "catalogNumber": 163400869, "recordNumber": null, "recordedBy": "Kat B", "recordedByID": null, "individualCount": null, "organismQuantity": null, "organismQuantityType": null, "sex": null, "lifeStage": null, "reproductiveCondition": null, "caste": null, "behavior": null, "vitality": null, "establishmentMeans": null, "degreeOfEstablishment": null, "pathway": null, "georeferenceVerificationStatus": null, "occurrenceStatus": "PRESENT", "preparations": null, "disposition": null, "associatedOccurrences": null, "associatedReferences": null, "associatedSequences": null, "associatedTaxa": null, "otherCatalogNumbers": null, "occurrenceRemarks": null, "organismID": null, "organismName": null, "organismScope": null, "associatedOrganisms": null, "previousIdentifications": null, "organismRemarks": null, "materialEntityID": null, "materialEntityRemarks": null, "verbatimLabel": null, "materialSampleID": null, "eventID": null, "parentEventID": null, "eventType": null, "fieldNumber": null, "eventDate": "2023-05-23", "eventTime": "11:19:44", "startDayOfYear": 143, "endDayOfYear": 143, "year": 2023, "month": 5, "day": 23, "verbatimEventDate": "2023-05-23 11:19:44-07:00", "habitat": null, "samplingProtocol": null, "sampleSizeValue": null, "sampleSizeUnit": null, "samplingEffort": null, "fieldNotes": null, "eventRemarks": null, "locationID": null, "higherGeographyID": null, "higherGeography": null, "continent": "NORTH_AMERICA", "waterBody": null, "islandGroup": null, "island": null, "countryCode": "US", "stateProvince": "California", "county": null, "municipality": null, "locality": null, "verbatimLocality": "Griffith Park, Los Angeles, CA, US", "verbatimElevation": null, "verticalDatum": null, "verbatimDepth": null, "minimumDistanceAboveSurfaceInMeters": null, "maximumDistanceAboveSurfaceInMeters": null, "locationAccordingTo": null, "locationRemarks": null, "decimalLatitude": 34.15739, "decimalLongitude": -118.298759, "coordinateUncertaintyInMeters": 67.0, "coordinatePrecision": null, "pointRadiusSpatialFit": null, "verbatimCoordinateSystem": null, "verbatimSRS": null, "footprintWKT": null, "footprintSRS": null, "footprintSpatialFit": null, "georeferencedBy": null, "georeferencedDate": null, "georeferenceProtocol": null, "georeferenceSources": null, "georeferenceRemarks": null, "geologicalContextID": null, "earliestEonOrLowestEonothem": null, "latestEonOrHighestEonothem": null, "earliestEraOrLowestErathem": null, "latestEraOrHighestErathem": null, "earliestPeriodOrLowestSystem": null, "latestPeriodOrHighestSystem": null, "earliestEpochOrLowestSeries": null, "latestEpochOrHighestSeries": null, "earliestAgeOrLowestStage": null, "latestAgeOrHighestStage": null, "lowestBiostratigraphicZone": null, "highestBiostratigraphicZone": null, "lithostratigraphicTerms": null, "group": null, "formation": null, "member": null, "bed": null, "identificationID": 366673133, "verbatimIdentification": null, "identificationQualifier": null, "typeStatus": null, "identifiedBy": "Kat B", "identifiedByID": null, "dateIdentified": "2023-05-23", "identificationReferences": null, "identificationVerificationStatus": null, "identificationRemarks": null, "taxonID": 117227, "scientificNameID": null, "acceptedNameUsageID": 2529827, "parentNameUsageID": null, "originalNameUsageID": null, "nameAccordingToID": null, "namePublishedInID": null, "taxonConceptID": null, "scientificName": "Conocybe apala (Fr.) Arnolds", "acceptedNameUsage": null, "parentNameUsage": null, "originalNameUsage": null, "nameAccordingTo": null, "namePublishedIn": null, "namePublishedInYear": null, "higherClassification": null, "kingdom": "Fungi", "phylum": "Basidiomycota", "class": "Agaricomycetes", "order": "Agaricales", "superfamily": null, "family": "Bolbitiaceae", "subfamily": null, "tribe": null, "subtribe": null, "genus": "Conocybe", "genericName": "Conocybe", "subgenus": null, "infragenericEpithet": null, "specificEpithet": "apala", "infraspecificEpithet": null, "cultivarEpithet": null, "taxonRank": "SPECIES", "verbatimTaxonRank": null, "vernacularName": null, "nomenclaturalCode": null, "taxonomicStatus": "ACCEPTED", "nomenclaturalStatus": null, "taxonRemarks": null, "datasetKey": "50c9509d-22c7-4a22-a47d-8c48425ef4a7", "publishingCountry": "US", "lastInterpreted": "2025-10-14T17:34:15.190Z", "elevation": null, "elevationAccuracy": null, "depth": null, "depthAccuracy": null, "distanceFromCentroidInMeters": null, "issue": "COORDINATE_ROUNDED;CONTINENT_DERIVED_FROM_COORDINATES;TAXON_ID_NOT_FOUND", "taxonomicIssue": "TAXON_ID_NOT_FOUND", "nonTaxonomicIssue": null, "mediaType": "StillImage;StillImage;StillImage;StillImage;StillImage", "hasCoordinate": true, "hasGeospatialIssues": false, "taxonKey": 2529827, "acceptedTaxonKey": 2529827, "kingdomKey": 5, "phylumKey": 34, "classKey": 186, "orderKey": 1499, "familyKey": 8440, "genusKey": 2529714, "subgenusKey": null, "speciesKey": 2529827, "species": "Conocybe apala", "acceptedScientificName": "Conocybe apala (Fr.) Arnolds", "verbatimScientificName": "Conocybe apala", "typifiedName": null, "protocol": "DWC_ARCHIVE", "lastParsed": "2025-10-14T17:34:15.190Z", "lastCrawled": "2025-10-14T04:54:04.400Z", "isInvasive": null, "repatriated": false, "relativeOrganismQuantity": null, "projectId": "https://www.inaturalist.org/projects/fungi-of-the-california-floristic-province", "isSequenced": false, "gbifRegion": "NORTH_AMERICA", "publishedByGbifRegion": "NORTH_AMERICA", "level0Gid": "USA", "level0Name": "United States", "level1Gid": "USA.5_1", "level1Name": "California", "level2Gid": "USA.5.19_1", "level2Name": "Los Angeles", "level3Gid": null, "level3Name": null, "iucnRedListCategory": null, "type_2": "StillImage", "format": "image/jpeg", "identifier": "https://inaturalist-open-data.s3.amazonaws.com/photos/282611789/original.jpg", "references_2": "https://www.inaturalist.org/photos/282611789" }, "geometry": { "type": "Point", "coordinates": [ -118.298759, 34.15739 ] } },
{ "type": "Feature", "properties": { "gbifID": 4852883159, "accessRights": null, "bibliographicCitation": null, "language": null, "license": "CC_BY_NC_4_0", "modified": "2024-04-20T06:09:45Z", "publisher": "iNaturalist.org", "references": "https://www.inaturalist.org/observations/208114226", "rightsHolder": "tori", "type": null, "institutionID": null, "collectionID": null, "datasetID": null, "institutionCode": "iNaturalist", "collectionCode": "Observations", "datasetName": "iNaturalist research-grade observations", "ownerInstitutionCode": null, "basisOfRecord": "HUMAN_OBSERVATION", "informationWithheld": null, "dataGeneralizations": null, "dynamicProperties": null, "occurrenceID": "https://www.inaturalist.org/observations/208114226", "catalogNumber": 208114226, "recordNumber": null, "recordedBy": "tori", "recordedByID": null, "individualCount": null, "organismQuantity": null, "organismQuantityType": null, "sex": null, "lifeStage": null, "reproductiveCondition": null, "caste": null, "behavior": null, "vitality": null, "establishmentMeans": null, "degreeOfEstablishment": null, "pathway": null, "georeferenceVerificationStatus": null, "occurrenceStatus": "PRESENT", "preparations": null, "disposition": null, "associatedOccurrences": null, "associatedReferences": null, "associatedSequences": null, "associatedTaxa": null, "otherCatalogNumbers": null, "occurrenceRemarks": null, "organismID": null, "organismName": null, "organismScope": null, "associatedOrganisms": null, "previousIdentifications": null, "organismRemarks": null, "materialEntityID": null, "materialEntityRemarks": null, "verbatimLabel": null, "materialSampleID": null, "eventID": null, "parentEventID": null, "eventType": null, "fieldNumber": null, "eventDate": "2024-04-19", "eventTime": "09:23:57", "startDayOfYear": 110, "endDayOfYear": 110, "year": 2024, "month": 4, "day": 19, "verbatimEventDate": "2024-04-19 09:23:57-07:00", "habitat": null, "samplingProtocol": null, "sampleSizeValue": null, "sampleSizeUnit": null, "samplingEffort": null, "fieldNotes": null, "eventRemarks": null, "locationID": null, "higherGeographyID": null, "higherGeography": null, "continent": "NORTH_AMERICA", "waterBody": null, "islandGroup": null, "island": null, "countryCode": "US", "stateProvince": "California", "county": null, "municipality": null, "locality": null, "verbatimLocality": "Central la River Path, Los Angeles, CA, US", "verbatimElevation": null, "verticalDatum": null, "verbatimDepth": null, "minimumDistanceAboveSurfaceInMeters": null, "maximumDistanceAboveSurfaceInMeters": null, "locationAccordingTo": null, "locationRemarks": null, "decimalLatitude": 34.093385, "decimalLongitude": -118.234535, "coordinateUncertaintyInMeters": 5.0, "coordinatePrecision": null, "pointRadiusSpatialFit": null, "verbatimCoordinateSystem": null, "verbatimSRS": null, "footprintWKT": null, "footprintSRS": null, "footprintSpatialFit": null, "georeferencedBy": null, "georeferencedDate": null, "georeferenceProtocol": null, "georeferenceSources": null, "georeferenceRemarks": null, "geologicalContextID": null, "earliestEonOrLowestEonothem": null, "latestEonOrHighestEonothem": null, "earliestEraOrLowestErathem": null, "latestEraOrHighestErathem": null, "earliestPeriodOrLowestSystem": null, "latestPeriodOrHighestSystem": null, "earliestEpochOrLowestSeries": null, "latestEpochOrHighestSeries": null, "earliestAgeOrLowestStage": null, "latestAgeOrHighestStage": null, "lowestBiostratigraphicZone": null, "highestBiostratigraphicZone": null, "lithostratigraphicTerms": null, "group": null, "formation": null, "member": null, "bed": null, "identificationID": 472796822, "verbatimIdentification": null, "identificationQualifier": null, "typeStatus": null, "identifiedBy": "tori", "identifiedByID": null, "dateIdentified": "2024-04-19", "identificationReferences": null, "identificationVerificationStatus": null, "identificationRemarks": null, "taxonID": 56318, "scientificNameID": null, "acceptedNameUsageID": 2534578, "parentNameUsageID": null, "originalNameUsageID": null, "nameAccordingToID": null, "namePublishedInID": null, "taxonConceptID": null, "scientificName": "Coprinellus micaceus (Bull.) Vilgalys, Hopple & Jacq.Johnson", "acceptedNameUsage": null, "parentNameUsage": null, "originalNameUsage": null, "nameAccordingTo": null, "namePublishedIn": null, "namePublishedInYear": null, "higherClassification": null, "kingdom": "Fungi", "phylum": "Basidiomycota", "class": "Agaricomycetes", "order": "Agaricales", "superfamily": null, "family": "Psathyrellaceae", "subfamily": null, "tribe": null, "subtribe": null, "genus": "Coprinellus", "genericName": "Coprinellus", "subgenus": null, "infragenericEpithet": null, "specificEpithet": "micaceus", "infraspecificEpithet": null, "cultivarEpithet": null, "taxonRank": "SPECIES", "verbatimTaxonRank": null, "vernacularName": null, "nomenclaturalCode": null, "taxonomicStatus": "ACCEPTED", "nomenclaturalStatus": null, "taxonRemarks": null, "datasetKey": "50c9509d-22c7-4a22-a47d-8c48425ef4a7", "publishingCountry": "US", "lastInterpreted": "2025-10-14T16:22:12.538Z", "elevation": null, "elevationAccuracy": null, "depth": null, "depthAccuracy": null, "distanceFromCentroidInMeters": null, "issue": "COORDINATE_ROUNDED;CONTINENT_DERIVED_FROM_COORDINATES;TAXON_ID_NOT_FOUND", "taxonomicIssue": "TAXON_ID_NOT_FOUND", "nonTaxonomicIssue": null, "mediaType": "StillImage", "hasCoordinate": true, "hasGeospatialIssues": false, "taxonKey": 2534578, "acceptedTaxonKey": 2534578, "kingdomKey": 5, "phylumKey": 34, "classKey": 186, "orderKey": 1499, "familyKey": 4184, "genusKey": 2534558, "subgenusKey": null, "speciesKey": 2534578, "species": "Coprinellus micaceus", "acceptedScientificName": "Coprinellus micaceus (Bull.) Vilgalys, Hopple & Jacq.Johnson", "verbatimScientificName": "Coprinellus micaceus", "typifiedName": null, "protocol": "DWC_ARCHIVE", "lastParsed": "2025-10-14T16:22:12.538Z", "lastCrawled": "2025-10-14T04:54:04.400Z", "isInvasive": null, "repatriated": false, "relativeOrganismQuantity": null, "projectId": "https://www.inaturalist.org/projects/fungi-of-the-california-floristic-province", "isSequenced": false, "gbifRegion": "NORTH_AMERICA", "publishedByGbifRegion": "NORTH_AMERICA", "level0Gid": "USA", "level0Name": "United States", "level1Gid": "USA.5_1", "level1Name": "California", "level2Gid": "USA.5.19_1", "level2Name": "Los Angeles", "level3Gid": null, "level3Name": null, "iucnRedListCategory": null, "type_2": "StillImage", "format": "image/jpeg", "identifier": "https://inaturalist-open-data.s3.amazonaws.com/photos/368186850/original.jpg", "references_2": "https://www.inaturalist.org/photos/368186850" }, "geometry": { "type": "Point", "coordinates": [ -118.234535, 34.093385 ] } },
{ "type": "Feature", "properties": { "gbifID": 4522456286, "accessRights": null, "bibliographicCitation": null, "language": null, "license": "CC_BY_NC_4_0", "modified": "2024-02-13T06:01:19Z", "publisher": "iNaturalist.org", "references": "https://www.inaturalist.org/observations/196156393", "rightsHolder": "prototaxities", "type": null, "institutionID": null, "collectionID": null, "datasetID": null, "institutionCode": "iNaturalist", "collectionCode": "Observations", "datasetName": "iNaturalist research-grade observations", "ownerInstitutionCode": null, "basisOfRecord": "HUMAN_OBSERVATION", "informationWithheld": null, "dataGeneralizations": null, "dynamicProperties": null, "occurrenceID": "https://www.inaturalist.org/observations/196156393", "catalogNumber": 196156393, "recordNumber": null, "recordedBy": "prototaxities", "recordedByID": null, "individualCount": null, "organismQuantity": null, "organismQuantityType": null, "sex": null, "lifeStage": null, "reproductiveCondition": null, "caste": null, "behavior": null, "vitality": null, "establishmentMeans": null, "degreeOfEstablishment": null, "pathway": null, "georeferenceVerificationStatus": null, "occurrenceStatus": "PRESENT", "preparations": null, "disposition": null, "associatedOccurrences": null, "associatedReferences": null, "associatedSequences": null, "associatedTaxa": null, "otherCatalogNumbers": null, "occurrenceRemarks": "Growing on hugelkultur made of primarily oak logs. Planted with CA natives: black sage, elderberry, CA poppies", "organismID": null, "organismName": null, "organismScope": null, "associatedOrganisms": null, "previousIdentifications": null, "organismRemarks": null, "materialEntityID": null, "materialEntityRemarks": null, "verbatimLabel": null, "materialSampleID": null, "eventID": null, "parentEventID": null, "eventType": null, "fieldNumber": null, "eventDate": "2024-01-05", "eventTime": "12:26:00", "startDayOfYear": 5, "endDayOfYear": 5, "year": 2024, "month": 1, "day": 5, "verbatimEventDate": "2024/01/05 12:26 PM", "habitat": null, "samplingProtocol": null, "sampleSizeValue": null, "sampleSizeUnit": null, "samplingEffort": null, "fieldNotes": null, "eventRemarks": null, "locationID": null, "higherGeographyID": null, "higherGeography": null, "continent": "NORTH_AMERICA", "waterBody": null, "islandGroup": null, "island": null, "countryCode": "US", "stateProvince": "California", "county": null, "municipality": null, "locality": null, "verbatimLocality": "Lincoln Heights, Los Angeles, CA, USA", "verbatimElevation": null, "verticalDatum": null, "verbatimDepth": null, "minimumDistanceAboveSurfaceInMeters": null, "maximumDistanceAboveSurfaceInMeters": null, "locationAccordingTo": null, "locationRemarks": null, "decimalLatitude": 34.073252, "decimalLongitude": -118.224379, "coordinateUncertaintyInMeters": 1.0, "coordinatePrecision": null, "pointRadiusSpatialFit": null, "verbatimCoordinateSystem": null, "verbatimSRS": null, "footprintWKT": null, "footprintSRS": null, "footprintSpatialFit": null, "georeferencedBy": null, "georeferencedDate": null, "georeferenceProtocol": null, "georeferenceSources": null, "georeferenceRemarks": null, "geologicalContextID": null, "earliestEonOrLowestEonothem": null, "latestEonOrHighestEonothem": null, "earliestEraOrLowestErathem": null, "latestEraOrHighestErathem": null, "earliestPeriodOrLowestSystem": null, "latestPeriodOrHighestSystem": null, "earliestEpochOrLowestSeries": null, "latestEpochOrHighestSeries": null, "earliestAgeOrLowestStage": null, "latestAgeOrHighestStage": null, "lowestBiostratigraphicZone": null, "highestBiostratigraphicZone": null, "lithostratigraphicTerms": null, "group": null, "formation": null, "member": null, "bed": null, "identificationID": 441649477, "verbatimIdentification": null, "identificationQualifier": null, "typeStatus": null, "identifiedBy": "prototaxities", "identifiedByID": null, "dateIdentified": "2024-01-08", "identificationReferences": null, "identificationVerificationStatus": null, "identificationRemarks": null, "taxonID": 54573, "scientificNameID": null, "acceptedNameUsageID": 5241128, "parentNameUsageID": null, "originalNameUsageID": null, "nameAccordingToID": null, "namePublishedInID": null, "taxonConceptID": null, "scientificName": "Schizophyllum commune Fr.", "acceptedNameUsage": null, "parentNameUsage": null, "originalNameUsage": null, "nameAccordingTo": null, "namePublishedIn": null, "namePublishedInYear": null, "higherClassification": null, "kingdom": "Fungi", "phylum": "Basidiomycota", "class": "Agaricomycetes", "order": "Agaricales", "superfamily": null, "family": "Schizophyllaceae", "subfamily": null, "tribe": null, "subtribe": null, "genus": "Schizophyllum", "genericName": "Schizophyllum", "subgenus": null, "infragenericEpithet": null, "specificEpithet": "commune", "infraspecificEpithet": null, "cultivarEpithet": null, "taxonRank": "SPECIES", "verbatimTaxonRank": null, "vernacularName": null, "nomenclaturalCode": null, "taxonomicStatus": "ACCEPTED", "nomenclaturalStatus": null, "taxonRemarks": null, "datasetKey": "50c9509d-22c7-4a22-a47d-8c48425ef4a7", "publishingCountry": "US", "lastInterpreted": "2025-10-14T18:52:30.597Z", "elevation": null, "elevationAccuracy": null, "depth": null, "depthAccuracy": null, "distanceFromCentroidInMeters": null, "issue": "COORDINATE_ROUNDED;CONTINENT_DERIVED_FROM_COORDINATES;TAXON_ID_NOT_FOUND", "taxonomicIssue": "TAXON_ID_NOT_FOUND", "nonTaxonomicIssue": null, "mediaType": "StillImage;StillImage;StillImage;StillImage;StillImage;StillImage", "hasCoordinate": true, "hasGeospatialIssues": false, "taxonKey": 5241128, "acceptedTaxonKey": 5241128, "kingdomKey": 5, "phylumKey": 34, "classKey": 186, "orderKey": 1499, "familyKey": 4185, "genusKey": 2529580, "subgenusKey": null, "speciesKey": 5241128, "species": "Schizophyllum commune", "acceptedScientificName": "Schizophyllum commune Fr.", "verbatimScientificName": "Schizophyllum commune", "typifiedName": null, "protocol": "DWC_ARCHIVE", "lastParsed": "2025-10-14T18:52:30.597Z", "lastCrawled": "2025-10-14T04:54:04.400Z", "isInvasive": null, "repatriated": false, "relativeOrganismQuantity": null, "projectId": "https://www.inaturalist.org/projects/fungi-of-the-california-floristic-province", "isSequenced": false, "gbifRegion": "NORTH_AMERICA", "publishedByGbifRegion": "NORTH_AMERICA", "level0Gid": "USA", "level0Name": "United States", "level1Gid": "USA.5_1", "level1Name": "California", "level2Gid": "USA.5.19_1", "level2Name": "Los Angeles", "level3Gid": null, "level3Name": null, "iucnRedListCategory": null, "type_2": "StillImage", "format": "image/jpeg", "identifier": "https://inaturalist-open-data.s3.amazonaws.com/photos/345270302/original.jpeg", "references_2": "https://www.inaturalist.org/photos/345270302" }, "geometry": { "type": "Point", "coordinates": [ -118.224379, 34.073252 ] } },
{ "type": "Feature", "properties": { "gbifID": 5828896104, "accessRights": null, "bibliographicCitation": null, "language": null, "license": "CC_BY_NC_4_0", "modified": "2025-09-06T20:02:36Z", "publisher": "iNaturalist.org", "references": "https://www.inaturalist.org/observations/311848924", "rightsHolder": "leighlaughing", "type": null, "institutionID": null, "collectionID": null, "datasetID": null, "institutionCode": "iNaturalist", "collectionCode": "Observations", "datasetName": "iNaturalist research-grade observations", "ownerInstitutionCode": null, "basisOfRecord": "HUMAN_OBSERVATION", "informationWithheld": null, "dataGeneralizations": null, "dynamicProperties": null, "occurrenceID": "https://www.inaturalist.org/observations/311848924", "catalogNumber": 311848924, "recordNumber": null, "recordedBy": "leighlaughing", "recordedByID": null, "individualCount": null, "organismQuantity": null, "organismQuantityType": null, "sex": null, "lifeStage": null, "reproductiveCondition": null, "caste": null, "behavior": null, "vitality": null, "establishmentMeans": null, "degreeOfEstablishment": null, "pathway": null, "georeferenceVerificationStatus": null, "occurrenceStatus": "PRESENT", "preparations": null, "disposition": null, "associatedOccurrences": null, "associatedReferences": null, "associatedSequences": null, "associatedTaxa": null, "otherCatalogNumbers": null, "occurrenceRemarks": null, "organismID": null, "organismName": null, "organismScope": null, "associatedOrganisms": null, "previousIdentifications": null, "organismRemarks": null, "materialEntityID": null, "materialEntityRemarks": null, "verbatimLabel": null, "materialSampleID": null, "eventID": null, "parentEventID": null, "eventType": null, "fieldNumber": null, "eventDate": "2025-09-03", "eventTime": "18:33:20", "startDayOfYear": 246, "endDayOfYear": 246, "year": 2025, "month": 9, "day": 3, "verbatimEventDate": "2025-09-03 18:33:20-07:00", "habitat": null, "samplingProtocol": null, "sampleSizeValue": null, "sampleSizeUnit": null, "samplingEffort": null, "fieldNotes": null, "eventRemarks": null, "locationID": null, "higherGeographyID": null, "higherGeography": null, "continent": "NORTH_AMERICA", "waterBody": null, "islandGroup": null, "island": null, "countryCode": "US", "stateProvince": "California", "county": null, "municipality": null, "locality": null, "verbatimLocality": "Baker St, Los Angeles, CA, US", "verbatimElevation": null, "verticalDatum": null, "verbatimDepth": null, "minimumDistanceAboveSurfaceInMeters": null, "maximumDistanceAboveSurfaceInMeters": null, "locationAccordingTo": null, "locationRemarks": null, "decimalLatitude": 34.071195, "decimalLongitude": -118.225722, "coordinateUncertaintyInMeters": 8.0, "coordinatePrecision": null, "pointRadiusSpatialFit": null, "verbatimCoordinateSystem": null, "verbatimSRS": null, "footprintWKT": null, "footprintSRS": null, "footprintSpatialFit": null, "georeferencedBy": null, "georeferencedDate": null, "georeferenceProtocol": null, "georeferenceSources": null, "georeferenceRemarks": null, "geologicalContextID": null, "earliestEonOrLowestEonothem": null, "latestEonOrHighestEonothem": null, "earliestEraOrLowestErathem": null, "latestEraOrHighestErathem": null, "earliestPeriodOrLowestSystem": null, "latestPeriodOrHighestSystem": null, "earliestEpochOrLowestSeries": null, "latestEpochOrHighestSeries": null, "earliestAgeOrLowestStage": null, "latestAgeOrHighestStage": null, "lowestBiostratigraphicZone": null, "highestBiostratigraphicZone": null, "lithostratigraphicTerms": null, "group": null, "formation": null, "member": null, "bed": null, "identificationID": 693320643, "verbatimIdentification": null, "identificationQualifier": null, "typeStatus": null, "identifiedBy": "leighlaughing", "identifiedByID": null, "dateIdentified": "2025-09-06", "identificationReferences": null, "identificationVerificationStatus": null, "identificationRemarks": null, "taxonID": 1409663, "scientificNameID": null, "acceptedNameUsageID": 8699607, "parentNameUsageID": null, "originalNameUsageID": null, "nameAccordingToID": null, "namePublishedInID": null, "taxonConceptID": null, "scientificName": "Mycosarcoma maydis (DC.) Bref.", "acceptedNameUsage": null, "parentNameUsage": null, "originalNameUsage": null, "nameAccordingTo": null, "namePublishedIn": null, "namePublishedInYear": null, "higherClassification": null, "kingdom": "Fungi", "phylum": "Basidiomycota", "class": "Ustilaginomycetes", "order": "Ustilaginales", "superfamily": null, "family": "Ustilaginaceae", "subfamily": null, "tribe": null, "subtribe": null, "genus": "Mycosarcoma", "genericName": "Mycosarcoma", "subgenus": null, "infragenericEpithet": null, "specificEpithet": "maydis", "infraspecificEpithet": null, "cultivarEpithet": null, "taxonRank": "SPECIES", "verbatimTaxonRank": null, "vernacularName": null, "nomenclaturalCode": null, "taxonomicStatus": "ACCEPTED", "nomenclaturalStatus": null, "taxonRemarks": null, "datasetKey": "50c9509d-22c7-4a22-a47d-8c48425ef4a7", "publishingCountry": "US", "lastInterpreted": "2025-10-14T16:49:20.233Z", "elevation": null, "elevationAccuracy": null, "depth": null, "depthAccuracy": null, "distanceFromCentroidInMeters": null, "issue": "COORDINATE_ROUNDED;CONTINENT_DERIVED_FROM_COORDINATES;TAXON_ID_NOT_FOUND", "taxonomicIssue": "TAXON_ID_NOT_FOUND", "nonTaxonomicIssue": null, "mediaType": "StillImage", "hasCoordinate": true, "hasGeospatialIssues": false, "taxonKey": 8699607, "acceptedTaxonKey": 8699607, "kingdomKey": 5, "phylumKey": 34, "classKey": 148, "orderKey": 1121, "familyKey": 3821, "genusKey": 3370051, "subgenusKey": null, "speciesKey": 8699607, "species": "Mycosarcoma maydis", "acceptedScientificName": "Mycosarcoma maydis (DC.) Bref.", "verbatimScientificName": "Mycosarcoma maydis", "typifiedName": null, "protocol": "DWC_ARCHIVE", "lastParsed": "2025-10-14T16:49:20.233Z", "lastCrawled": "2025-10-14T04:54:04.400Z", "isInvasive": null, "repatriated": false, "relativeOrganismQuantity": null, "projectId": "https://www.inaturalist.org/projects/fungi-of-the-california-floristic-province", "isSequenced": false, "gbifRegion": "NORTH_AMERICA", "publishedByGbifRegion": "NORTH_AMERICA", "level0Gid": "USA", "level0Name": "United States", "level1Gid": "USA.5_1", "level1Name": "California", "level2Gid": "USA.5.19_1", "level2Name": "Los Angeles", "level3Gid": null, "level3Name": null, "iucnRedListCategory": null, "type_2": "StillImage", "format": "image/jpeg", "identifier": "https://inaturalist-open-data.s3.amazonaws.com/photos/562985303/original.jpg", "references_2": "https://www.inaturalist.org/photos/562985303" }, "geometry": { "type": "Point", "coordinates": [ -118.225722, 34.071195 ] } },
{ "type": "Feature", "properties": { "gbifID": 4028740225, "accessRights": null, "bibliographicCitation": null, "language": null, "license": "CC_BY_NC_4_0", "modified": "2023-02-06T20:59:47Z", "publisher": "iNaturalist.org", "references": "https://www.inaturalist.org/observations/145643568", "rightsHolder": "Andrew Cannon", "type": null, "institutionID": null, "collectionID": null, "datasetID": null, "institutionCode": "iNaturalist", "collectionCode": "Observations", "datasetName": "iNaturalist research-grade observations", "ownerInstitutionCode": null, "basisOfRecord": "HUMAN_OBSERVATION", "informationWithheld": null, "dataGeneralizations": null, "dynamicProperties": null, "occurrenceID": "https://www.inaturalist.org/observations/145643568", "catalogNumber": 145643568, "recordNumber": null, "recordedBy": "Andrew Cannon", "recordedByID": null, "individualCount": null, "organismQuantity": null, "organismQuantityType": null, "sex": null, "lifeStage": null, "reproductiveCondition": null, "caste": null, "behavior": null, "vitality": null, "establishmentMeans": null, "degreeOfEstablishment": null, "pathway": null, "georeferenceVerificationStatus": null, "occurrenceStatus": "PRESENT", "preparations": null, "disposition": null, "associatedOccurrences": null, "associatedReferences": null, "associatedSequences": null, "associatedTaxa": null, "otherCatalogNumbers": null, "occurrenceRemarks": null, "organismID": null, "organismName": null, "organismScope": null, "associatedOrganisms": null, "previousIdentifications": null, "organismRemarks": null, "materialEntityID": null, "materialEntityRemarks": null, "verbatimLabel": null, "materialSampleID": null, "eventID": null, "parentEventID": null, "eventType": null, "fieldNumber": null, "eventDate": "2023-01-01", "eventTime": "16:07:14", "startDayOfYear": 1, "endDayOfYear": 1, "year": 2023, "month": 1, "day": 1, "verbatimEventDate": "2023-01-01 16:07:14-08:00", "habitat": null, "samplingProtocol": null, "sampleSizeValue": null, "sampleSizeUnit": null, "samplingEffort": null, "fieldNotes": null, "eventRemarks": null, "locationID": null, "higherGeographyID": null, "higherGeography": null, "continent": "NORTH_AMERICA", "waterBody": null, "islandGroup": null, "island": null, "countryCode": "US", "stateProvince": "California", "county": null, "municipality": null, "locality": null, "verbatimLocality": "Griffith Park, Los Angeles, CA, US", "verbatimElevation": null, "verticalDatum": null, "verbatimDepth": null, "minimumDistanceAboveSurfaceInMeters": null, "maximumDistanceAboveSurfaceInMeters": null, "locationAccordingTo": null, "locationRemarks": null, "decimalLatitude": 34.141236, "decimalLongitude": -118.277542, "coordinateUncertaintyInMeters": 2000.0, "coordinatePrecision": null, "pointRadiusSpatialFit": null, "verbatimCoordinateSystem": null, "verbatimSRS": null, "footprintWKT": null, "footprintSRS": null, "footprintSpatialFit": null, "georeferencedBy": null, "georeferencedDate": null, "georeferenceProtocol": null, "georeferenceSources": null, "georeferenceRemarks": null, "geologicalContextID": null, "earliestEonOrLowestEonothem": null, "latestEonOrHighestEonothem": null, "earliestEraOrLowestErathem": null, "latestEraOrHighestErathem": null, "earliestPeriodOrLowestSystem": null, "latestPeriodOrHighestSystem": null, "earliestEpochOrLowestSeries": null, "latestEpochOrHighestSeries": null, "earliestAgeOrLowestStage": null, "latestAgeOrHighestStage": null, "lowestBiostratigraphicZone": null, "highestBiostratigraphicZone": null, "lithostratigraphicTerms": null, "group": null, "formation": null, "member": null, "bed": null, "identificationID": 324397939, "verbatimIdentification": null, "identificationQualifier": null, "typeStatus": null, "identifiedBy": "Stu Pickell", "identifiedByID": null, "dateIdentified": "2023-01-02", "identificationReferences": null, "identificationVerificationStatus": null, "identificationRemarks": "first described as P. decurrens", "taxonID": 344496, "scientificNameID": null, "acceptedNameUsageID": 2543885, "parentNameUsageID": null, "originalNameUsageID": null, "nameAccordingToID": null, "namePublishedInID": null, "taxonConceptID": null, "scientificName": "Polyporus decurrens Velen.", "acceptedNameUsage": null, "parentNameUsage": null, "originalNameUsage": null, "nameAccordingTo": null, "namePublishedIn": null, "namePublishedInYear": null, "higherClassification": null, "kingdom": "Fungi", "phylum": "Basidiomycota", "class": "Agaricomycetes", "order": "Polyporales", "superfamily": null, "family": "Phanerochaetaceae", "subfamily": null, "tribe": null, "subtribe": null, "genus": "Bjerkandera", "genericName": "Polyporus", "subgenus": null, "infragenericEpithet": null, "specificEpithet": "decurrens", "infraspecificEpithet": null, "cultivarEpithet": null, "taxonRank": "SPECIES", "verbatimTaxonRank": null, "vernacularName": null, "nomenclaturalCode": null, "taxonomicStatus": "SYNONYM", "nomenclaturalStatus": null, "taxonRemarks": null, "datasetKey": "50c9509d-22c7-4a22-a47d-8c48425ef4a7", "publishingCountry": "US", "lastInterpreted": "2025-10-14T16:03:03.387Z", "elevation": null, "elevationAccuracy": null, "depth": null, "depthAccuracy": null, "distanceFromCentroidInMeters": null, "issue": "COORDINATE_ROUNDED;CONTINENT_DERIVED_FROM_COORDINATES;TAXON_ID_NOT_FOUND", "taxonomicIssue": "TAXON_ID_NOT_FOUND", "nonTaxonomicIssue": null, "mediaType": "StillImage;StillImage", "hasCoordinate": true, "hasGeospatialIssues": false, "taxonKey": 5245667, "acceptedTaxonKey": 2543885, "kingdomKey": 5, "phylumKey": 34, "classKey": 186, "orderKey": 1145, "familyKey": 7617, "genusKey": 2541138, "subgenusKey": null, "speciesKey": 2543885, "species": "Bjerkandera fumosa", "acceptedScientificName": "Bjerkandera fumosa (Pers.) P.Karst.", "verbatimScientificName": "Polyporus decurrens", "typifiedName": null, "protocol": "DWC_ARCHIVE", "lastParsed": "2025-10-14T16:03:03.387Z", "lastCrawled": "2025-10-14T04:54:04.400Z", "isInvasive": null, "repatriated": false, "relativeOrganismQuantity": null, "projectId": "https://www.inaturalist.org/projects/fungi-of-the-california-floristic-province", "isSequenced": false, "gbifRegion": "NORTH_AMERICA", "publishedByGbifRegion": "NORTH_AMERICA", "level0Gid": "USA", "level0Name": "United States", "level1Gid": "USA.5_1", "level1Name": "California", "level2Gid": "USA.5.19_1", "level2Name": "Los Angeles", "level3Gid": null, "level3Name": null, "iucnRedListCategory": null, "type_2": "StillImage", "format": "image/jpeg", "identifier": "https://inaturalist-open-data.s3.amazonaws.com/photos/250211727/original.jpg", "references_2": "https://www.inaturalist.org/photos/250211727" }, "geometry": { "type": "Point", "coordinates": [ -118.277542, 34.141236 ] } },
{ "type": "Feature", "properties": { "gbifID": 5133494709, "accessRights": null, "bibliographicCitation": null, "language": null, "license": "CC_BY_NC_4_0", "modified": "2025-04-13T22:53:56Z", "publisher": "iNaturalist.org", "references": "https://www.inaturalist.org/observations/270246585", "rightsHolder": "lotdog99", "type": null, "institutionID": null, "collectionID": null, "datasetID": null, "institutionCode": "iNaturalist", "collectionCode": "Observations", "datasetName": "iNaturalist research-grade observations", "ownerInstitutionCode": null, "basisOfRecord": "HUMAN_OBSERVATION", "informationWithheld": null, "dataGeneralizations": null, "dynamicProperties": null, "occurrenceID": "https://www.inaturalist.org/observations/270246585", "catalogNumber": 270246585, "recordNumber": null, "recordedBy": "lotdog99", "recordedByID": null, "individualCount": null, "organismQuantity": null, "organismQuantityType": null, "sex": null, "lifeStage": null, "reproductiveCondition": null, "caste": null, "behavior": null, "vitality": null, "establishmentMeans": null, "degreeOfEstablishment": null, "pathway": null, "georeferenceVerificationStatus": null, "occurrenceStatus": "PRESENT", "preparations": null, "disposition": null, "associatedOccurrences": null, "associatedReferences": null, "associatedSequences": null, "associatedTaxa": null, "otherCatalogNumbers": null, "occurrenceRemarks": null, "organismID": null, "organismName": null, "organismScope": null, "associatedOrganisms": null, "previousIdentifications": null, "organismRemarks": null, "materialEntityID": null, "materialEntityRemarks": null, "verbatimLabel": null, "materialSampleID": null, "eventID": null, "parentEventID": null, "eventType": null, "fieldNumber": null, "eventDate": "2025-04-13", "eventTime": "11:16:10", "startDayOfYear": 103, "endDayOfYear": 103, "year": 2025, "month": 4, "day": 13, "verbatimEventDate": "2025-04-13 11:16:10-07:00", "habitat": null, "samplingProtocol": null, "sampleSizeValue": null, "sampleSizeUnit": null, "samplingEffort": null, "fieldNotes": null, "eventRemarks": null, "locationID": null, "higherGeographyID": null, "higherGeography": null, "continent": "NORTH_AMERICA", "waterBody": null, "islandGroup": null, "island": null, "countryCode": "US", "stateProvince": "California", "county": null, "municipality": null, "locality": null, "verbatimLocality": "Blake Ave, Los Angeles, CA, US", "verbatimElevation": null, "verticalDatum": null, "verbatimDepth": null, "minimumDistanceAboveSurfaceInMeters": null, "maximumDistanceAboveSurfaceInMeters": null, "locationAccordingTo": null, "locationRemarks": null, "decimalLatitude": 34.097204, "decimalLongitude": -118.241527, "coordinateUncertaintyInMeters": 22.0, "coordinatePrecision": null, "pointRadiusSpatialFit": null, "verbatimCoordinateSystem": null, "verbatimSRS": null, "footprintWKT": null, "footprintSRS": null, "footprintSpatialFit": null, "georeferencedBy": null, "georeferencedDate": null, "georeferenceProtocol": null, "georeferenceSources": null, "georeferenceRemarks": null, "geologicalContextID": null, "earliestEonOrLowestEonothem": null, "latestEonOrHighestEonothem": null, "earliestEraOrLowestErathem": null, "latestEraOrHighestErathem": null, "earliestPeriodOrLowestSystem": null, "latestPeriodOrHighestSystem": null, "earliestEpochOrLowestSeries": null, "latestEpochOrHighestSeries": null, "earliestAgeOrLowestStage": null, "latestAgeOrHighestStage": null, "lowestBiostratigraphicZone": null, "highestBiostratigraphicZone": null, "lithostratigraphicTerms": null, "group": null, "formation": null, "member": null, "bed": null, "identificationID": 612445997, "verbatimIdentification": null, "identificationQualifier": null, "typeStatus": null, "identifiedBy": "lotdog99", "identifiedByID": null, "dateIdentified": "2025-04-13", "identificationReferences": null, "identificationVerificationStatus": null, "identificationRemarks": null, "taxonID": 56313, "scientificNameID": null, "acceptedNameUsageID": 3332434, "parentNameUsageID": null, "originalNameUsageID": null, "nameAccordingToID": null, "namePublishedInID": null, "taxonConceptID": null, "scientificName": "Coprinus calyptratus Peck", "acceptedNameUsage": null, "parentNameUsage": null, "originalNameUsage": null, "nameAccordingTo": null, "namePublishedIn": null, "namePublishedInYear": null, "higherClassification": null, "kingdom": "Fungi", "phylum": "Basidiomycota", "class": "Agaricomycetes", "order": "Agaricales", "superfamily": null, "family": "Agaricaceae", "subfamily": null, "tribe": null, "subtribe": null, "genus": "Coprinus", "genericName": "Coprinus", "subgenus": null, "infragenericEpithet": null, "specificEpithet": "calyptratus", "infraspecificEpithet": null, "cultivarEpithet": null, "taxonRank": "SPECIES", "verbatimTaxonRank": null, "vernacularName": null, "nomenclaturalCode": null, "taxonomicStatus": "ACCEPTED", "nomenclaturalStatus": null, "taxonRemarks": null, "datasetKey": "50c9509d-22c7-4a22-a47d-8c48425ef4a7", "publishingCountry": "US", "lastInterpreted": "2025-10-14T18:00:51.600Z", "elevation": null, "elevationAccuracy": null, "depth": null, "depthAccuracy": null, "distanceFromCentroidInMeters": null, "issue": "COORDINATE_ROUNDED;CONTINENT_DERIVED_FROM_COORDINATES;TAXON_ID_NOT_FOUND", "taxonomicIssue": "TAXON_ID_NOT_FOUND", "nonTaxonomicIssue": null, "mediaType": "StillImage;StillImage;StillImage", "hasCoordinate": true, "hasGeospatialIssues": false, "taxonKey": 3332434, "acceptedTaxonKey": 3332434, "kingdomKey": 5, "phylumKey": 34, "classKey": 186, "orderKey": 1499, "familyKey": 4170, "genusKey": 2526779, "subgenusKey": null, "speciesKey": 3332434, "species": "Coprinus calyptratus", "acceptedScientificName": "Coprinus calyptratus Peck", "verbatimScientificName": "Coprinus calyptratus", "typifiedName": null, "protocol": "DWC_ARCHIVE", "lastParsed": "2025-10-14T18:00:51.600Z", "lastCrawled": "2025-10-14T04:54:04.400Z", "isInvasive": null, "repatriated": false, "relativeOrganismQuantity": null, "projectId": "https://www.inaturalist.org/projects/fungi-of-the-california-floristic-province", "isSequenced": false, "gbifRegion": "NORTH_AMERICA", "publishedByGbifRegion": "NORTH_AMERICA", "level0Gid": "USA", "level0Name": "United States", "level1Gid": "USA.5_1", "level1Name": "California", "level2Gid": "USA.5.19_1", "level2Name": "Los Angeles", "level3Gid": null, "level3Name": null, "iucnRedListCategory": null, "type_2": "StillImage", "format": "image/jpeg", "identifier": "https://inaturalist-open-data.s3.amazonaws.com/photos/485991580/original.jpg", "references_2": "https://www.inaturalist.org/photos/485991580" }, "geometry": { "type": "Point", "coordinates": [ -118.241527, 34.097204 ] } },
{ "type": "Feature", "properties": { "gbifID": 2350317539, "accessRights": null, "bibliographicCitation": null, "language": null, "license": "CC_BY_NC_4_0", "modified": "2019-08-11T01:48:04Z", "publisher": "iNaturalist.org", "references": "https://www.inaturalist.org/observations/29099162", "rightsHolder": "prototaxities", "type": null, "institutionID": null, "collectionID": null, "datasetID": null, "institutionCode": "iNaturalist", "collectionCode": "Observations", "datasetName": "iNaturalist research-grade observations", "ownerInstitutionCode": null, "basisOfRecord": "HUMAN_OBSERVATION", "informationWithheld": null, "dataGeneralizations": null, "dynamicProperties": null, "occurrenceID": "https://www.inaturalist.org/observations/29099162", "catalogNumber": 29099162, "recordNumber": null, "recordedBy": "prototaxities", "recordedByID": null, "individualCount": null, "organismQuantity": null, "organismQuantityType": null, "sex": null, "lifeStage": null, "reproductiveCondition": null, "caste": null, "behavior": null, "vitality": null, "establishmentMeans": null, "degreeOfEstablishment": null, "pathway": null, "georeferenceVerificationStatus": null, "occurrenceStatus": "PRESENT", "preparations": null, "disposition": null, "associatedOccurrences": null, "associatedReferences": null, "associatedSequences": null, "associatedTaxa": null, "otherCatalogNumbers": null, "occurrenceRemarks": null, "organismID": null, "organismName": null, "organismScope": null, "associatedOrganisms": null, "previousIdentifications": null, "organismRemarks": null, "materialEntityID": null, "materialEntityRemarks": null, "verbatimLabel": null, "materialSampleID": null, "eventID": null, "parentEventID": null, "eventType": null, "fieldNumber": null, "eventDate": "2019-05-24", "eventTime": "14:11:06", "startDayOfYear": 144, "endDayOfYear": 144, "year": 2019, "month": 5, "day": 24, "verbatimEventDate": "Fri May 24 2019 14:11:06 GMT-0700 (PDT)", "habitat": null, "samplingProtocol": null, "sampleSizeValue": null, "sampleSizeUnit": null, "samplingEffort": null, "fieldNotes": null, "eventRemarks": null, "locationID": null, "higherGeographyID": null, "higherGeography": null, "continent": "NORTH_AMERICA", "waterBody": null, "islandGroup": null, "island": null, "countryCode": "US", "stateProvince": "California", "county": null, "municipality": null, "locality": null, "verbatimLocality": "101 N Avenue 18, Los Angeles, CA, US", "verbatimElevation": null, "verticalDatum": null, "verbatimDepth": null, "minimumDistanceAboveSurfaceInMeters": null, "maximumDistanceAboveSurfaceInMeters": null, "locationAccordingTo": null, "locationRemarks": null, "decimalLatitude": 34.073899, "decimalLongitude": -118.22438, "coordinateUncertaintyInMeters": 48.0, "coordinatePrecision": null, "pointRadiusSpatialFit": null, "verbatimCoordinateSystem": null, "verbatimSRS": null, "footprintWKT": null, "footprintSRS": null, "footprintSpatialFit": null, "georeferencedBy": null, "georeferencedDate": null, "georeferenceProtocol": null, "georeferenceSources": null, "georeferenceRemarks": null, "geologicalContextID": null, "earliestEonOrLowestEonothem": null, "latestEonOrHighestEonothem": null, "earliestEraOrLowestErathem": null, "latestEraOrHighestErathem": null, "earliestPeriodOrLowestSystem": null, "latestPeriodOrHighestSystem": null, "earliestEpochOrLowestSeries": null, "latestEpochOrHighestSeries": null, "earliestAgeOrLowestStage": null, "latestAgeOrHighestStage": null, "lowestBiostratigraphicZone": null, "highestBiostratigraphicZone": null, "lithostratigraphicTerms": null, "group": null, "formation": null, "member": null, "bed": null, "identificationID": 66015707, "verbatimIdentification": null, "identificationQualifier": null, "typeStatus": null, "identifiedBy": "Lila Higgins", "identifiedByID": null, "dateIdentified": "2019-08-08", "identificationReferences": null, "identificationVerificationStatus": null, "identificationRemarks": null, "taxonID": 55474, "scientificNameID": null, "acceptedNameUsageID": 9127230, "parentNameUsageID": null, "originalNameUsageID": null, "nameAccordingToID": null, "namePublishedInID": null, "taxonConceptID": null, "scientificName": "Bolbitius titubans (Bull.) Fr.", "acceptedNameUsage": null, "parentNameUsage": null, "originalNameUsage": null, "nameAccordingTo": null, "namePublishedIn": null, "namePublishedInYear": null, "higherClassification": null, "kingdom": "Fungi", "phylum": "Basidiomycota", "class": "Agaricomycetes", "order": "Agaricales", "superfamily": null, "family": "Bolbitiaceae", "subfamily": null, "tribe": null, "subtribe": null, "genus": "Bolbitius", "genericName": "Bolbitius", "subgenus": null, "infragenericEpithet": null, "specificEpithet": "titubans", "infraspecificEpithet": null, "cultivarEpithet": null, "taxonRank": "SPECIES", "verbatimTaxonRank": null, "vernacularName": null, "nomenclaturalCode": null, "taxonomicStatus": "ACCEPTED", "nomenclaturalStatus": null, "taxonRemarks": null, "datasetKey": "50c9509d-22c7-4a22-a47d-8c48425ef4a7", "publishingCountry": "US", "lastInterpreted": "2025-10-14T18:17:12.678Z", "elevation": null, "elevationAccuracy": null, "depth": null, "depthAccuracy": null, "distanceFromCentroidInMeters": null, "issue": "COORDINATE_ROUNDED;CONTINENT_DERIVED_FROM_COORDINATES;TAXON_ID_NOT_FOUND", "taxonomicIssue": "TAXON_ID_NOT_FOUND", "nonTaxonomicIssue": null, "mediaType": "StillImage", "hasCoordinate": true, "hasGeospatialIssues": false, "taxonKey": 9127230, "acceptedTaxonKey": 9127230, "kingdomKey": 5, "phylumKey": 34, "classKey": 186, "orderKey": 1499, "familyKey": 8440, "genusKey": 2529626, "subgenusKey": null, "speciesKey": 9127230, "species": "Bolbitius titubans", "acceptedScientificName": "Bolbitius titubans (Bull.) Fr.", "verbatimScientificName": "Bolbitius titubans", "typifiedName": null, "protocol": "DWC_ARCHIVE", "lastParsed": "2025-10-14T18:17:12.678Z", "lastCrawled": "2025-10-14T04:54:04.400Z", "isInvasive": null, "repatriated": false, "relativeOrganismQuantity": null, "projectId": "https://www.inaturalist.org/projects/fungi-of-the-california-floristic-province;https://www.inaturalist.org/projects/los-angeles-city-biodiversity-initiative", "isSequenced": false, "gbifRegion": "NORTH_AMERICA", "publishedByGbifRegion": "NORTH_AMERICA", "level0Gid": "USA", "level0Name": "United States", "level1Gid": "USA.5_1", "level1Name": "California", "level2Gid": "USA.5.19_1", "level2Name": "Los Angeles", "level3Gid": null, "level3Name": null, "iucnRedListCategory": null, "type_2": "StillImage", "format": "image/jpeg", "identifier": "https://inaturalist-open-data.s3.amazonaws.com/photos/45399791/original.jpg", "references_2": "https://www.inaturalist.org/photos/45399791" }, "geometry": { "type": "Point", "coordinates": [ -118.22438, 34.073899 ] } },
{ "type": "Feature", "properties": { "gbifID": 4512094547, "accessRights": null, "bibliographicCitation": null, "language": null, "license": "CC_BY_NC_4_0", "modified": "2024-01-16T03:47:41Z", "publisher": "iNaturalist.org", "references": "https://www.inaturalist.org/observations/119354202", "rightsHolder": "Mary Fenwick", "type": null, "institutionID": null, "collectionID": null, "datasetID": null, "institutionCode": "iNaturalist", "collectionCode": "Observations", "datasetName": "iNaturalist research-grade observations", "ownerInstitutionCode": null, "basisOfRecord": "HUMAN_OBSERVATION", "informationWithheld": null, "dataGeneralizations": null, "dynamicProperties": null, "occurrenceID": "https://www.inaturalist.org/observations/119354202", "catalogNumber": 119354202, "recordNumber": null, "recordedBy": "Mary Fenwick", "recordedByID": null, "individualCount": null, "organismQuantity": null, "organismQuantityType": null, "sex": null, "lifeStage": null, "reproductiveCondition": null, "caste": null, "behavior": null, "vitality": null, "establishmentMeans": null, "degreeOfEstablishment": null, "pathway": null, "georeferenceVerificationStatus": null, "occurrenceStatus": "PRESENT", "preparations": null, "disposition": null, "associatedOccurrences": null, "associatedReferences": null, "associatedSequences": null, "associatedTaxa": null, "otherCatalogNumbers": null, "occurrenceRemarks": null, "organismID": null, "organismName": null, "organismScope": null, "associatedOrganisms": null, "previousIdentifications": null, "organismRemarks": null, "materialEntityID": null, "materialEntityRemarks": null, "verbatimLabel": null, "materialSampleID": null, "eventID": null, "parentEventID": null, "eventType": null, "fieldNumber": null, "eventDate": "2022-05-28", "eventTime": "09:26:26", "startDayOfYear": 148, "endDayOfYear": 148, "year": 2022, "month": 5, "day": 28, "verbatimEventDate": "2022-05-28 09:26:26-07:00", "habitat": null, "samplingProtocol": null, "sampleSizeValue": null, "sampleSizeUnit": null, "samplingEffort": null, "fieldNotes": null, "eventRemarks": null, "locationID": null, "higherGeographyID": null, "higherGeography": null, "continent": "NORTH_AMERICA", "waterBody": null, "islandGroup": null, "island": null, "countryCode": "US", "stateProvince": "California", "county": null, "municipality": null, "locality": null, "verbatimLocality": "Glendale Narrows Riverwalk, Glendale, CA, US", "verbatimElevation": null, "verticalDatum": null, "verbatimDepth": null, "minimumDistanceAboveSurfaceInMeters": null, "maximumDistanceAboveSurfaceInMeters": null, "locationAccordingTo": null, "locationRemarks": null, "decimalLatitude": 34.156528, "decimalLongitude": -118.289795, "coordinateUncertaintyInMeters": 6.0, "coordinatePrecision": null, "pointRadiusSpatialFit": null, "verbatimCoordinateSystem": null, "verbatimSRS": null, "footprintWKT": null, "footprintSRS": null, "footprintSpatialFit": null, "georeferencedBy": null, "georeferencedDate": null, "georeferenceProtocol": null, "georeferenceSources": null, "georeferenceRemarks": null, "geologicalContextID": null, "earliestEonOrLowestEonothem": null, "latestEonOrHighestEonothem": null, "earliestEraOrLowestErathem": null, "latestEraOrHighestErathem": null, "earliestPeriodOrLowestSystem": null, "latestPeriodOrHighestSystem": null, "earliestEpochOrLowestSeries": null, "latestEpochOrHighestSeries": null, "earliestAgeOrLowestStage": null, "latestAgeOrHighestStage": null, "lowestBiostratigraphicZone": null, "highestBiostratigraphicZone": null, "lithostratigraphicTerms": null, "group": null, "formation": null, "member": null, "bed": null, "identificationID": 265127708, "verbatimIdentification": null, "identificationQualifier": null, "typeStatus": null, "identifiedBy": "Mary Fenwick", "identifiedByID": null, "dateIdentified": "2022-05-30", "identificationReferences": null, "identificationVerificationStatus": null, "identificationRemarks": null, "taxonID": 119969, "scientificNameID": null, "acceptedNameUsageID": 2535676, "parentNameUsageID": null, "originalNameUsageID": null, "nameAccordingToID": null, "namePublishedInID": null, "taxonConceptID": null, "scientificName": "Battarrea phalloides (Dicks.) Pers.", "acceptedNameUsage": null, "parentNameUsage": null, "originalNameUsage": null, "nameAccordingTo": null, "namePublishedIn": null, "namePublishedInYear": null, "higherClassification": null, "kingdom": "Fungi", "phylum": "Basidiomycota", "class": "Agaricomycetes", "order": "Agaricales", "superfamily": null, "family": "Agaricaceae", "subfamily": null, "tribe": null, "subtribe": null, "genus": "Battarrea", "genericName": "Battarrea", "subgenus": null, "infragenericEpithet": null, "specificEpithet": "phalloides", "infraspecificEpithet": null, "cultivarEpithet": null, "taxonRank": "SPECIES", "verbatimTaxonRank": null, "vernacularName": null, "nomenclaturalCode": null, "taxonomicStatus": "ACCEPTED", "nomenclaturalStatus": null, "taxonRemarks": null, "datasetKey": "50c9509d-22c7-4a22-a47d-8c48425ef4a7", "publishingCountry": "US", "lastInterpreted": "2025-10-14T17:21:31.972Z", "elevation": null, "elevationAccuracy": null, "depth": null, "depthAccuracy": null, "distanceFromCentroidInMeters": null, "issue": "COORDINATE_ROUNDED;CONTINENT_DERIVED_FROM_COORDINATES;TAXON_ID_NOT_FOUND", "taxonomicIssue": "TAXON_ID_NOT_FOUND", "nonTaxonomicIssue": null, "mediaType": "StillImage;StillImage;StillImage;StillImage;StillImage;StillImage;StillImage", "hasCoordinate": true, "hasGeospatialIssues": false, "taxonKey": 2535676, "acceptedTaxonKey": 2535676, "kingdomKey": 5, "phylumKey": 34, "classKey": 186, "orderKey": 1499, "familyKey": 4170, "genusKey": 2530281, "subgenusKey": null, "speciesKey": 2535676, "species": "Battarrea phalloides", "acceptedScientificName": "Battarrea phalloides (Dicks.) Pers.", "verbatimScientificName": "Battarrea phalloides", "typifiedName": null, "protocol": "DWC_ARCHIVE", "lastParsed": "2025-10-14T17:21:31.972Z", "lastCrawled": "2025-10-14T04:54:04.400Z", "isInvasive": null, "repatriated": false, "relativeOrganismQuantity": null, "projectId": "https://www.inaturalist.org/projects/biodiversity-of-griffith-park-los-angeles-california;https://www.inaturalist.org/projects/fungi-of-the-california-floristic-province", "isSequenced": false, "gbifRegion": "NORTH_AMERICA", "publishedByGbifRegion": "NORTH_AMERICA", "level0Gid": "USA", "level0Name": "United States", "level1Gid": "USA.5_1", "level1Name": "California", "level2Gid": "USA.5.19_1", "level2Name": "Los Angeles", "level3Gid": null, "level3Name": null, "iucnRedListCategory": null, "type_2": "StillImage", "format": "image/jpeg", "identifier": "https://inaturalist-open-data.s3.amazonaws.com/photos/201751460/original.jpg", "references_2": "https://www.inaturalist.org/photos/201751460" }, "geometry": { "type": "Point", "coordinates": [ -118.289795, 34.156528 ] } },
{ "type": "Feature", "properties": { "gbifID": 1841292136, "accessRights": null, "bibliographicCitation": null, "language": null, "license": "CC_BY_NC_4_0", "modified": "2020-08-07T00:22:40Z", "publisher": "iNaturalist.org", "references": "https://www.inaturalist.org/observations/11962346", "rightsHolder": "Rebecca Marschall", "type": null, "institutionID": null, "collectionID": null, "datasetID": null, "institutionCode": "iNaturalist", "collectionCode": "Observations", "datasetName": "iNaturalist research-grade observations", "ownerInstitutionCode": null, "basisOfRecord": "HUMAN_OBSERVATION", "informationWithheld": null, "dataGeneralizations": null, "dynamicProperties": null, "occurrenceID": "https://www.inaturalist.org/observations/11962346", "catalogNumber": 11962346, "recordNumber": null, "recordedBy": "Rebecca Marschall", "recordedByID": null, "individualCount": null, "organismQuantity": null, "organismQuantityType": null, "sex": null, "lifeStage": null, "reproductiveCondition": null, "caste": null, "behavior": null, "vitality": null, "establishmentMeans": null, "degreeOfEstablishment": null, "pathway": null, "georeferenceVerificationStatus": null, "occurrenceStatus": "PRESENT", "preparations": null, "disposition": null, "associatedOccurrences": null, "associatedReferences": null, "associatedSequences": null, "associatedTaxa": null, "otherCatalogNumbers": null, "occurrenceRemarks": null, "organismID": null, "organismName": null, "organismScope": null, "associatedOrganisms": null, "previousIdentifications": null, "organismRemarks": null, "materialEntityID": null, "materialEntityRemarks": null, "verbatimLabel": null, "materialSampleID": null, "eventID": null, "parentEventID": null, "eventType": null, "fieldNumber": null, "eventDate": "2018-04-30", "eventTime": "16:24:00", "startDayOfYear": 120, "endDayOfYear": 120, "year": 2018, "month": 4, "day": 30, "verbatimEventDate": "2018/04/30 4:24 PM PDT", "habitat": null, "samplingProtocol": null, "sampleSizeValue": null, "sampleSizeUnit": null, "samplingEffort": null, "fieldNotes": null, "eventRemarks": null, "locationID": null, "higherGeographyID": null, "higherGeography": null, "continent": "NORTH_AMERICA", "waterBody": null, "islandGroup": null, "island": null, "countryCode": "US", "stateProvince": "California", "county": null, "municipality": null, "locality": null, "verbatimLocality": "Studio City, Los Angeles, CA, USA", "verbatimElevation": null, "verticalDatum": null, "verbatimDepth": null, "minimumDistanceAboveSurfaceInMeters": null, "maximumDistanceAboveSurfaceInMeters": null, "locationAccordingTo": null, "locationRemarks": null, "decimalLatitude": 34.1441, "decimalLongitude": -118.405655, "coordinateUncertaintyInMeters": null, "coordinatePrecision": null, "pointRadiusSpatialFit": null, "verbatimCoordinateSystem": null, "verbatimSRS": null, "footprintWKT": null, "footprintSRS": null, "footprintSpatialFit": null, "georeferencedBy": null, "georeferencedDate": null, "georeferenceProtocol": null, "georeferenceSources": null, "georeferenceRemarks": null, "geologicalContextID": null, "earliestEonOrLowestEonothem": null, "latestEonOrHighestEonothem": null, "earliestEraOrLowestErathem": null, "latestEraOrHighestErathem": null, "earliestPeriodOrLowestSystem": null, "latestPeriodOrHighestSystem": null, "earliestEpochOrLowestSeries": null, "latestEpochOrHighestSeries": null, "earliestAgeOrLowestStage": null, "latestAgeOrHighestStage": null, "lowestBiostratigraphicZone": null, "highestBiostratigraphicZone": null, "lithostratigraphicTerms": null, "group": null, "formation": null, "member": null, "bed": null, "identificationID": 26138859, "verbatimIdentification": null, "identificationQualifier": null, "typeStatus": null, "identifiedBy": "Rebecca Marschall", "identifiedByID": null, "dateIdentified": "2018-05-01", "identificationReferences": null, "identificationVerificationStatus": null, "identificationRemarks": null, "taxonID": 343592, "scientificNameID": null, "acceptedNameUsageID": 2514679, "parentNameUsageID": null, "originalNameUsageID": null, "nameAccordingToID": null, "namePublishedInID": null, "taxonConceptID": null, "scientificName": "Puccinia malvacearum Bertero ex Mont.", "acceptedNameUsage": null, "parentNameUsage": null, "originalNameUsage": null, "nameAccordingTo": null, "namePublishedIn": null, "namePublishedInYear": null, "higherClassification": null, "kingdom": "Fungi", "phylum": "Basidiomycota", "class": "Pucciniomycetes", "order": "Pucciniales", "superfamily": null, "family": "Pucciniaceae", "subfamily": null, "tribe": null, "subtribe": null, "genus": "Puccinia", "genericName": "Puccinia", "subgenus": null, "infragenericEpithet": null, "specificEpithet": "malvacearum", "infraspecificEpithet": null, "cultivarEpithet": null, "taxonRank": "SPECIES", "verbatimTaxonRank": null, "vernacularName": null, "nomenclaturalCode": null, "taxonomicStatus": "ACCEPTED", "nomenclaturalStatus": null, "taxonRemarks": null, "datasetKey": "50c9509d-22c7-4a22-a47d-8c48425ef4a7", "publishingCountry": "US", "lastInterpreted": "2025-10-14T18:14:28.314Z", "elevation": null, "elevationAccuracy": null, "depth": null, "depthAccuracy": null, "distanceFromCentroidInMeters": null, "issue": "CONTINENT_DERIVED_FROM_COORDINATES;TAXON_ID_NOT_FOUND", "taxonomicIssue": "TAXON_ID_NOT_FOUND", "nonTaxonomicIssue": null, "mediaType": "StillImage", "hasCoordinate": true, "hasGeospatialIssues": false, "taxonKey": 2514679, "acceptedTaxonKey": 2514679, "kingdomKey": 5, "phylumKey": 34, "classKey": 270, "orderKey": 1126, "familyKey": 3251, "genusKey": 9533895, "subgenusKey": null, "speciesKey": 2514679, "species": "Puccinia malvacearum", "acceptedScientificName": "Puccinia malvacearum Bertero ex Mont.", "verbatimScientificName": "Puccinia malvacearum", "typifiedName": null, "protocol": "DWC_ARCHIVE", "lastParsed": "2025-10-14T18:14:28.314Z", "lastCrawled": "2025-10-14T04:54:04.400Z", "isInvasive": null, "repatriated": false, "relativeOrganismQuantity": null, "projectId": "https://www.inaturalist.org/projects/fungi-of-the-california-floristic-province;https://www.inaturalist.org/projects/los-angeles-city-biodiversity-initiative;https://www.inaturalist.org/projects/l-a-nature-map", "isSequenced": false, "gbifRegion": "NORTH_AMERICA", "publishedByGbifRegion": "NORTH_AMERICA", "level0Gid": "USA", "level0Name": "United States", "level1Gid": "USA.5_1", "level1Name": "California", "level2Gid": "USA.5.19_1", "level2Name": "Los Angeles", "level3Gid": null, "level3Name": null, "iucnRedListCategory": null, "type_2": "StillImage", "format": "image/jpeg", "identifier": "https://inaturalist-open-data.s3.amazonaws.com/photos/17132486/original.jpg", "references_2": "https://www.inaturalist.org/photos/17132486" }, "geometry": { "type": "Point", "coordinates": [ -118.405655, 34.1441 ] } },
{ "type": "Feature", "properties": { "gbifID": 2460051475, "accessRights": null, "bibliographicCitation": null, "language": null, "license": "CC_BY_NC_4_0", "modified": "2019-11-17T03:37:20Z", "publisher": "iNaturalist.org", "references": "https://www.inaturalist.org/observations/35762025", "rightsHolder": "Lucy", "type": null, "institutionID": null, "collectionID": null, "datasetID": null, "institutionCode": "iNaturalist", "collectionCode": "Observations", "datasetName": "iNaturalist research-grade observations", "ownerInstitutionCode": null, "basisOfRecord": "HUMAN_OBSERVATION", "informationWithheld": null, "dataGeneralizations": null, "dynamicProperties": null, "occurrenceID": "https://www.inaturalist.org/observations/35762025", "catalogNumber": 35762025, "recordNumber": null, "recordedBy": "Lucy", "recordedByID": null, "individualCount": null, "organismQuantity": null, "organismQuantityType": null, "sex": null, "lifeStage": null, "reproductiveCondition": null, "caste": null, "behavior": null, "vitality": null, "establishmentMeans": null, "degreeOfEstablishment": null, "pathway": null, "georeferenceVerificationStatus": null, "occurrenceStatus": "PRESENT", "preparations": null, "disposition": null, "associatedOccurrences": null, "associatedReferences": null, "associatedSequences": null, "associatedTaxa": null, "otherCatalogNumbers": null, "occurrenceRemarks": null, "organismID": null, "organismName": null, "organismScope": null, "associatedOrganisms": null, "previousIdentifications": null, "organismRemarks": null, "materialEntityID": null, "materialEntityRemarks": null, "verbatimLabel": null, "materialSampleID": null, "eventID": null, "parentEventID": null, "eventType": null, "fieldNumber": null, "eventDate": "2019-11-16", "eventTime": "08:42:37", "startDayOfYear": 320, "endDayOfYear": 320, "year": 2019, "month": 11, "day": 16, "verbatimEventDate": "2019-11-16 8:42:37 AM PST", "habitat": null, "samplingProtocol": null, "sampleSizeValue": null, "sampleSizeUnit": null, "samplingEffort": null, "fieldNotes": null, "eventRemarks": null, "locationID": null, "higherGeographyID": null, "higherGeography": null, "continent": "NORTH_AMERICA", "waterBody": null, "islandGroup": null, "island": null, "countryCode": "US", "stateProvince": "California", "county": null, "municipality": null, "locality": null, "verbatimLocality": "Glendale, CA 91201, USA", "verbatimElevation": null, "verticalDatum": null, "verbatimDepth": null, "minimumDistanceAboveSurfaceInMeters": null, "maximumDistanceAboveSurfaceInMeters": null, "locationAccordingTo": null, "locationRemarks": null, "decimalLatitude": 34.157608, "decimalLongitude": -118.299004, "coordinateUncertaintyInMeters": null, "coordinatePrecision": null, "pointRadiusSpatialFit": null, "verbatimCoordinateSystem": null, "verbatimSRS": null, "footprintWKT": null, "footprintSRS": null, "footprintSpatialFit": null, "georeferencedBy": null, "georeferencedDate": null, "georeferenceProtocol": null, "georeferenceSources": null, "georeferenceRemarks": null, "geologicalContextID": null, "earliestEonOrLowestEonothem": null, "latestEonOrHighestEonothem": null, "earliestEraOrLowestErathem": null, "latestEraOrHighestErathem": null, "earliestPeriodOrLowestSystem": null, "latestPeriodOrHighestSystem": null, "earliestEpochOrLowestSeries": null, "latestEpochOrHighestSeries": null, "earliestAgeOrLowestStage": null, "latestAgeOrHighestStage": null, "lowestBiostratigraphicZone": null, "highestBiostratigraphicZone": null, "lithostratigraphicTerms": null, "group": null, "formation": null, "member": null, "bed": null, "identificationID": 77976195, "verbatimIdentification": null, "identificationQualifier": null, "typeStatus": null, "identifiedBy": "Lucy", "identifiedByID": null, "dateIdentified": "2019-11-17", "identificationReferences": null, "identificationVerificationStatus": null, "identificationRemarks": null, "taxonID": 48521, "scientificNameID": null, "acceptedNameUsageID": 5242740, "parentNameUsageID": null, "originalNameUsageID": null, "nameAccordingToID": null, "namePublishedInID": null, "taxonConceptID": null, "scientificName": "Coprinopsis atramentaria (Bull.) Redhead, Vilgalys & Moncalvo", "acceptedNameUsage": null, "parentNameUsage": null, "originalNameUsage": null, "nameAccordingTo": null, "namePublishedIn": null, "namePublishedInYear": null, "higherClassification": null, "kingdom": "Fungi", "phylum": "Basidiomycota", "class": "Agaricomycetes", "order": "Agaricales", "superfamily": null, "family": "Psathyrellaceae", "subfamily": null, "tribe": null, "subtribe": null, "genus": "Coprinopsis", "genericName": "Coprinopsis", "subgenus": null, "infragenericEpithet": null, "specificEpithet": "atramentaria", "infraspecificEpithet": null, "cultivarEpithet": null, "taxonRank": "SPECIES", "verbatimTaxonRank": null, "vernacularName": null, "nomenclaturalCode": null, "taxonomicStatus": "ACCEPTED", "nomenclaturalStatus": null, "taxonRemarks": null, "datasetKey": "50c9509d-22c7-4a22-a47d-8c48425ef4a7", "publishingCountry": "US", "lastInterpreted": "2025-10-14T15:32:47.718Z", "elevation": null, "elevationAccuracy": null, "depth": null, "depthAccuracy": null, "distanceFromCentroidInMeters": null, "issue": "COORDINATE_ROUNDED;CONTINENT_DERIVED_FROM_COORDINATES;TAXON_ID_NOT_FOUND", "taxonomicIssue": "TAXON_ID_NOT_FOUND", "nonTaxonomicIssue": null, "mediaType": "StillImage;StillImage", "hasCoordinate": true, "hasGeospatialIssues": false, "taxonKey": 5242740, "acceptedTaxonKey": 5242740, "kingdomKey": 5, "phylumKey": 34, "classKey": 186, "orderKey": 1499, "familyKey": 4184, "genusKey": 2534316, "subgenusKey": null, "speciesKey": 5242740, "species": "Coprinopsis atramentaria", "acceptedScientificName": "Coprinopsis atramentaria (Bull.) Redhead, Vilgalys & Moncalvo", "verbatimScientificName": "Coprinopsis atramentaria", "typifiedName": null, "protocol": "DWC_ARCHIVE", "lastParsed": "2025-10-14T15:32:47.718Z", "lastCrawled": "2025-10-14T04:54:04.400Z", "isInvasive": null, "repatriated": false, "relativeOrganismQuantity": null, "projectId": "https://www.inaturalist.org/projects/fungi-of-the-california-floristic-province;https://www.inaturalist.org/projects/los-angeles-city-biodiversity-initiative", "isSequenced": false, "gbifRegion": "NORTH_AMERICA", "publishedByGbifRegion": "NORTH_AMERICA", "level0Gid": "USA", "level0Name": "United States", "level1Gid": "USA.5_1", "level1Name": "California", "level2Gid": "USA.5.19_1", "level2Name": "Los Angeles", "level3Gid": null, "level3Name": null, "iucnRedListCategory": null, "type_2": "StillImage", "format": "image/jpeg", "identifier": "https://inaturalist-open-data.s3.amazonaws.com/photos/56429729/original.jpeg", "references_2": "https://www.inaturalist.org/photos/56429729" }, "geometry": { "type": "Point", "coordinates": [ -118.299004, 34.157608 ] } },
{ "type": "Feature", "properties": { "gbifID": 4936393875, "accessRights": null, "bibliographicCitation": null, "language": null, "license": "CC_BY_NC_4_0", "modified": "2024-08-31T02:09:11Z", "publisher": "iNaturalist.org", "references": "https://www.inaturalist.org/observations/147305291", "rightsHolder": "naturephotosuze", "type": null, "institutionID": null, "collectionID": null, "datasetID": null, "institutionCode": "iNaturalist", "collectionCode": "Observations", "datasetName": "iNaturalist research-grade observations", "ownerInstitutionCode": null, "basisOfRecord": "HUMAN_OBSERVATION", "informationWithheld": null, "dataGeneralizations": null, "dynamicProperties": null, "occurrenceID": "https://www.inaturalist.org/observations/147305291", "catalogNumber": 147305291, "recordNumber": null, "recordedBy": "naturephotosuze", "recordedByID": null, "individualCount": null, "organismQuantity": null, "organismQuantityType": null, "sex": null, "lifeStage": null, "reproductiveCondition": null, "caste": null, "behavior": null, "vitality": null, "establishmentMeans": null, "degreeOfEstablishment": null, "pathway": null, "georeferenceVerificationStatus": null, "occurrenceStatus": "PRESENT", "preparations": null, "disposition": null, "associatedOccurrences": null, "associatedReferences": null, "associatedSequences": null, "associatedTaxa": null, "otherCatalogNumbers": null, "occurrenceRemarks": "LA River Colfax", "organismID": null, "organismName": null, "organismScope": null, "associatedOrganisms": null, "previousIdentifications": null, "organismRemarks": null, "materialEntityID": null, "materialEntityRemarks": null, "verbatimLabel": null, "materialSampleID": null, "eventID": null, "parentEventID": null, "eventType": null, "fieldNumber": null, "eventDate": "2023-01-24", "eventTime": "14:42:00", "startDayOfYear": 24, "endDayOfYear": 24, "year": 2023, "month": 1, "day": 24, "verbatimEventDate": "2023/01/24 2:42 PM", "habitat": null, "samplingProtocol": null, "sampleSizeValue": null, "sampleSizeUnit": null, "samplingEffort": null, "fieldNotes": null, "eventRemarks": null, "locationID": null, "higherGeographyID": null, "higherGeography": null, "continent": "NORTH_AMERICA", "waterBody": null, "islandGroup": null, "island": null, "countryCode": "US", "stateProvince": "California", "county": null, "municipality": null, "locality": null, "verbatimLocality": "Studio City, Los Angeles, CA, USA", "verbatimElevation": null, "verticalDatum": null, "verbatimDepth": null, "minimumDistanceAboveSurfaceInMeters": null, "maximumDistanceAboveSurfaceInMeters": null, "locationAccordingTo": null, "locationRemarks": null, "decimalLatitude": 34.141303, "decimalLongitude": -118.386299, "coordinateUncertaintyInMeters": 8.0, "coordinatePrecision": null, "pointRadiusSpatialFit": null, "verbatimCoordinateSystem": null, "verbatimSRS": null, "footprintWKT": null, "footprintSRS": null, "footprintSpatialFit": null, "georeferencedBy": null, "georeferencedDate": null, "georeferenceProtocol": null, "georeferenceSources": null, "georeferenceRemarks": null, "geologicalContextID": null, "earliestEonOrLowestEonothem": null, "latestEonOrHighestEonothem": null, "earliestEraOrLowestErathem": null, "latestEraOrHighestErathem": null, "earliestPeriodOrLowestSystem": null, "latestPeriodOrHighestSystem": null, "earliestEpochOrLowestSeries": null, "latestEpochOrHighestSeries": null, "earliestAgeOrLowestStage": null, "latestAgeOrHighestStage": null, "lowestBiostratigraphicZone": null, "highestBiostratigraphicZone": null, "lithostratigraphicTerms": null, "group": null, "formation": null, "member": null, "bed": null, "identificationID": 329471016, "verbatimIdentification": null, "identificationQualifier": null, "typeStatus": null, "identifiedBy": "naturephotosuze", "identifiedByID": null, "dateIdentified": "2023-01-25", "identificationReferences": null, "identificationVerificationStatus": null, "identificationRemarks": null, "taxonID": 55474, "scientificNameID": null, "acceptedNameUsageID": 9127230, "parentNameUsageID": null, "originalNameUsageID": null, "nameAccordingToID": null, "namePublishedInID": null, "taxonConceptID": null, "scientificName": "Bolbitius titubans (Bull.) Fr.", "acceptedNameUsage": null, "parentNameUsage": null, "originalNameUsage": null, "nameAccordingTo": null, "namePublishedIn": null, "namePublishedInYear": null, "higherClassification": null, "kingdom": "Fungi", "phylum": "Basidiomycota", "class": "Agaricomycetes", "order": "Agaricales", "superfamily": null, "family": "Bolbitiaceae", "subfamily": null, "tribe": null, "subtribe": null, "genus": "Bolbitius", "genericName": "Bolbitius", "subgenus": null, "infragenericEpithet": null, "specificEpithet": "titubans", "infraspecificEpithet": null, "cultivarEpithet": null, "taxonRank": "SPECIES", "verbatimTaxonRank": null, "vernacularName": null, "nomenclaturalCode": null, "taxonomicStatus": "ACCEPTED", "nomenclaturalStatus": null, "taxonRemarks": null, "datasetKey": "50c9509d-22c7-4a22-a47d-8c48425ef4a7", "publishingCountry": "US", "lastInterpreted": "2025-10-14T18:41:33.620Z", "elevation": null, "elevationAccuracy": null, "depth": null, "depthAccuracy": null, "distanceFromCentroidInMeters": null, "issue": "COORDINATE_ROUNDED;CONTINENT_DERIVED_FROM_COORDINATES;TAXON_ID_NOT_FOUND", "taxonomicIssue": "TAXON_ID_NOT_FOUND", "nonTaxonomicIssue": null, "mediaType": null, "hasCoordinate": true, "hasGeospatialIssues": false, "taxonKey": 9127230, "acceptedTaxonKey": 9127230, "kingdomKey": 5, "phylumKey": 34, "classKey": 186, "orderKey": 1499, "familyKey": 8440, "genusKey": 2529626, "subgenusKey": null, "speciesKey": 9127230, "species": "Bolbitius titubans", "acceptedScientificName": "Bolbitius titubans (Bull.) Fr.", "verbatimScientificName": "Bolbitius titubans", "typifiedName": null, "protocol": "DWC_ARCHIVE", "lastParsed": "2025-10-14T18:41:33.620Z", "lastCrawled": "2025-10-14T04:54:04.400Z", "isInvasive": null, "repatriated": false, "relativeOrganismQuantity": null, "projectId": "https://www.inaturalist.org/projects/fungi-of-the-california-floristic-province", "isSequenced": false, "gbifRegion": "NORTH_AMERICA", "publishedByGbifRegion": "NORTH_AMERICA", "level0Gid": "USA", "level0Name": "United States", "level1Gid": "USA.5_1", "level1Name": "California", "level2Gid": "USA.5.19_1", "level2Name": "Los Angeles", "level3Gid": null, "level3Name": null, "iucnRedListCategory": null, "type_2": null, "format": null, "identifier": null, "references_2": null }, "geometry": { "type": "Point", "coordinates": [ -118.386299, 34.141303 ] } },
{ "type": "Feature", "properties": { "gbifID": 1935620069, "accessRights": null, "bibliographicCitation": null, "language": null, "license": "CC_BY_NC_4_0", "modified": "2018-11-07T19:04:52Z", "publisher": "iNaturalist.org", "references": "https://www.inaturalist.org/observations/18216285", "rightsHolder": "sydhanson", "type": null, "institutionID": null, "collectionID": null, "datasetID": null, "institutionCode": "iNaturalist", "collectionCode": "Observations", "datasetName": "iNaturalist research-grade observations", "ownerInstitutionCode": null, "basisOfRecord": "HUMAN_OBSERVATION", "informationWithheld": null, "dataGeneralizations": null, "dynamicProperties": null, "occurrenceID": "https://www.inaturalist.org/observations/18216285", "catalogNumber": 18216285, "recordNumber": null, "recordedBy": "sydhanson", "recordedByID": null, "individualCount": null, "organismQuantity": null, "organismQuantityType": null, "sex": null, "lifeStage": null, "reproductiveCondition": null, "caste": null, "behavior": null, "vitality": null, "establishmentMeans": null, "degreeOfEstablishment": null, "pathway": null, "georeferenceVerificationStatus": null, "occurrenceStatus": "PRESENT", "preparations": null, "disposition": null, "associatedOccurrences": null, "associatedReferences": null, "associatedSequences": null, "associatedTaxa": null, "otherCatalogNumbers": null, "occurrenceRemarks": null, "organismID": null, "organismName": null, "organismScope": null, "associatedOrganisms": null, "previousIdentifications": null, "organismRemarks": null, "materialEntityID": null, "materialEntityRemarks": null, "verbatimLabel": null, "materialSampleID": null, "eventID": null, "parentEventID": null, "eventType": null, "fieldNumber": null, "eventDate": "2018-11-07", "eventTime": "11:00:43", "startDayOfYear": 311, "endDayOfYear": 311, "year": 2018, "month": 11, "day": 7, "verbatimEventDate": "Wed Nov 07 2018 11:00:43 GMT-0800 (PST)", "habitat": null, "samplingProtocol": null, "sampleSizeValue": null, "sampleSizeUnit": null, "samplingEffort": null, "fieldNotes": null, "eventRemarks": null, "locationID": null, "higherGeographyID": null, "higherGeography": null, "continent": "NORTH_AMERICA", "waterBody": null, "islandGroup": null, "island": null, "countryCode": "US", "stateProvince": "California", "county": null, "municipality": null, "locality": null, "verbatimLocality": "3058 N Coolidge Ave, Los Angeles, CA, US", "verbatimElevation": null, "verticalDatum": null, "verbatimDepth": null, "minimumDistanceAboveSurfaceInMeters": null, "maximumDistanceAboveSurfaceInMeters": null, "locationAccordingTo": null, "locationRemarks": null, "decimalLatitude": 34.105267, "decimalLongitude": -118.242953, "coordinateUncertaintyInMeters": 10.0, "coordinatePrecision": null, "pointRadiusSpatialFit": null, "verbatimCoordinateSystem": null, "verbatimSRS": null, "footprintWKT": null, "footprintSRS": null, "footprintSpatialFit": null, "georeferencedBy": null, "georeferencedDate": null, "georeferenceProtocol": null, "georeferenceSources": null, "georeferenceRemarks": null, "geologicalContextID": null, "earliestEonOrLowestEonothem": null, "latestEonOrHighestEonothem": null, "earliestEraOrLowestErathem": null, "latestEraOrHighestErathem": null, "earliestPeriodOrLowestSystem": null, "latestPeriodOrHighestSystem": null, "earliestEpochOrLowestSeries": null, "latestEpochOrHighestSeries": null, "earliestAgeOrLowestStage": null, "latestAgeOrHighestStage": null, "lowestBiostratigraphicZone": null, "highestBiostratigraphicZone": null, "lithostratigraphicTerms": null, "group": null, "formation": null, "member": null, "bed": null, "identificationID": 39156602, "verbatimIdentification": null, "identificationQualifier": null, "typeStatus": null, "identifiedBy": "sydhanson", "identifiedByID": null, "dateIdentified": "2018-11-07", "identificationReferences": null, "identificationVerificationStatus": null, "identificationRemarks": null, "taxonID": 48494, "scientificNameID": null, "acceptedNameUsageID": 2526530, "parentNameUsageID": null, "originalNameUsageID": null, "nameAccordingToID": null, "namePublishedInID": null, "taxonConceptID": null, "scientificName": "Pleurotus ostreatus (Jacq.) P.Kumm.", "acceptedNameUsage": null, "parentNameUsage": null, "originalNameUsage": null, "nameAccordingTo": null, "namePublishedIn": null, "namePublishedInYear": null, "higherClassification": null, "kingdom": "Fungi", "phylum": "Basidiomycota", "class": "Agaricomycetes", "order": "Agaricales", "superfamily": null, "family": "Pleurotaceae", "subfamily": null, "tribe": null, "subtribe": null, "genus": "Pleurotus", "genericName": "Pleurotus", "subgenus": null, "infragenericEpithet": null, "specificEpithet": "ostreatus", "infraspecificEpithet": null, "cultivarEpithet": null, "taxonRank": "SPECIES", "verbatimTaxonRank": null, "vernacularName": null, "nomenclaturalCode": null, "taxonomicStatus": "ACCEPTED", "nomenclaturalStatus": null, "taxonRemarks": null, "datasetKey": "50c9509d-22c7-4a22-a47d-8c48425ef4a7", "publishingCountry": "US", "lastInterpreted": "2025-10-14T16:54:54.310Z", "elevation": null, "elevationAccuracy": null, "depth": null, "depthAccuracy": null, "distanceFromCentroidInMeters": null, "issue": "COORDINATE_ROUNDED;CONTINENT_DERIVED_FROM_COORDINATES;TAXON_ID_NOT_FOUND", "taxonomicIssue": "TAXON_ID_NOT_FOUND", "nonTaxonomicIssue": null, "mediaType": "StillImage", "hasCoordinate": true, "hasGeospatialIssues": false, "taxonKey": 2526530, "acceptedTaxonKey": 2526530, "kingdomKey": 5, "phylumKey": 34, "classKey": 186, "orderKey": 1499, "familyKey": 4183, "genusKey": 2518610, "subgenusKey": null, "speciesKey": 2526530, "species": "Pleurotus ostreatus", "acceptedScientificName": "Pleurotus ostreatus (Jacq.) P.Kumm.", "verbatimScientificName": "Pleurotus ostreatus", "typifiedName": null, "protocol": "DWC_ARCHIVE", "lastParsed": "2025-10-14T16:54:54.310Z", "lastCrawled": "2025-10-14T04:54:04.400Z", "isInvasive": null, "repatriated": false, "relativeOrganismQuantity": null, "projectId": "https://www.inaturalist.org/projects/los-angeles-city-biodiversity-initiative;https://www.inaturalist.org/projects/fungi-of-the-california-floristic-province", "isSequenced": false, "gbifRegion": "NORTH_AMERICA", "publishedByGbifRegion": "NORTH_AMERICA", "level0Gid": "USA", "level0Name": "United States", "level1Gid": "USA.5_1", "level1Name": "California", "level2Gid": "USA.5.19_1", "level2Name": "Los Angeles", "level3Gid": null, "level3Name": null, "iucnRedListCategory": null, "type_2": "StillImage", "format": "image/jpeg", "identifier": "https://inaturalist-open-data.s3.amazonaws.com/photos/27835031/original.jpg", "references_2": "https://www.inaturalist.org/photos/27835031" }, "geometry": { "type": "Point", "coordinates": [ -118.242953, 34.105267 ] } },
{ "type": "Feature", "properties": { "gbifID": 5177017312, "accessRights": null, "bibliographicCitation": null, "language": null, "license": "CC_BY_4_0", "modified": "2025-06-03T05:27:52Z", "publisher": "iNaturalist.org", "references": "https://www.inaturalist.org/observations/37178722", "rightsHolder": "Ryan Donnelly", "type": null, "institutionID": null, "collectionID": null, "datasetID": null, "institutionCode": "iNaturalist", "collectionCode": "Observations", "datasetName": "iNaturalist research-grade observations", "ownerInstitutionCode": null, "basisOfRecord": "HUMAN_OBSERVATION", "informationWithheld": null, "dataGeneralizations": null, "dynamicProperties": null, "occurrenceID": "https://www.inaturalist.org/observations/37178722", "catalogNumber": 37178722, "recordNumber": null, "recordedBy": "Ryan Donnelly", "recordedByID": null, "individualCount": null, "organismQuantity": null, "organismQuantityType": null, "sex": null, "lifeStage": null, "reproductiveCondition": null, "caste": null, "behavior": null, "vitality": null, "establishmentMeans": null, "degreeOfEstablishment": null, "pathway": null, "georeferenceVerificationStatus": null, "occurrenceStatus": "PRESENT", "preparations": null, "disposition": null, "associatedOccurrences": null, "associatedReferences": null, "associatedSequences": null, "associatedTaxa": null, "otherCatalogNumbers": null, "occurrenceRemarks": "On California Buckwheat", "organismID": null, "organismName": null, "organismScope": null, "associatedOrganisms": null, "previousIdentifications": null, "organismRemarks": null, "materialEntityID": null, "materialEntityRemarks": null, "verbatimLabel": null, "materialSampleID": null, "eventID": null, "parentEventID": null, "eventType": null, "fieldNumber": null, "eventDate": "2020-01-01", "eventTime": "16:02:17", "startDayOfYear": 1, "endDayOfYear": 1, "year": 2020, "month": 1, "day": 1, "verbatimEventDate": "Wed Jan 01 2020 16:02:17 GMT-0800 (PST)", "habitat": null, "samplingProtocol": null, "sampleSizeValue": null, "sampleSizeUnit": null, "samplingEffort": null, "fieldNotes": null, "eventRemarks": null, "locationID": null, "higherGeographyID": null, "higherGeography": null, "continent": "NORTH_AMERICA", "waterBody": null, "islandGroup": null, "island": null, "countryCode": "US", "stateProvince": "California", "county": null, "municipality": null, "locality": null, "verbatimLocality": "Perlita Ave, Los Angeles, CA, US", "verbatimElevation": null, "verticalDatum": null, "verbatimDepth": null, "minimumDistanceAboveSurfaceInMeters": null, "maximumDistanceAboveSurfaceInMeters": null, "locationAccordingTo": null, "locationRemarks": null, "decimalLatitude": 34.106208, "decimalLongitude": -118.242652, "coordinateUncertaintyInMeters": 24.0, "coordinatePrecision": null, "pointRadiusSpatialFit": null, "verbatimCoordinateSystem": null, "verbatimSRS": null, "footprintWKT": null, "footprintSRS": null, "footprintSpatialFit": null, "georeferencedBy": null, "georeferencedDate": null, "georeferenceProtocol": null, "georeferenceSources": null, "georeferenceRemarks": null, "geologicalContextID": null, "earliestEonOrLowestEonothem": null, "latestEonOrHighestEonothem": null, "earliestEraOrLowestErathem": null, "latestEraOrHighestErathem": null, "earliestPeriodOrLowestSystem": null, "latestPeriodOrHighestSystem": null, "earliestEpochOrLowestSeries": null, "latestEpochOrHighestSeries": null, "earliestAgeOrLowestStage": null, "latestAgeOrHighestStage": null, "lowestBiostratigraphicZone": null, "highestBiostratigraphicZone": null, "lithostratigraphicTerms": null, "group": null, "formation": null, "member": null, "bed": null, "identificationID": 598202946, "verbatimIdentification": null, "identificationQualifier": null, "typeStatus": null, "identifiedBy": "Senna Bryce Robeson", "identifiedByID": "https://orcid.org/0000-0003-1868-8766", "dateIdentified": "2025-03-04", "identificationReferences": null, "identificationVerificationStatus": null, "identificationRemarks": null, "taxonID": 1510523, "scientificNameID": null, "acceptedNameUsageID": 3483435, "parentNameUsageID": null, "originalNameUsageID": null, "nameAccordingToID": null, "namePublishedInID": null, "taxonConceptID": null, "scientificName": "Golovinomyces californicus (U.Braun) V.P.Heluta", "acceptedNameUsage": null, "parentNameUsage": null, "originalNameUsage": null, "nameAccordingTo": null, "namePublishedIn": null, "namePublishedInYear": null, "higherClassification": null, "kingdom": "Fungi", "phylum": "Ascomycota", "class": "Leotiomycetes", "order": "Helotiales", "superfamily": null, "family": "Erysiphaceae", "subfamily": null, "tribe": null, "subtribe": null, "genus": "Golovinomyces", "genericName": "Golovinomyces", "subgenus": null, "infragenericEpithet": null, "specificEpithet": "californicus", "infraspecificEpithet": null, "cultivarEpithet": null, "taxonRank": "SPECIES", "verbatimTaxonRank": null, "vernacularName": null, "nomenclaturalCode": null, "taxonomicStatus": "ACCEPTED", "nomenclaturalStatus": null, "taxonRemarks": null, "datasetKey": "50c9509d-22c7-4a22-a47d-8c48425ef4a7", "publishingCountry": "US", "lastInterpreted": "2025-10-14T15:33:53.290Z", "elevation": null, "elevationAccuracy": null, "depth": null, "depthAccuracy": null, "distanceFromCentroidInMeters": null, "issue": "COORDINATE_ROUNDED;CONTINENT_DERIVED_FROM_COORDINATES;TAXON_ID_NOT_FOUND", "taxonomicIssue": "TAXON_ID_NOT_FOUND", "nonTaxonomicIssue": null, "mediaType": "StillImage;StillImage", "hasCoordinate": true, "hasGeospatialIssues": false, "taxonKey": 3483435, "acceptedTaxonKey": 3483435, "kingdomKey": 5, "phylumKey": 95, "classKey": 179, "orderKey": 1052, "familyKey": 8379, "genusKey": 8088553, "subgenusKey": null, "speciesKey": 3483435, "species": "Golovinomyces californicus", "acceptedScientificName": "Golovinomyces californicus (U.Braun) V.P.Heluta", "verbatimScientificName": "Golovinomyces californicus", "typifiedName": null, "protocol": "DWC_ARCHIVE", "lastParsed": "2025-10-14T15:33:53.290Z", "lastCrawled": "2025-10-14T04:54:04.400Z", "isInvasive": null, "repatriated": false, "relativeOrganismQuantity": null, "projectId": "https://www.inaturalist.org/projects/fungi-of-the-california-floristic-province;https://www.inaturalist.org/projects/los-angeles-city-biodiversity-initiative", "isSequenced": false, "gbifRegion": "NORTH_AMERICA", "publishedByGbifRegion": "NORTH_AMERICA", "level0Gid": "USA", "level0Name": "United States", "level1Gid": "USA.5_1", "level1Name": "California", "level2Gid": "USA.5.19_1", "level2Name": "Los Angeles", "level3Gid": null, "level3Name": null, "iucnRedListCategory": null, "type_2": "StillImage", "format": "image/jpeg", "identifier": "https://inaturalist-open-data.s3.amazonaws.com/photos/58895735/original.jpg", "references_2": "https://www.inaturalist.org/photos/58895735" }, "geometry": { "type": "Point", "coordinates": [ -118.242652, 34.106208 ] } },
{ "type": "Feature", "properties": { "gbifID": 2234737737, "accessRights": null, "bibliographicCitation": null, "language": null, "license": "CC_BY_NC_4_0", "modified": "2021-01-13T00:50:55Z", "publisher": "iNaturalist.org", "references": "https://www.inaturalist.org/observations/21279474", "rightsHolder": "Sara Cristina Medina", "type": null, "institutionID": null, "collectionID": null, "datasetID": null, "institutionCode": "iNaturalist", "collectionCode": "Observations", "datasetName": "iNaturalist research-grade observations", "ownerInstitutionCode": null, "basisOfRecord": "HUMAN_OBSERVATION", "informationWithheld": "Coordinate uncertainty increased to 28902m at the request of the observer", "dataGeneralizations": null, "dynamicProperties": null, "occurrenceID": "https://www.inaturalist.org/observations/21279474", "catalogNumber": 21279474, "recordNumber": null, "recordedBy": "Sara Cristina Medina", "recordedByID": null, "individualCount": null, "organismQuantity": null, "organismQuantityType": null, "sex": null, "lifeStage": null, "reproductiveCondition": null, "caste": null, "behavior": null, "vitality": null, "establishmentMeans": null, "degreeOfEstablishment": null, "pathway": null, "georeferenceVerificationStatus": null, "occurrenceStatus": "PRESENT", "preparations": null, "disposition": null, "associatedOccurrences": null, "associatedReferences": null, "associatedSequences": null, "associatedTaxa": null, "otherCatalogNumbers": null, "occurrenceRemarks": null, "organismID": null, "organismName": null, "organismScope": null, "associatedOrganisms": null, "previousIdentifications": null, "organismRemarks": null, "materialEntityID": null, "materialEntityRemarks": null, "verbatimLabel": null, "materialSampleID": null, "eventID": null, "parentEventID": null, "eventType": null, "fieldNumber": null, "eventDate": "2019-03-10", "eventTime": "14:32:49", "startDayOfYear": 69, "endDayOfYear": 69, "year": 2019, "month": 3, "day": 10, "verbatimEventDate": "2019-03-10 2:32:49 PM PDT", "habitat": null, "samplingProtocol": null, "sampleSizeValue": null, "sampleSizeUnit": null, "samplingEffort": null, "fieldNotes": null, "eventRemarks": null, "locationID": null, "higherGeographyID": null, "higherGeography": null, "continent": "NORTH_AMERICA", "waterBody": null, "islandGroup": null, "island": null, "countryCode": "US", "stateProvince": "California", "county": null, "municipality": null, "locality": null, "verbatimLocality": "Los Angeles County, US-CA, US", "verbatimElevation": null, "verticalDatum": null, "verbatimDepth": null, "minimumDistanceAboveSurfaceInMeters": null, "maximumDistanceAboveSurfaceInMeters": null, "locationAccordingTo": null, "locationRemarks": null, "decimalLatitude": 33.86438, "decimalLongitude": -118.196198, "coordinateUncertaintyInMeters": 28902.0, "coordinatePrecision": null, "pointRadiusSpatialFit": null, "verbatimCoordinateSystem": null, "verbatimSRS": null, "footprintWKT": null, "footprintSRS": null, "footprintSpatialFit": null, "georeferencedBy": null, "georeferencedDate": null, "georeferenceProtocol": null, "georeferenceSources": null, "georeferenceRemarks": null, "geologicalContextID": null, "earliestEonOrLowestEonothem": null, "latestEonOrHighestEonothem": null, "earliestEraOrLowestErathem": null, "latestEraOrHighestErathem": null, "earliestPeriodOrLowestSystem": null, "latestPeriodOrHighestSystem": null, "earliestEpochOrLowestSeries": null, "latestEpochOrHighestSeries": null, "earliestAgeOrLowestStage": null, "latestAgeOrHighestStage": null, "lowestBiostratigraphicZone": null, "highestBiostratigraphicZone": null, "lithostratigraphicTerms": null, "group": null, "formation": null, "member": null, "bed": null, "identificationID": 150296111, "verbatimIdentification": null, "identificationQualifier": null, "typeStatus": null, "identifiedBy": "Sara Cristina Medina", "identifiedByID": null, "dateIdentified": "2021-01-13", "identificationReferences": null, "identificationVerificationStatus": null, "identificationRemarks": null, "taxonID": 1179954, "scientificNameID": null, "acceptedNameUsageID": 12008655, "parentNameUsageID": null, "originalNameUsageID": null, "nameAccordingToID": null, "namePublishedInID": null, "taxonConceptID": null, "scientificName": "Candolleomyces candolleanus (Fr.) D.Wächt. & A.Melzer", "acceptedNameUsage": null, "parentNameUsage": null, "originalNameUsage": null, "nameAccordingTo": null, "namePublishedIn": null, "namePublishedInYear": null, "higherClassification": null, "kingdom": "Fungi", "phylum": "Basidiomycota", "class": "Agaricomycetes", "order": "Agaricales", "superfamily": null, "family": "Psathyrellaceae", "subfamily": null, "tribe": null, "subtribe": null, "genus": "Candolleomyces", "genericName": "Candolleomyces", "subgenus": null, "infragenericEpithet": null, "specificEpithet": "candolleanus", "infraspecificEpithet": null, "cultivarEpithet": null, "taxonRank": "SPECIES", "verbatimTaxonRank": null, "vernacularName": null, "nomenclaturalCode": null, "taxonomicStatus": "ACCEPTED", "nomenclaturalStatus": null, "taxonRemarks": null, "datasetKey": "50c9509d-22c7-4a22-a47d-8c48425ef4a7", "publishingCountry": "US", "lastInterpreted": "2025-10-14T18:15:52.110Z", "elevation": null, "elevationAccuracy": null, "depth": null, "depthAccuracy": null, "distanceFromCentroidInMeters": null, "issue": "COORDINATE_ROUNDED;CONTINENT_DERIVED_FROM_COORDINATES;TAXON_ID_NOT_FOUND", "taxonomicIssue": "TAXON_ID_NOT_FOUND", "nonTaxonomicIssue": null, "mediaType": "StillImage;StillImage;StillImage;StillImage", "hasCoordinate": true, "hasGeospatialIssues": false, "taxonKey": 12008655, "acceptedTaxonKey": 12008655, "kingdomKey": 5, "phylumKey": 34, "classKey": 186, "orderKey": 1499, "familyKey": 4184, "genusKey": 11203266, "subgenusKey": null, "speciesKey": 12008655, "species": "Candolleomyces candolleanus", "acceptedScientificName": "Candolleomyces candolleanus (Fr.) D.Wächt. & A.Melzer", "verbatimScientificName": "Candolleomyces candolleanus", "typifiedName": null, "protocol": "DWC_ARCHIVE", "lastParsed": "2025-10-14T18:15:52.110Z", "lastCrawled": "2025-10-14T04:54:04.400Z", "isInvasive": null, "repatriated": false, "relativeOrganismQuantity": null, "projectId": "https://www.inaturalist.org/projects/superproject-3;https://www.inaturalist.org/projects/fungi-of-the-california-floristic-province;https://www.inaturalist.org/projects/l-a-nature-map", "isSequenced": false, "gbifRegion": "NORTH_AMERICA", "publishedByGbifRegion": "NORTH_AMERICA", "level0Gid": "USA", "level0Name": "United States", "level1Gid": "USA.5_1", "level1Name": "California", "level2Gid": "USA.5.19_1", "level2Name": "Los Angeles", "level3Gid": null, "level3Name": null, "iucnRedListCategory": null, "type_2": "StillImage", "format": "image/jpeg", "identifier": "https://inaturalist-open-data.s3.amazonaws.com/photos/32902654/original.jpeg", "references_2": "https://www.inaturalist.org/photos/32902654" }, "geometry": { "type": "Point", "coordinates": [ -118.196198, 33.86438 ] } },
{ "type": "Feature", "properties": { "gbifID": 4028725953, "accessRights": null, "bibliographicCitation": null, "language": null, "license": "CC_BY_NC_4_0", "modified": "2023-06-18T21:18:55Z", "publisher": "iNaturalist.org", "references": "https://www.inaturalist.org/observations/147368093", "rightsHolder": "Rebecca Marschall", "type": null, "institutionID": null, "collectionID": null, "datasetID": null, "institutionCode": "iNaturalist", "collectionCode": "Observations", "datasetName": "iNaturalist research-grade observations", "ownerInstitutionCode": null, "basisOfRecord": "HUMAN_OBSERVATION", "informationWithheld": "Coordinate uncertainty increased to 28874m at the request of the observer", "dataGeneralizations": null, "dynamicProperties": null, "occurrenceID": "https://www.inaturalist.org/observations/147368093", "catalogNumber": 147368093, "recordNumber": null, "recordedBy": "Rebecca Marschall", "recordedByID": null, "individualCount": null, "organismQuantity": null, "organismQuantityType": null, "sex": null, "lifeStage": null, "reproductiveCondition": null, "caste": null, "behavior": null, "vitality": null, "establishmentMeans": null, "degreeOfEstablishment": null, "pathway": null, "georeferenceVerificationStatus": null, "occurrenceStatus": "PRESENT", "preparations": null, "disposition": null, "associatedOccurrences": null, "associatedReferences": null, "associatedSequences": null, "associatedTaxa": null, "otherCatalogNumbers": null, "occurrenceRemarks": null, "organismID": null, "organismName": null, "organismScope": null, "associatedOrganisms": null, "previousIdentifications": null, "organismRemarks": null, "materialEntityID": null, "materialEntityRemarks": null, "verbatimLabel": null, "materialSampleID": null, "eventID": null, "parentEventID": null, "eventType": null, "fieldNumber": null, "eventDate": "2023-01-08", "eventTime": "10:23:51", "startDayOfYear": 8, "endDayOfYear": 8, "year": 2023, "month": 1, "day": 8, "verbatimEventDate": "2023-01-08 10:23:51-08:00", "habitat": null, "samplingProtocol": null, "sampleSizeValue": null, "sampleSizeUnit": null, "samplingEffort": null, "fieldNotes": null, "eventRemarks": null, "locationID": null, "higherGeographyID": null, "higherGeography": null, "continent": "NORTH_AMERICA", "waterBody": null, "islandGroup": null, "island": null, "countryCode": "US", "stateProvince": "California", "county": null, "municipality": null, "locality": null, "verbatimLocality": "Los Angeles County, US-CA, US", "verbatimElevation": null, "verticalDatum": null, "verbatimDepth": null, "minimumDistanceAboveSurfaceInMeters": null, "maximumDistanceAboveSurfaceInMeters": null, "locationAccordingTo": null, "locationRemarks": null, "decimalLatitude": 34.135182, "decimalLongitude": -118.275568, "coordinateUncertaintyInMeters": 28874.0, "coordinatePrecision": null, "pointRadiusSpatialFit": null, "verbatimCoordinateSystem": null, "verbatimSRS": null, "footprintWKT": null, "footprintSRS": null, "footprintSpatialFit": null, "georeferencedBy": null, "georeferencedDate": null, "georeferenceProtocol": null, "georeferenceSources": null, "georeferenceRemarks": null, "geologicalContextID": null, "earliestEonOrLowestEonothem": null, "latestEonOrHighestEonothem": null, "earliestEraOrLowestErathem": null, "latestEraOrHighestErathem": null, "earliestPeriodOrLowestSystem": null, "latestPeriodOrHighestSystem": null, "earliestEpochOrLowestSeries": null, "latestEpochOrHighestSeries": null, "earliestAgeOrLowestStage": null, "latestAgeOrHighestStage": null, "lowestBiostratigraphicZone": null, "highestBiostratigraphicZone": null, "lithostratigraphicTerms": null, "group": null, "formation": null, "member": null, "bed": null, "identificationID": 329675796, "verbatimIdentification": null, "identificationQualifier": null, "typeStatus": null, "identifiedBy": "Rebecca Marschall", "identifiedByID": null, "dateIdentified": "2023-01-26", "identificationReferences": null, "identificationVerificationStatus": null, "identificationRemarks": null, "taxonID": 129323, "scientificNameID": null, "acceptedNameUsageID": 2533993, "parentNameUsageID": null, "originalNameUsageID": null, "nameAccordingToID": null, "namePublishedInID": null, "taxonConceptID": null, "scientificName": "Leratiomyces percevalii (Berk. & Broome) Bridge & Spooner", "acceptedNameUsage": null, "parentNameUsage": null, "originalNameUsage": null, "nameAccordingTo": null, "namePublishedIn": null, "namePublishedInYear": null, "higherClassification": null, "kingdom": "Fungi", "phylum": "Basidiomycota", "class": "Agaricomycetes", "order": "Agaricales", "superfamily": null, "family": "Strophariaceae", "subfamily": null, "tribe": null, "subtribe": null, "genus": "Leratiomyces", "genericName": "Leratiomyces", "subgenus": null, "infragenericEpithet": null, "specificEpithet": "percevalii", "infraspecificEpithet": null, "cultivarEpithet": null, "taxonRank": "SPECIES", "verbatimTaxonRank": null, "vernacularName": null, "nomenclaturalCode": null, "taxonomicStatus": "ACCEPTED", "nomenclaturalStatus": null, "taxonRemarks": null, "datasetKey": "50c9509d-22c7-4a22-a47d-8c48425ef4a7", "publishingCountry": "US", "lastInterpreted": "2025-10-14T18:41:33.580Z", "elevation": null, "elevationAccuracy": null, "depth": null, "depthAccuracy": null, "distanceFromCentroidInMeters": null, "issue": "COORDINATE_ROUNDED;CONTINENT_DERIVED_FROM_COORDINATES;TAXON_ID_NOT_FOUND", "taxonomicIssue": "TAXON_ID_NOT_FOUND", "nonTaxonomicIssue": null, "mediaType": "StillImage;StillImage", "hasCoordinate": true, "hasGeospatialIssues": false, "taxonKey": 2533993, "acceptedTaxonKey": 2533993, "kingdomKey": 5, "phylumKey": 34, "classKey": 186, "orderKey": 1499, "familyKey": 4186, "genusKey": 2533977, "subgenusKey": null, "speciesKey": 2533993, "species": "Leratiomyces percevalii", "acceptedScientificName": "Leratiomyces percevalii (Berk. & Broome) Bridge & Spooner", "verbatimScientificName": "Leratiomyces percevalii", "typifiedName": null, "protocol": "DWC_ARCHIVE", "lastParsed": "2025-10-14T18:41:33.580Z", "lastCrawled": "2025-10-14T04:54:04.400Z", "isInvasive": null, "repatriated": false, "relativeOrganismQuantity": null, "projectId": "https://www.inaturalist.org/projects/fungi-of-the-california-floristic-province;https://www.inaturalist.org/projects/l-a-nature-map", "isSequenced": false, "gbifRegion": "NORTH_AMERICA", "publishedByGbifRegion": "NORTH_AMERICA", "level0Gid": "USA", "level0Name": "United States", "level1Gid": "USA.5_1", "level1Name": "California", "level2Gid": "USA.5.19_1", "level2Name": "Los Angeles", "level3Gid": null, "level3Name": null, "iucnRedListCategory": null, "type_2": "StillImage", "format": "image/jpeg", "identifier": "https://inaturalist-open-data.s3.amazonaws.com/photos/253569737/original.jpg", "references_2": "https://www.inaturalist.org/photos/253569737" }, "geometry": { "type": "Point", "coordinates": [ -118.275568, 34.135182 ] } },
{ "type": "Feature", "properties": { "gbifID": 2366042302, "accessRights": null, "bibliographicCitation": null, "language": null, "license": "CC_BY_4_0", "modified": "2024-08-29T19:34:04Z", "publisher": "iNaturalist.org", "references": "https://www.inaturalist.org/observations/30899112", "rightsHolder": "Ryan Donnelly", "type": null, "institutionID": null, "collectionID": null, "datasetID": null, "institutionCode": "iNaturalist", "collectionCode": "Observations", "datasetName": "iNaturalist research-grade observations", "ownerInstitutionCode": null, "basisOfRecord": "HUMAN_OBSERVATION", "informationWithheld": null, "dataGeneralizations": null, "dynamicProperties": null, "occurrenceID": "https://www.inaturalist.org/observations/30899112", "catalogNumber": 30899112, "recordNumber": null, "recordedBy": "Ryan Donnelly", "recordedByID": null, "individualCount": null, "organismQuantity": null, "organismQuantityType": null, "sex": null, "lifeStage": null, "reproductiveCondition": null, "caste": null, "behavior": null, "vitality": null, "establishmentMeans": null, "degreeOfEstablishment": null, "pathway": null, "georeferenceVerificationStatus": null, "occurrenceStatus": "PRESENT", "preparations": null, "disposition": null, "associatedOccurrences": null, "associatedReferences": null, "associatedSequences": null, "associatedTaxa": null, "otherCatalogNumbers": null, "occurrenceRemarks": "On western sycamore", "organismID": null, "organismName": null, "organismScope": null, "associatedOrganisms": null, "previousIdentifications": null, "organismRemarks": null, "materialEntityID": null, "materialEntityRemarks": null, "verbatimLabel": null, "materialSampleID": null, "eventID": null, "parentEventID": null, "eventType": null, "fieldNumber": null, "eventDate": "2019-08-15", "eventTime": "14:14:22", "startDayOfYear": 227, "endDayOfYear": 227, "year": 2019, "month": 8, "day": 15, "verbatimEventDate": "Thu Aug 15 2019 14:14:22 GMT-0700 (PDT)", "habitat": null, "samplingProtocol": null, "sampleSizeValue": null, "sampleSizeUnit": null, "samplingEffort": null, "fieldNotes": null, "eventRemarks": null, "locationID": null, "higherGeographyID": null, "higherGeography": null, "continent": "NORTH_AMERICA", "waterBody": null, "islandGroup": null, "island": null, "countryCode": "US", "stateProvince": "California", "county": null, "municipality": null, "locality": null, "verbatimLocality": "Benedict St, Los Angeles, CA, US", "verbatimElevation": null, "verticalDatum": null, "verbatimDepth": null, "minimumDistanceAboveSurfaceInMeters": null, "maximumDistanceAboveSurfaceInMeters": null, "locationAccordingTo": null, "locationRemarks": null, "decimalLatitude": 34.101141, "decimalLongitude": -118.243019, "coordinateUncertaintyInMeters": 8.0, "coordinatePrecision": null, "pointRadiusSpatialFit": null, "verbatimCoordinateSystem": null, "verbatimSRS": null, "footprintWKT": null, "footprintSRS": null, "footprintSpatialFit": null, "georeferencedBy": null, "georeferencedDate": null, "georeferenceProtocol": null, "georeferenceSources": null, "georeferenceRemarks": null, "geologicalContextID": null, "earliestEonOrLowestEonothem": null, "latestEonOrHighestEonothem": null, "earliestEraOrLowestErathem": null, "latestEraOrHighestErathem": null, "earliestPeriodOrLowestSystem": null, "latestPeriodOrHighestSystem": null, "earliestEpochOrLowestSeries": null, "latestEpochOrHighestSeries": null, "earliestAgeOrLowestStage": null, "latestAgeOrHighestStage": null, "lowestBiostratigraphicZone": null, "highestBiostratigraphicZone": null, "lithostratigraphicTerms": null, "group": null, "formation": null, "member": null, "bed": null, "identificationID": 66964456, "verbatimIdentification": null, "identificationQualifier": null, "typeStatus": null, "identifiedBy": "Ryan Donnelly", "identifiedByID": null, "dateIdentified": "2019-08-15", "identificationReferences": null, "identificationVerificationStatus": null, "identificationRemarks": null, "taxonID": 382273, "scientificNameID": null, "acceptedNameUsageID": 2578515, "parentNameUsageID": null, "originalNameUsageID": null, "nameAccordingToID": null, "namePublishedInID": null, "taxonConceptID": null, "scientificName": "Erysiphe platani (Howe) U.Braun & S.Takam.", "acceptedNameUsage": null, "parentNameUsage": null, "originalNameUsage": null, "nameAccordingTo": null, "namePublishedIn": null, "namePublishedInYear": null, "higherClassification": null, "kingdom": "Fungi", "phylum": "Ascomycota", "class": "Leotiomycetes", "order": "Helotiales", "superfamily": null, "family": "Erysiphaceae", "subfamily": null, "tribe": null, "subtribe": null, "genus": "Erysiphe", "genericName": "Erysiphe", "subgenus": null, "infragenericEpithet": null, "specificEpithet": "platani", "infraspecificEpithet": null, "cultivarEpithet": null, "taxonRank": "SPECIES", "verbatimTaxonRank": null, "vernacularName": null, "nomenclaturalCode": null, "taxonomicStatus": "ACCEPTED", "nomenclaturalStatus": null, "taxonRemarks": null, "datasetKey": "50c9509d-22c7-4a22-a47d-8c48425ef4a7", "publishingCountry": "US", "lastInterpreted": "2025-10-14T15:35:39.427Z", "elevation": null, "elevationAccuracy": null, "depth": null, "depthAccuracy": null, "distanceFromCentroidInMeters": null, "issue": "COORDINATE_ROUNDED;CONTINENT_DERIVED_FROM_COORDINATES;TAXON_ID_NOT_FOUND", "taxonomicIssue": "TAXON_ID_NOT_FOUND", "nonTaxonomicIssue": null, "mediaType": "StillImage;StillImage", "hasCoordinate": true, "hasGeospatialIssues": false, "taxonKey": 2578515, "acceptedTaxonKey": 2578515, "kingdomKey": 5, "phylumKey": 95, "classKey": 179, "orderKey": 1052, "familyKey": 8379, "genusKey": 2578311, "subgenusKey": null, "speciesKey": 2578515, "species": "Erysiphe platani", "acceptedScientificName": "Erysiphe platani (Howe) U.Braun & S.Takam.", "verbatimScientificName": "Erysiphe platani", "typifiedName": null, "protocol": "DWC_ARCHIVE", "lastParsed": "2025-10-14T15:35:39.427Z", "lastCrawled": "2025-10-14T04:54:04.400Z", "isInvasive": null, "repatriated": false, "relativeOrganismQuantity": null, "projectId": "https://www.inaturalist.org/projects/fungi-of-the-california-floristic-province;https://www.inaturalist.org/projects/los-angeles-city-biodiversity-initiative;https://www.inaturalist.org/projects/non-metazoan-plant-diseases-of-north-america", "isSequenced": false, "gbifRegion": "NORTH_AMERICA", "publishedByGbifRegion": "NORTH_AMERICA", "level0Gid": "USA", "level0Name": "United States", "level1Gid": "USA.5_1", "level1Name": "California", "level2Gid": "USA.5.19_1", "level2Name": "Los Angeles", "level3Gid": null, "level3Name": null, "iucnRedListCategory": null, "type_2": "StillImage", "format": "image/jpeg", "identifier": "https://inaturalist-open-data.s3.amazonaws.com/photos/48303734/original.jpg", "references_2": "https://www.inaturalist.org/photos/48303734" }, "geometry": { "type": "Point", "coordinates": [ -118.243019, 34.101141 ] } },
{ "type": "Feature", "properties": { "gbifID": 4120956559, "accessRights": null, "bibliographicCitation": null, "language": null, "license": "CC_BY_NC_4_0", "modified": "2023-05-20T02:18:59Z", "publisher": "iNaturalist.org", "references": "https://www.inaturalist.org/observations/156066381", "rightsHolder": "rossblocher", "type": null, "institutionID": null, "collectionID": null, "datasetID": null, "institutionCode": "iNaturalist", "collectionCode": "Observations", "datasetName": "iNaturalist research-grade observations", "ownerInstitutionCode": null, "basisOfRecord": "HUMAN_OBSERVATION", "informationWithheld": null, "dataGeneralizations": null, "dynamicProperties": null, "occurrenceID": "https://www.inaturalist.org/observations/156066381", "catalogNumber": 156066381, "recordNumber": null, "recordedBy": "rossblocher", "recordedByID": null, "individualCount": null, "organismQuantity": null, "organismQuantityType": null, "sex": null, "lifeStage": null, "reproductiveCondition": null, "caste": null, "behavior": null, "vitality": null, "establishmentMeans": null, "degreeOfEstablishment": null, "pathway": null, "georeferenceVerificationStatus": null, "occurrenceStatus": "PRESENT", "preparations": null, "disposition": null, "associatedOccurrences": null, "associatedReferences": null, "associatedSequences": null, "associatedTaxa": null, "otherCatalogNumbers": null, "occurrenceRemarks": null, "organismID": null, "organismName": null, "organismScope": null, "associatedOrganisms": null, "previousIdentifications": null, "organismRemarks": null, "materialEntityID": null, "materialEntityRemarks": null, "verbatimLabel": null, "materialSampleID": null, "eventID": null, "parentEventID": null, "eventType": null, "fieldNumber": null, "eventDate": "2023-04-22", "eventTime": "08:59:34", "startDayOfYear": 112, "endDayOfYear": 112, "year": 2023, "month": 4, "day": 22, "verbatimEventDate": "2023-04-22 08:59:34-07:00", "habitat": null, "samplingProtocol": null, "sampleSizeValue": null, "sampleSizeUnit": null, "samplingEffort": null, "fieldNotes": null, "eventRemarks": null, "locationID": null, "higherGeographyID": null, "higherGeography": null, "continent": "NORTH_AMERICA", "waterBody": null, "islandGroup": null, "island": null, "countryCode": "US", "stateProvince": "California", "county": null, "municipality": null, "locality": null, "verbatimLocality": "Central la River Path, Los Angeles, CA, US", "verbatimElevation": null, "verticalDatum": null, "verbatimDepth": null, "minimumDistanceAboveSurfaceInMeters": null, "maximumDistanceAboveSurfaceInMeters": null, "locationAccordingTo": null, "locationRemarks": null, "decimalLatitude": 34.098901, "decimalLongitude": -118.242588, "coordinateUncertaintyInMeters": 14.0, "coordinatePrecision": null, "pointRadiusSpatialFit": null, "verbatimCoordinateSystem": null, "verbatimSRS": null, "footprintWKT": null, "footprintSRS": null, "footprintSpatialFit": null, "georeferencedBy": null, "georeferencedDate": null, "georeferenceProtocol": null, "georeferenceSources": null, "georeferenceRemarks": null, "geologicalContextID": null, "earliestEonOrLowestEonothem": null, "latestEonOrHighestEonothem": null, "earliestEraOrLowestErathem": null, "latestEraOrHighestErathem": null, "earliestPeriodOrLowestSystem": null, "latestPeriodOrHighestSystem": null, "earliestEpochOrLowestSeries": null, "latestEpochOrHighestSeries": null, "earliestAgeOrLowestStage": null, "latestAgeOrHighestStage": null, "lowestBiostratigraphicZone": null, "highestBiostratigraphicZone": null, "lithostratigraphicTerms": null, "group": null, "formation": null, "member": null, "bed": null, "identificationID": 352654536, "verbatimIdentification": null, "identificationQualifier": null, "typeStatus": null, "identifiedBy": "rossblocher", "identifiedByID": null, "dateIdentified": "2023-04-22", "identificationReferences": null, "identificationVerificationStatus": null, "identificationRemarks": null, "taxonID": 349998, "scientificNameID": null, "acceptedNameUsageID": 5898938, "parentNameUsageID": null, "originalNameUsageID": null, "nameAccordingToID": null, "namePublishedInID": null, "taxonConceptID": null, "scientificName": "Agaricus deserticola G.Moreno, Esqueda & Lizárraga", "acceptedNameUsage": null, "parentNameUsage": null, "originalNameUsage": null, "nameAccordingTo": null, "namePublishedIn": null, "namePublishedInYear": null, "higherClassification": null, "kingdom": "Fungi", "phylum": "Basidiomycota", "class": "Agaricomycetes", "order": "Agaricales", "superfamily": null, "family": "Agaricaceae", "subfamily": null, "tribe": null, "subtribe": null, "genus": "Agaricus", "genericName": "Agaricus", "subgenus": null, "infragenericEpithet": null, "specificEpithet": "deserticola", "infraspecificEpithet": null, "cultivarEpithet": null, "taxonRank": "SPECIES", "verbatimTaxonRank": null, "vernacularName": null, "nomenclaturalCode": null, "taxonomicStatus": "ACCEPTED", "nomenclaturalStatus": null, "taxonRemarks": null, "datasetKey": "50c9509d-22c7-4a22-a47d-8c48425ef4a7", "publishingCountry": "US", "lastInterpreted": "2025-10-14T17:41:29.355Z", "elevation": null, "elevationAccuracy": null, "depth": null, "depthAccuracy": null, "distanceFromCentroidInMeters": null, "issue": "COORDINATE_ROUNDED;CONTINENT_DERIVED_FROM_COORDINATES;TAXON_ID_NOT_FOUND", "taxonomicIssue": "TAXON_ID_NOT_FOUND", "nonTaxonomicIssue": null, "mediaType": "StillImage", "hasCoordinate": true, "hasGeospatialIssues": false, "taxonKey": 5898938, "acceptedTaxonKey": 5898938, "kingdomKey": 5, "phylumKey": 34, "classKey": 186, "orderKey": 1499, "familyKey": 4170, "genusKey": 2518646, "subgenusKey": null, "speciesKey": 5898938, "species": "Agaricus deserticola", "acceptedScientificName": "Agaricus deserticola G.Moreno, Esqueda & Lizárraga", "verbatimScientificName": "Agaricus deserticola", "typifiedName": null, "protocol": "DWC_ARCHIVE", "lastParsed": "2025-10-14T17:41:29.355Z", "lastCrawled": "2025-10-14T04:54:04.400Z", "isInvasive": null, "repatriated": false, "relativeOrganismQuantity": null, "projectId": "https://www.inaturalist.org/projects/fungi-of-the-california-floristic-province", "isSequenced": false, "gbifRegion": "NORTH_AMERICA", "publishedByGbifRegion": "NORTH_AMERICA", "level0Gid": "USA", "level0Name": "United States", "level1Gid": "USA.5_1", "level1Name": "California", "level2Gid": "USA.5.19_1", "level2Name": "Los Angeles", "level3Gid": null, "level3Name": null, "iucnRedListCategory": null, "type_2": "StillImage", "format": "image/jpeg", "identifier": "https://inaturalist-open-data.s3.amazonaws.com/photos/269828575/original.jpg", "references_2": "https://www.inaturalist.org/photos/269828575" }, "geometry": { "type": "Point", "coordinates": [ -118.242588, 34.098901 ] } },
{ "type": "Feature", "properties": { "gbifID": 5133660599, "accessRights": null, "bibliographicCitation": null, "language": null, "license": "CC_BY_NC_4_0", "modified": "2025-04-16T01:52:33Z", "publisher": "iNaturalist.org", "references": "https://www.inaturalist.org/observations/248558411", "rightsHolder": "Boaz Benaiah Solorio", "type": null, "institutionID": null, "collectionID": null, "datasetID": null, "institutionCode": "iNaturalist", "collectionCode": "Observations", "datasetName": "iNaturalist research-grade observations", "ownerInstitutionCode": null, "basisOfRecord": "HUMAN_OBSERVATION", "informationWithheld": null, "dataGeneralizations": null, "dynamicProperties": null, "occurrenceID": "https://www.inaturalist.org/observations/248558411", "catalogNumber": 248558411, "recordNumber": null, "recordedBy": "Boaz Benaiah Solorio", "recordedByID": null, "individualCount": null, "organismQuantity": null, "organismQuantityType": null, "sex": null, "lifeStage": null, "reproductiveCondition": null, "caste": null, "behavior": null, "vitality": null, "establishmentMeans": null, "degreeOfEstablishment": null, "pathway": null, "georeferenceVerificationStatus": null, "occurrenceStatus": "PRESENT", "preparations": null, "disposition": null, "associatedOccurrences": null, "associatedReferences": null, "associatedSequences": null, "associatedTaxa": null, "otherCatalogNumbers": null, "occurrenceRemarks": null, "organismID": null, "organismName": null, "organismScope": null, "associatedOrganisms": null, "previousIdentifications": null, "organismRemarks": null, "materialEntityID": null, "materialEntityRemarks": null, "verbatimLabel": null, "materialSampleID": null, "eventID": null, "parentEventID": null, "eventType": null, "fieldNumber": null, "eventDate": "2024-10-21", "eventTime": "14:10:00", "startDayOfYear": 295, "endDayOfYear": 295, "year": 2024, "month": 10, "day": 21, "verbatimEventDate": "2024-10-21 14:10:00", "habitat": null, "samplingProtocol": null, "sampleSizeValue": null, "sampleSizeUnit": null, "samplingEffort": null, "fieldNotes": null, "eventRemarks": null, "locationID": null, "higherGeographyID": null, "higherGeography": null, "continent": "NORTH_AMERICA", "waterBody": null, "islandGroup": null, "island": null, "countryCode": "US", "stateProvince": "California", "county": null, "municipality": null, "locality": null, "verbatimLocality": "Atwater Village, Los Angeles, CA 90039, USA", "verbatimElevation": null, "verticalDatum": null, "verbatimDepth": null, "minimumDistanceAboveSurfaceInMeters": null, "maximumDistanceAboveSurfaceInMeters": null, "locationAccordingTo": null, "locationRemarks": null, "decimalLatitude": 34.108046, "decimalLongitude": -118.246718, "coordinateUncertaintyInMeters": 443.0, "coordinatePrecision": null, "pointRadiusSpatialFit": null, "verbatimCoordinateSystem": null, "verbatimSRS": null, "footprintWKT": null, "footprintSRS": null, "footprintSpatialFit": null, "georeferencedBy": null, "georeferencedDate": null, "georeferenceProtocol": null, "georeferenceSources": null, "georeferenceRemarks": null, "geologicalContextID": null, "earliestEonOrLowestEonothem": null, "latestEonOrHighestEonothem": null, "earliestEraOrLowestErathem": null, "latestEraOrHighestErathem": null, "earliestPeriodOrLowestSystem": null, "latestPeriodOrHighestSystem": null, "earliestEpochOrLowestSeries": null, "latestEpochOrHighestSeries": null, "earliestAgeOrLowestStage": null, "latestAgeOrHighestStage": null, "lowestBiostratigraphicZone": null, "highestBiostratigraphicZone": null, "lithostratigraphicTerms": null, "group": null, "formation": null, "member": null, "bed": null, "identificationID": 613461306, "verbatimIdentification": null, "identificationQualifier": null, "typeStatus": null, "identifiedBy": "Justin Paulin", "identifiedByID": null, "dateIdentified": "2025-04-16", "identificationReferences": null, "identificationVerificationStatus": null, "identificationRemarks": null, "taxonID": 1000236, "scientificNameID": null, "acceptedNameUsageID": 2514069, "parentNameUsageID": null, "originalNameUsageID": null, "nameAccordingToID": null, "namePublishedInID": null, "taxonConceptID": null, "scientificName": "Melampsora occidentalis H.S.Jacks.", "acceptedNameUsage": null, "parentNameUsage": null, "originalNameUsage": null, "nameAccordingTo": null, "namePublishedIn": null, "namePublishedInYear": null, "higherClassification": null, "kingdom": "Fungi", "phylum": "Basidiomycota", "class": "Pucciniomycetes", "order": "Pucciniales", "superfamily": null, "family": "Melampsoraceae", "subfamily": null, "tribe": null, "subtribe": null, "genus": "Melampsora", "genericName": "Melampsora", "subgenus": null, "infragenericEpithet": null, "specificEpithet": "occidentalis", "infraspecificEpithet": null, "cultivarEpithet": null, "taxonRank": "SPECIES", "verbatimTaxonRank": null, "vernacularName": null, "nomenclaturalCode": null, "taxonomicStatus": "ACCEPTED", "nomenclaturalStatus": null, "taxonRemarks": null, "datasetKey": "50c9509d-22c7-4a22-a47d-8c48425ef4a7", "publishingCountry": "US", "lastInterpreted": "2025-10-14T19:03:04.573Z", "elevation": null, "elevationAccuracy": null, "depth": null, "depthAccuracy": null, "distanceFromCentroidInMeters": null, "issue": "COORDINATE_ROUNDED;CONTINENT_DERIVED_FROM_COORDINATES;TAXON_ID_NOT_FOUND", "taxonomicIssue": "TAXON_ID_NOT_FOUND", "nonTaxonomicIssue": null, "mediaType": "StillImage;StillImage", "hasCoordinate": true, "hasGeospatialIssues": false, "taxonKey": 2514069, "acceptedTaxonKey": 2514069, "kingdomKey": 5, "phylumKey": 34, "classKey": 270, "orderKey": 1126, "familyKey": 3253, "genusKey": 2513275, "subgenusKey": null, "speciesKey": 2514069, "species": "Melampsora occidentalis", "acceptedScientificName": "Melampsora occidentalis H.S.Jacks.", "verbatimScientificName": "Melampsora occidentalis", "typifiedName": null, "protocol": "DWC_ARCHIVE", "lastParsed": "2025-10-14T19:03:04.573Z", "lastCrawled": "2025-10-14T04:54:04.400Z", "isInvasive": null, "repatriated": false, "relativeOrganismQuantity": null, "projectId": "https://www.inaturalist.org/projects/fungi-of-the-california-floristic-province", "isSequenced": false, "gbifRegion": "NORTH_AMERICA", "publishedByGbifRegion": "NORTH_AMERICA", "level0Gid": "USA", "level0Name": "United States", "level1Gid": "USA.5_1", "level1Name": "California", "level2Gid": "USA.5.19_1", "level2Name": "Los Angeles", "level3Gid": null, "level3Name": null, "iucnRedListCategory": null, "type_2": "StillImage", "format": "image/jpeg", "identifier": "https://inaturalist-open-data.s3.amazonaws.com/photos/444149281/original.jpg", "references_2": "https://www.inaturalist.org/photos/444149281" }, "geometry": { "type": "Point", "coordinates": [ -118.246718, 34.108046 ] } },
{ "type": "Feature", "properties": { "gbifID": 3338107519, "accessRights": null, "bibliographicCitation": null, "language": null, "license": "CC_BY_NC_4_0", "modified": "2021-08-18T23:38:38Z", "publisher": "iNaturalist.org", "references": "https://www.inaturalist.org/observations/91590816", "rightsHolder": "leighlaughing", "type": null, "institutionID": null, "collectionID": null, "datasetID": null, "institutionCode": "iNaturalist", "collectionCode": "Observations", "datasetName": "iNaturalist research-grade observations", "ownerInstitutionCode": null, "basisOfRecord": "HUMAN_OBSERVATION", "informationWithheld": null, "dataGeneralizations": null, "dynamicProperties": null, "occurrenceID": "https://www.inaturalist.org/observations/91590816", "catalogNumber": 91590816, "recordNumber": null, "recordedBy": "leighlaughing", "recordedByID": null, "individualCount": null, "organismQuantity": null, "organismQuantityType": null, "sex": null, "lifeStage": null, "reproductiveCondition": null, "caste": null, "behavior": null, "vitality": null, "establishmentMeans": null, "degreeOfEstablishment": null, "pathway": null, "georeferenceVerificationStatus": null, "occurrenceStatus": "PRESENT", "preparations": null, "disposition": null, "associatedOccurrences": null, "associatedReferences": null, "associatedSequences": null, "associatedTaxa": null, "otherCatalogNumbers": null, "occurrenceRemarks": null, "organismID": null, "organismName": null, "organismScope": null, "associatedOrganisms": null, "previousIdentifications": null, "organismRemarks": null, "materialEntityID": null, "materialEntityRemarks": null, "verbatimLabel": null, "materialSampleID": null, "eventID": null, "parentEventID": null, "eventType": null, "fieldNumber": null, "eventDate": "2021-08-17", "eventTime": "07:33:52", "startDayOfYear": 229, "endDayOfYear": 229, "year": 2021, "month": 8, "day": 17, "verbatimEventDate": "Tue Aug 17 2021 07:33:52 GMT-0700 (PDT)", "habitat": null, "samplingProtocol": null, "sampleSizeValue": null, "sampleSizeUnit": null, "samplingEffort": null, "fieldNotes": null, "eventRemarks": null, "locationID": null, "higherGeographyID": null, "higherGeography": null, "continent": "NORTH_AMERICA", "waterBody": null, "islandGroup": null, "island": null, "countryCode": "US", "stateProvince": "California", "county": null, "municipality": null, "locality": null, "verbatimLocality": "N Avenue 18, Los Angeles, CA, US", "verbatimElevation": null, "verticalDatum": null, "verbatimDepth": null, "minimumDistanceAboveSurfaceInMeters": null, "maximumDistanceAboveSurfaceInMeters": null, "locationAccordingTo": null, "locationRemarks": null, "decimalLatitude": 34.073136, "decimalLongitude": -118.224153, "coordinateUncertaintyInMeters": 22.0, "coordinatePrecision": null, "pointRadiusSpatialFit": null, "verbatimCoordinateSystem": null, "verbatimSRS": null, "footprintWKT": null, "footprintSRS": null, "footprintSpatialFit": null, "georeferencedBy": null, "georeferencedDate": null, "georeferenceProtocol": null, "georeferenceSources": null, "georeferenceRemarks": null, "geologicalContextID": null, "earliestEonOrLowestEonothem": null, "latestEonOrHighestEonothem": null, "earliestEraOrLowestErathem": null, "latestEraOrHighestErathem": null, "earliestPeriodOrLowestSystem": null, "latestPeriodOrHighestSystem": null, "earliestEpochOrLowestSeries": null, "latestEpochOrHighestSeries": null, "earliestAgeOrLowestStage": null, "latestAgeOrHighestStage": null, "lowestBiostratigraphicZone": null, "highestBiostratigraphicZone": null, "lithostratigraphicTerms": null, "group": null, "formation": null, "member": null, "bed": null, "identificationID": 200165299, "verbatimIdentification": null, "identificationQualifier": null, "typeStatus": null, "identifiedBy": "leighlaughing", "identifiedByID": null, "dateIdentified": "2021-08-18", "identificationReferences": null, "identificationVerificationStatus": null, "identificationRemarks": null, "taxonID": 344410, "scientificNameID": null, "acceptedNameUsageID": 2541659, "parentNameUsageID": null, "originalNameUsageID": null, "nameAccordingToID": null, "namePublishedInID": null, "taxonConceptID": null, "scientificName": "Ceriporia spissa (Schwein. ex Fr.) Rajchenb.", "acceptedNameUsage": null, "parentNameUsage": null, "originalNameUsage": null, "nameAccordingTo": null, "namePublishedIn": null, "namePublishedInYear": null, "higherClassification": null, "kingdom": "Fungi", "phylum": "Basidiomycota", "class": "Agaricomycetes", "order": "Polyporales", "superfamily": null, "family": "Irpicaceae", "subfamily": null, "tribe": null, "subtribe": null, "genus": "Ceriporia", "genericName": "Ceriporia", "subgenus": null, "infragenericEpithet": null, "specificEpithet": "spissa", "infraspecificEpithet": null, "cultivarEpithet": null, "taxonRank": "SPECIES", "verbatimTaxonRank": null, "vernacularName": null, "nomenclaturalCode": null, "taxonomicStatus": "ACCEPTED", "nomenclaturalStatus": null, "taxonRemarks": null, "datasetKey": "50c9509d-22c7-4a22-a47d-8c48425ef4a7", "publishingCountry": "US", "lastInterpreted": "2025-10-14T17:14:49.077Z", "elevation": null, "elevationAccuracy": null, "depth": null, "depthAccuracy": null, "distanceFromCentroidInMeters": null, "issue": "COORDINATE_ROUNDED;CONTINENT_DERIVED_FROM_COORDINATES;TAXON_ID_NOT_FOUND", "taxonomicIssue": "TAXON_ID_NOT_FOUND", "nonTaxonomicIssue": null, "mediaType": "StillImage", "hasCoordinate": true, "hasGeospatialIssues": false, "taxonKey": 2541659, "acceptedTaxonKey": 2541659, "kingdomKey": 5, "phylumKey": 34, "classKey": 186, "orderKey": 1145, "familyKey": 3292639, "genusKey": 2519085, "subgenusKey": null, "speciesKey": 2541659, "species": "Ceriporia spissa", "acceptedScientificName": "Ceriporia spissa (Schwein. ex Fr.) Rajchenb.", "verbatimScientificName": "Ceriporia spissa", "typifiedName": null, "protocol": "DWC_ARCHIVE", "lastParsed": "2025-10-14T17:14:49.077Z", "lastCrawled": "2025-10-14T04:54:04.400Z", "isInvasive": null, "repatriated": false, "relativeOrganismQuantity": null, "projectId": "https://www.inaturalist.org/projects/fungi-of-the-california-floristic-province", "isSequenced": false, "gbifRegion": "NORTH_AMERICA", "publishedByGbifRegion": "NORTH_AMERICA", "level0Gid": "USA", "level0Name": "United States", "level1Gid": "USA.5_1", "level1Name": "California", "level2Gid": "USA.5.19_1", "level2Name": "Los Angeles", "level3Gid": null, "level3Name": null, "iucnRedListCategory": null, "type_2": "StillImage", "format": "image/jpeg", "identifier": "https://inaturalist-open-data.s3.amazonaws.com/photos/151528945/original.jpg", "references_2": "https://www.inaturalist.org/photos/151528945" }, "geometry": { "type": "Point", "coordinates": [ -118.224153, 34.073136 ] } },
{ "type": "Feature", "properties": { "gbifID": 4936211339, "accessRights": null, "bibliographicCitation": null, "language": null, "license": "CC_BY_NC_4_0", "modified": "2024-08-31T02:09:11Z", "publisher": "iNaturalist.org", "references": "https://www.inaturalist.org/observations/146646308", "rightsHolder": "naturephotosuze", "type": null, "institutionID": null, "collectionID": null, "datasetID": null, "institutionCode": "iNaturalist", "collectionCode": "Observations", "datasetName": "iNaturalist research-grade observations", "ownerInstitutionCode": null, "basisOfRecord": "HUMAN_OBSERVATION", "informationWithheld": null, "dataGeneralizations": null, "dynamicProperties": null, "occurrenceID": "https://www.inaturalist.org/observations/146646308", "catalogNumber": 146646308, "recordNumber": null, "recordedBy": "naturephotosuze", "recordedByID": null, "individualCount": null, "organismQuantity": null, "organismQuantityType": null, "sex": null, "lifeStage": null, "reproductiveCondition": null, "caste": null, "behavior": null, "vitality": null, "establishmentMeans": null, "degreeOfEstablishment": null, "pathway": null, "georeferenceVerificationStatus": null, "occurrenceStatus": "PRESENT", "preparations": null, "disposition": null, "associatedOccurrences": null, "associatedReferences": null, "associatedSequences": null, "associatedTaxa": null, "otherCatalogNumbers": null, "occurrenceRemarks": "LA River Colfax", "organismID": null, "organismName": null, "organismScope": null, "associatedOrganisms": null, "previousIdentifications": null, "organismRemarks": null, "materialEntityID": null, "materialEntityRemarks": null, "verbatimLabel": null, "materialSampleID": null, "eventID": null, "parentEventID": null, "eventType": null, "fieldNumber": null, "eventDate": "2023-01-15", "eventTime": "10:01:00", "startDayOfYear": 15, "endDayOfYear": 15, "year": 2023, "month": 1, "day": 15, "verbatimEventDate": "2023/01/15 10:01 AM", "habitat": null, "samplingProtocol": null, "sampleSizeValue": null, "sampleSizeUnit": null, "samplingEffort": null, "fieldNotes": null, "eventRemarks": null, "locationID": null, "higherGeographyID": null, "higherGeography": null, "continent": "NORTH_AMERICA", "waterBody": null, "islandGroup": null, "island": null, "countryCode": "US", "stateProvince": "California", "county": null, "municipality": null, "locality": null, "verbatimLocality": "Studio City, Los Angeles, CA, USA", "verbatimElevation": null, "verticalDatum": null, "verbatimDepth": null, "minimumDistanceAboveSurfaceInMeters": null, "maximumDistanceAboveSurfaceInMeters": null, "locationAccordingTo": null, "locationRemarks": null, "decimalLatitude": 34.14032, "decimalLongitude": -118.381103, "coordinateUncertaintyInMeters": 8.0, "coordinatePrecision": null, "pointRadiusSpatialFit": null, "verbatimCoordinateSystem": null, "verbatimSRS": null, "footprintWKT": null, "footprintSRS": null, "footprintSpatialFit": null, "georeferencedBy": null, "georeferencedDate": null, "georeferenceProtocol": null, "georeferenceSources": null, "georeferenceRemarks": null, "geologicalContextID": null, "earliestEonOrLowestEonothem": null, "latestEonOrHighestEonothem": null, "earliestEraOrLowestErathem": null, "latestEraOrHighestErathem": null, "earliestPeriodOrLowestSystem": null, "latestPeriodOrHighestSystem": null, "earliestEpochOrLowestSeries": null, "latestEpochOrHighestSeries": null, "earliestAgeOrLowestStage": null, "latestAgeOrHighestStage": null, "lowestBiostratigraphicZone": null, "highestBiostratigraphicZone": null, "lithostratigraphicTerms": null, "group": null, "formation": null, "member": null, "bed": null, "identificationID": 327476839, "verbatimIdentification": null, "identificationQualifier": null, "typeStatus": null, "identifiedBy": "naturephotosuze", "identifiedByID": null, "dateIdentified": "2023-01-15", "identificationReferences": null, "identificationVerificationStatus": null, "identificationRemarks": null, "taxonID": 335964, "scientificNameID": null, "acceptedNameUsageID": 5243660, "parentNameUsageID": null, "originalNameUsageID": null, "nameAccordingToID": null, "namePublishedInID": null, "taxonConceptID": null, "scientificName": "Henningsomyces candidus (Pers.) Kuntze", "acceptedNameUsage": null, "parentNameUsage": null, "originalNameUsage": null, "nameAccordingTo": null, "namePublishedIn": null, "namePublishedInYear": null, "higherClassification": null, "kingdom": "Fungi", "phylum": "Basidiomycota", "class": "Agaricomycetes", "order": "Agaricales", "superfamily": null, "family": "Marasmiaceae", "subfamily": null, "tribe": null, "subtribe": null, "genus": "Henningsomyces", "genericName": "Henningsomyces", "subgenus": null, "infragenericEpithet": null, "specificEpithet": "candidus", "infraspecificEpithet": null, "cultivarEpithet": null, "taxonRank": "SPECIES", "verbatimTaxonRank": null, "vernacularName": null, "nomenclaturalCode": null, "taxonomicStatus": "ACCEPTED", "nomenclaturalStatus": null, "taxonRemarks": null, "datasetKey": "50c9509d-22c7-4a22-a47d-8c48425ef4a7", "publishingCountry": "US", "lastInterpreted": "2025-10-14T17:38:23.238Z", "elevation": null, "elevationAccuracy": null, "depth": null, "depthAccuracy": null, "distanceFromCentroidInMeters": null, "issue": "COORDINATE_ROUNDED;CONTINENT_DERIVED_FROM_COORDINATES;TAXON_ID_NOT_FOUND", "taxonomicIssue": "TAXON_ID_NOT_FOUND", "nonTaxonomicIssue": null, "mediaType": null, "hasCoordinate": true, "hasGeospatialIssues": false, "taxonKey": 5243660, "acceptedTaxonKey": 5243660, "kingdomKey": 5, "phylumKey": 34, "classKey": 186, "orderKey": 1499, "familyKey": 4179, "genusKey": 2527852, "subgenusKey": null, "speciesKey": 5243660, "species": "Henningsomyces candidus", "acceptedScientificName": "Henningsomyces candidus (Pers.) Kuntze", "verbatimScientificName": "Henningsomyces candidus", "typifiedName": null, "protocol": "DWC_ARCHIVE", "lastParsed": "2025-10-14T17:38:23.238Z", "lastCrawled": "2025-10-14T04:54:04.400Z", "isInvasive": null, "repatriated": false, "relativeOrganismQuantity": null, "projectId": "https://www.inaturalist.org/projects/fungi-of-the-california-floristic-province", "isSequenced": false, "gbifRegion": "NORTH_AMERICA", "publishedByGbifRegion": "NORTH_AMERICA", "level0Gid": "USA", "level0Name": "United States", "level1Gid": "USA.5_1", "level1Name": "California", "level2Gid": "USA.5.19_1", "level2Name": "Los Angeles", "level3Gid": null, "level3Name": null, "iucnRedListCategory": null, "type_2": null, "format": null, "identifier": null, "references_2": null }, "geometry": { "type": "Point", "coordinates": [ -118.381103, 34.14032 ] } },
{ "type": "Feature", "properties": { "gbifID": 5840455885, "accessRights": null, "bibliographicCitation": null, "language": null, "license": "CC_BY_NC_4_0", "modified": "2025-10-02T18:51:38Z", "publisher": "iNaturalist.org", "references": "https://www.inaturalist.org/observations/318225726", "rightsHolder": "M.R. Perry", "type": null, "institutionID": null, "collectionID": null, "datasetID": null, "institutionCode": "iNaturalist", "collectionCode": "Observations", "datasetName": "iNaturalist research-grade observations", "ownerInstitutionCode": null, "basisOfRecord": "HUMAN_OBSERVATION", "informationWithheld": null, "dataGeneralizations": null, "dynamicProperties": null, "occurrenceID": "https://www.inaturalist.org/observations/318225726", "catalogNumber": 318225726, "recordNumber": null, "recordedBy": "M.R. Perry", "recordedByID": null, "individualCount": null, "organismQuantity": null, "organismQuantityType": null, "sex": null, "lifeStage": null, "reproductiveCondition": null, "caste": null, "behavior": null, "vitality": null, "establishmentMeans": null, "degreeOfEstablishment": null, "pathway": null, "georeferenceVerificationStatus": null, "occurrenceStatus": "PRESENT", "preparations": null, "disposition": null, "associatedOccurrences": null, "associatedReferences": null, "associatedSequences": null, "associatedTaxa": null, "otherCatalogNumbers": null, "occurrenceRemarks": null, "organismID": null, "organismName": null, "organismScope": null, "associatedOrganisms": null, "previousIdentifications": null, "organismRemarks": null, "materialEntityID": null, "materialEntityRemarks": null, "verbatimLabel": null, "materialSampleID": null, "eventID": null, "parentEventID": null, "eventType": null, "fieldNumber": null, "eventDate": "2025-10-02", "eventTime": "09:36:59", "startDayOfYear": 275, "endDayOfYear": 275, "year": 2025, "month": 10, "day": 2, "verbatimEventDate": "2025-10-02 09:36:59-07:00", "habitat": null, "samplingProtocol": null, "sampleSizeValue": null, "sampleSizeUnit": null, "samplingEffort": null, "fieldNotes": null, "eventRemarks": null, "locationID": null, "higherGeographyID": null, "higherGeography": null, "continent": "NORTH_AMERICA", "waterBody": null, "islandGroup": null, "island": null, "countryCode": "US", "stateProvince": "California", "county": null, "municipality": null, "locality": null, "verbatimLocality": "Griffith Park, Los Angeles, CA, US", "verbatimElevation": null, "verticalDatum": null, "verbatimDepth": null, "minimumDistanceAboveSurfaceInMeters": null, "maximumDistanceAboveSurfaceInMeters": null, "locationAccordingTo": null, "locationRemarks": null, "decimalLatitude": 34.121958, "decimalLongitude": -118.269363, "coordinateUncertaintyInMeters": 24.0, "coordinatePrecision": null, "pointRadiusSpatialFit": null, "verbatimCoordinateSystem": null, "verbatimSRS": null, "footprintWKT": null, "footprintSRS": null, "footprintSpatialFit": null, "georeferencedBy": null, "georeferencedDate": null, "georeferenceProtocol": null, "georeferenceSources": null, "georeferenceRemarks": null, "geologicalContextID": null, "earliestEonOrLowestEonothem": null, "latestEonOrHighestEonothem": null, "earliestEraOrLowestErathem": null, "latestEraOrHighestErathem": null, "earliestPeriodOrLowestSystem": null, "latestPeriodOrHighestSystem": null, "earliestEpochOrLowestSeries": null, "latestEpochOrHighestSeries": null, "earliestAgeOrLowestStage": null, "latestAgeOrHighestStage": null, "lowestBiostratigraphicZone": null, "highestBiostratigraphicZone": null, "lithostratigraphicTerms": null, "group": null, "formation": null, "member": null, "bed": null, "identificationID": 706618164, "verbatimIdentification": null, "identificationQualifier": null, "typeStatus": null, "identifiedBy": "else", "identifiedByID": null, "dateIdentified": "2025-10-02", "identificationReferences": null, "identificationVerificationStatus": null, "identificationRemarks": "The two Laetiporus species that occur in California are L. gilbertsonii on hardwoods (often oaks and eucalypts), and L. conifericola on conifers. Laetiporus sulphureus grows in the eastern part of North America and in Europe.", "taxonID": 120154, "scientificNameID": null, "acceptedNameUsageID": 6016762, "parentNameUsageID": null, "originalNameUsageID": null, "nameAccordingToID": null, "namePublishedInID": null, "taxonConceptID": null, "scientificName": "Laetiporus gilbertsonii Burds.", "acceptedNameUsage": null, "parentNameUsage": null, "originalNameUsage": null, "nameAccordingTo": null, "namePublishedIn": null, "namePublishedInYear": null, "higherClassification": null, "kingdom": "Fungi", "phylum": "Basidiomycota", "class": "Agaricomycetes", "order": "Polyporales", "superfamily": null, "family": "Laetiporaceae", "subfamily": null, "tribe": null, "subtribe": null, "genus": "Laetiporus", "genericName": "Laetiporus", "subgenus": null, "infragenericEpithet": null, "specificEpithet": "gilbertsonii", "infraspecificEpithet": null, "cultivarEpithet": null, "taxonRank": "SPECIES", "verbatimTaxonRank": null, "vernacularName": null, "nomenclaturalCode": null, "taxonomicStatus": "ACCEPTED", "nomenclaturalStatus": null, "taxonRemarks": null, "datasetKey": "50c9509d-22c7-4a22-a47d-8c48425ef4a7", "publishingCountry": "US", "lastInterpreted": "2025-10-14T19:19:50.283Z", "elevation": null, "elevationAccuracy": null, "depth": null, "depthAccuracy": null, "distanceFromCentroidInMeters": null, "issue": "COORDINATE_ROUNDED;CONTINENT_DERIVED_FROM_COORDINATES;TAXON_ID_NOT_FOUND", "taxonomicIssue": "TAXON_ID_NOT_FOUND", "nonTaxonomicIssue": null, "mediaType": "StillImage", "hasCoordinate": true, "hasGeospatialIssues": false, "taxonKey": 6016762, "acceptedTaxonKey": 6016762, "kingdomKey": 5, "phylumKey": 34, "classKey": 186, "orderKey": 1145, "familyKey": 3272667, "genusKey": 2542160, "subgenusKey": null, "speciesKey": 6016762, "species": "Laetiporus gilbertsonii", "acceptedScientificName": "Laetiporus gilbertsonii Burds.", "verbatimScientificName": "Laetiporus gilbertsonii", "typifiedName": null, "protocol": "DWC_ARCHIVE", "lastParsed": "2025-10-14T19:19:50.283Z", "lastCrawled": "2025-10-14T04:54:04.400Z", "isInvasive": null, "repatriated": false, "relativeOrganismQuantity": null, "projectId": "https://www.inaturalist.org/projects/biodiversity-of-griffith-park-los-angeles-california;https://www.inaturalist.org/projects/fungi-of-the-california-floristic-province", "isSequenced": false, "gbifRegion": "NORTH_AMERICA", "publishedByGbifRegion": "NORTH_AMERICA", "level0Gid": "USA", "level0Name": "United States", "level1Gid": "USA.5_1", "level1Name": "California", "level2Gid": "USA.5.19_1", "level2Name": "Los Angeles", "level3Gid": null, "level3Name": null, "iucnRedListCategory": null, "type_2": "StillImage", "format": "image/jpeg", "identifier": "https://inaturalist-open-data.s3.amazonaws.com/photos/575113557/original.jpg", "references_2": "https://www.inaturalist.org/photos/575113557" }, "geometry": { "type": "Point", "coordinates": [ -118.269363, 34.121958 ] } },
{ "type": "Feature", "properties": { "gbifID": 4936812360, "accessRights": null, "bibliographicCitation": null, "language": null, "license": "CC_BY_NC_4_0", "modified": "2024-08-31T02:09:11Z", "publisher": "iNaturalist.org", "references": "https://www.inaturalist.org/observations/169309171", "rightsHolder": "naturephotosuze", "type": null, "institutionID": null, "collectionID": null, "datasetID": null, "institutionCode": "iNaturalist", "collectionCode": "Observations", "datasetName": "iNaturalist research-grade observations", "ownerInstitutionCode": null, "basisOfRecord": "HUMAN_OBSERVATION", "informationWithheld": null, "dataGeneralizations": null, "dynamicProperties": null, "occurrenceID": "https://www.inaturalist.org/observations/169309171", "catalogNumber": 169309171, "recordNumber": null, "recordedBy": "naturephotosuze", "recordedByID": null, "individualCount": null, "organismQuantity": null, "organismQuantityType": null, "sex": null, "lifeStage": null, "reproductiveCondition": null, "caste": null, "behavior": null, "vitality": null, "establishmentMeans": null, "degreeOfEstablishment": null, "pathway": null, "georeferenceVerificationStatus": null, "occurrenceStatus": "PRESENT", "preparations": null, "disposition": null, "associatedOccurrences": null, "associatedReferences": null, "associatedSequences": null, "associatedTaxa": null, "otherCatalogNumbers": null, "occurrenceRemarks": "LA River Whitsett", "organismID": null, "organismName": null, "organismScope": null, "associatedOrganisms": null, "previousIdentifications": null, "organismRemarks": null, "materialEntityID": null, "materialEntityRemarks": null, "verbatimLabel": null, "materialSampleID": null, "eventID": null, "parentEventID": null, "eventType": null, "fieldNumber": null, "eventDate": "2023-06-23", "eventTime": "10:48:00", "startDayOfYear": 174, "endDayOfYear": 174, "year": 2023, "month": 6, "day": 23, "verbatimEventDate": "2023/06/23 10:48 AM", "habitat": null, "samplingProtocol": null, "sampleSizeValue": null, "sampleSizeUnit": null, "samplingEffort": null, "fieldNotes": null, "eventRemarks": null, "locationID": null, "higherGeographyID": null, "higherGeography": null, "continent": "NORTH_AMERICA", "waterBody": null, "islandGroup": null, "island": null, "countryCode": "US", "stateProvince": "California", "county": null, "municipality": null, "locality": null, "verbatimLocality": "Studio City, Los Angeles, CA, USA", "verbatimElevation": null, "verticalDatum": null, "verbatimDepth": null, "minimumDistanceAboveSurfaceInMeters": null, "maximumDistanceAboveSurfaceInMeters": null, "locationAccordingTo": null, "locationRemarks": null, "decimalLatitude": 34.144338, "decimalLongitude": -118.406726, "coordinateUncertaintyInMeters": 1.0, "coordinatePrecision": null, "pointRadiusSpatialFit": null, "verbatimCoordinateSystem": null, "verbatimSRS": null, "footprintWKT": null, "footprintSRS": null, "footprintSpatialFit": null, "georeferencedBy": null, "georeferencedDate": null, "georeferenceProtocol": null, "georeferenceSources": null, "georeferenceRemarks": null, "geologicalContextID": null, "earliestEonOrLowestEonothem": null, "latestEonOrHighestEonothem": null, "earliestEraOrLowestErathem": null, "latestEraOrHighestErathem": null, "earliestPeriodOrLowestSystem": null, "latestPeriodOrHighestSystem": null, "earliestEpochOrLowestSeries": null, "latestEpochOrHighestSeries": null, "earliestAgeOrLowestStage": null, "latestAgeOrHighestStage": null, "lowestBiostratigraphicZone": null, "highestBiostratigraphicZone": null, "lithostratigraphicTerms": null, "group": null, "formation": null, "member": null, "bed": null, "identificationID": 378508950, "verbatimIdentification": null, "identificationQualifier": null, "typeStatus": null, "identifiedBy": "naturephotosuze", "identifiedByID": null, "dateIdentified": "2023-06-25", "identificationReferences": null, "identificationVerificationStatus": null, "identificationRemarks": null, "taxonID": 382273, "scientificNameID": null, "acceptedNameUsageID": 2578515, "parentNameUsageID": null, "originalNameUsageID": null, "nameAccordingToID": null, "namePublishedInID": null, "taxonConceptID": null, "scientificName": "Erysiphe platani (Howe) U.Braun & S.Takam.", "acceptedNameUsage": null, "parentNameUsage": null, "originalNameUsage": null, "nameAccordingTo": null, "namePublishedIn": null, "namePublishedInYear": null, "higherClassification": null, "kingdom": "Fungi", "phylum": "Ascomycota", "class": "Leotiomycetes", "order": "Helotiales", "superfamily": null, "family": "Erysiphaceae", "subfamily": null, "tribe": null, "subtribe": null, "genus": "Erysiphe", "genericName": "Erysiphe", "subgenus": null, "infragenericEpithet": null, "specificEpithet": "platani", "infraspecificEpithet": null, "cultivarEpithet": null, "taxonRank": "SPECIES", "verbatimTaxonRank": null, "vernacularName": null, "nomenclaturalCode": null, "taxonomicStatus": "ACCEPTED", "nomenclaturalStatus": null, "taxonRemarks": null, "datasetKey": "50c9509d-22c7-4a22-a47d-8c48425ef4a7", "publishingCountry": "US", "lastInterpreted": "2025-10-14T17:36:13.021Z", "elevation": null, "elevationAccuracy": null, "depth": null, "depthAccuracy": null, "distanceFromCentroidInMeters": null, "issue": "COORDINATE_ROUNDED;CONTINENT_DERIVED_FROM_COORDINATES;TAXON_ID_NOT_FOUND", "taxonomicIssue": "TAXON_ID_NOT_FOUND", "nonTaxonomicIssue": null, "mediaType": null, "hasCoordinate": true, "hasGeospatialIssues": false, "taxonKey": 2578515, "acceptedTaxonKey": 2578515, "kingdomKey": 5, "phylumKey": 95, "classKey": 179, "orderKey": 1052, "familyKey": 8379, "genusKey": 2578311, "subgenusKey": null, "speciesKey": 2578515, "species": "Erysiphe platani", "acceptedScientificName": "Erysiphe platani (Howe) U.Braun & S.Takam.", "verbatimScientificName": "Erysiphe platani", "typifiedName": null, "protocol": "DWC_ARCHIVE", "lastParsed": "2025-10-14T17:36:13.021Z", "lastCrawled": "2025-10-14T04:54:04.400Z", "isInvasive": null, "repatriated": false, "relativeOrganismQuantity": null, "projectId": "https://www.inaturalist.org/projects/fungi-of-the-california-floristic-province", "isSequenced": false, "gbifRegion": "NORTH_AMERICA", "publishedByGbifRegion": "NORTH_AMERICA", "level0Gid": "USA", "level0Name": "United States", "level1Gid": "USA.5_1", "level1Name": "California", "level2Gid": "USA.5.19_1", "level2Name": "Los Angeles", "level3Gid": null, "level3Name": null, "iucnRedListCategory": null, "type_2": null, "format": null, "identifier": null, "references_2": null }, "geometry": { "type": "Point", "coordinates": [ -118.406726, 34.144338 ] } },
{ "type": "Feature", "properties": { "gbifID": 4018357342, "accessRights": null, "bibliographicCitation": null, "language": null, "license": "CC_BY_NC_4_0", "modified": "2024-08-29T18:36:45Z", "publisher": "iNaturalist.org", "references": "https://www.inaturalist.org/observations/146670785", "rightsHolder": "Jake Garcia (they/them)", "type": null, "institutionID": null, "collectionID": null, "datasetID": null, "institutionCode": "iNaturalist", "collectionCode": "Observations", "datasetName": "iNaturalist research-grade observations", "ownerInstitutionCode": null, "basisOfRecord": "HUMAN_OBSERVATION", "informationWithheld": null, "dataGeneralizations": null, "dynamicProperties": null, "occurrenceID": "https://www.inaturalist.org/observations/146670785", "catalogNumber": 146670785, "recordNumber": null, "recordedBy": "Jake Garcia (they/them)", "recordedByID": null, "individualCount": null, "organismQuantity": null, "organismQuantityType": null, "sex": null, "lifeStage": null, "reproductiveCondition": null, "caste": null, "behavior": null, "vitality": null, "establishmentMeans": null, "degreeOfEstablishment": null, "pathway": null, "georeferenceVerificationStatus": null, "occurrenceStatus": "PRESENT", "preparations": null, "disposition": null, "associatedOccurrences": null, "associatedReferences": null, "associatedSequences": null, "associatedTaxa": null, "otherCatalogNumbers": null, "occurrenceRemarks": null, "organismID": null, "organismName": null, "organismScope": null, "associatedOrganisms": null, "previousIdentifications": null, "organismRemarks": null, "materialEntityID": null, "materialEntityRemarks": null, "verbatimLabel": null, "materialSampleID": null, "eventID": null, "parentEventID": null, "eventType": null, "fieldNumber": null, "eventDate": "2023-01-10", "eventTime": "15:32:27", "startDayOfYear": 10, "endDayOfYear": 10, "year": 2023, "month": 1, "day": 10, "verbatimEventDate": "2023-01-10 15:32:27-08:00", "habitat": null, "samplingProtocol": null, "sampleSizeValue": null, "sampleSizeUnit": null, "samplingEffort": null, "fieldNotes": null, "eventRemarks": null, "locationID": null, "higherGeographyID": null, "higherGeography": null, "continent": "NORTH_AMERICA", "waterBody": null, "islandGroup": null, "island": null, "countryCode": "US", "stateProvince": "California", "county": null, "municipality": null, "locality": null, "verbatimLocality": "Crystal St, Los Angeles, CA, US", "verbatimElevation": null, "verticalDatum": null, "verbatimDepth": null, "minimumDistanceAboveSurfaceInMeters": null, "maximumDistanceAboveSurfaceInMeters": null, "locationAccordingTo": null, "locationRemarks": null, "decimalLatitude": 34.107495, "decimalLongitude": -118.255822, "coordinateUncertaintyInMeters": 16.0, "coordinatePrecision": null, "pointRadiusSpatialFit": null, "verbatimCoordinateSystem": null, "verbatimSRS": null, "footprintWKT": null, "footprintSRS": null, "footprintSpatialFit": null, "georeferencedBy": null, "georeferencedDate": null, "georeferenceProtocol": null, "georeferenceSources": null, "georeferenceRemarks": null, "geologicalContextID": null, "earliestEonOrLowestEonothem": null, "latestEonOrHighestEonothem": null, "earliestEraOrLowestErathem": null, "latestEraOrHighestErathem": null, "earliestPeriodOrLowestSystem": null, "latestPeriodOrHighestSystem": null, "earliestEpochOrLowestSeries": null, "latestEpochOrHighestSeries": null, "earliestAgeOrLowestStage": null, "latestAgeOrHighestStage": null, "lowestBiostratigraphicZone": null, "highestBiostratigraphicZone": null, "lithostratigraphicTerms": null, "group": null, "formation": null, "member": null, "bed": null, "identificationID": 444489927, "verbatimIdentification": null, "identificationQualifier": null, "typeStatus": null, "identifiedBy": "Jake Garcia (they/them)", "identifiedByID": null, "dateIdentified": "2024-01-19", "identificationReferences": null, "identificationVerificationStatus": null, "identificationRemarks": null, "taxonID": 1525558, "scientificNameID": null, "acceptedNameUsageID": 2527585, "parentNameUsageID": null, "originalNameUsageID": null, "nameAccordingToID": null, "namePublishedInID": null, "taxonConceptID": null, "scientificName": "Collybia (Fr.) Staude", "acceptedNameUsage": null, "parentNameUsage": null, "originalNameUsage": null, "nameAccordingTo": null, "namePublishedIn": null, "namePublishedInYear": null, "higherClassification": null, "kingdom": "Fungi", "phylum": "Basidiomycota", "class": "Agaricomycetes", "order": "Agaricales", "superfamily": null, "family": "Tricholomataceae", "subfamily": null, "tribe": null, "subtribe": null, "genus": "Collybia", "genericName": null, "subgenus": null, "infragenericEpithet": null, "specificEpithet": null, "infraspecificEpithet": null, "cultivarEpithet": null, "taxonRank": "GENUS", "verbatimTaxonRank": null, "vernacularName": null, "nomenclaturalCode": null, "taxonomicStatus": "ACCEPTED", "nomenclaturalStatus": null, "taxonRemarks": null, "datasetKey": "50c9509d-22c7-4a22-a47d-8c48425ef4a7", "publishingCountry": "US", "lastInterpreted": "2025-10-14T18:41:25.417Z", "elevation": null, "elevationAccuracy": null, "depth": null, "depthAccuracy": null, "distanceFromCentroidInMeters": null, "issue": "COORDINATE_ROUNDED;CONTINENT_DERIVED_FROM_COORDINATES;TAXON_ID_NOT_FOUND;TAXON_MATCH_HIGHERRANK", "taxonomicIssue": "TAXON_ID_NOT_FOUND\\|TAXON_MATCH_HIGHERRANK", "nonTaxonomicIssue": null, "mediaType": "StillImage;StillImage;StillImage;StillImage", "hasCoordinate": true, "hasGeospatialIssues": false, "taxonKey": 2527585, "acceptedTaxonKey": 2527585, "kingdomKey": 5, "phylumKey": 34, "classKey": 186, "orderKey": 1499, "familyKey": 8787, "genusKey": 2527585, "subgenusKey": null, "speciesKey": null, "species": null, "acceptedScientificName": "Collybia (Fr.) Staude", "verbatimScientificName": "Collybia brunneocephala", "typifiedName": null, "protocol": "DWC_ARCHIVE", "lastParsed": "2025-10-14T18:41:25.417Z", "lastCrawled": "2025-10-14T04:54:04.400Z", "isInvasive": null, "repatriated": false, "relativeOrganismQuantity": null, "projectId": "https://www.inaturalist.org/projects/fungi-of-the-california-floristic-province", "isSequenced": false, "gbifRegion": "NORTH_AMERICA", "publishedByGbifRegion": "NORTH_AMERICA", "level0Gid": "USA", "level0Name": "United States", "level1Gid": "USA.5_1", "level1Name": "California", "level2Gid": "USA.5.19_1", "level2Name": "Los Angeles", "level3Gid": null, "level3Name": null, "iucnRedListCategory": null, "type_2": "StillImage", "format": "image/jpeg", "identifier": "https://inaturalist-open-data.s3.amazonaws.com/photos/252219182/original.jpg", "references_2": "https://www.inaturalist.org/photos/252219182" }, "geometry": { "type": "Point", "coordinates": [ -118.255822, 34.107495 ] } },
{ "type": "Feature", "properties": { "gbifID": 4442394408, "accessRights": null, "bibliographicCitation": null, "language": null, "license": "CC_BY_4_0", "modified": "2024-08-29T19:34:04Z", "publisher": "iNaturalist.org", "references": "https://www.inaturalist.org/observations/67975626", "rightsHolder": "Ryan Donnelly", "type": null, "institutionID": null, "collectionID": null, "datasetID": null, "institutionCode": "iNaturalist", "collectionCode": "Observations", "datasetName": "iNaturalist research-grade observations", "ownerInstitutionCode": null, "basisOfRecord": "HUMAN_OBSERVATION", "informationWithheld": null, "dataGeneralizations": null, "dynamicProperties": null, "occurrenceID": "https://www.inaturalist.org/observations/67975626", "catalogNumber": 67975626, "recordNumber": null, "recordedBy": "Ryan Donnelly", "recordedByID": null, "individualCount": null, "organismQuantity": null, "organismQuantityType": null, "sex": null, "lifeStage": null, "reproductiveCondition": null, "caste": null, "behavior": null, "vitality": null, "establishmentMeans": null, "degreeOfEstablishment": null, "pathway": null, "georeferenceVerificationStatus": null, "occurrenceStatus": "PRESENT", "preparations": null, "disposition": null, "associatedOccurrences": null, "associatedReferences": null, "associatedSequences": null, "associatedTaxa": null, "otherCatalogNumbers": null, "occurrenceRemarks": "G. cichoracearum or G. sonchicola On Sonchus sp.", "organismID": null, "organismName": null, "organismScope": null, "associatedOrganisms": null, "previousIdentifications": null, "organismRemarks": null, "materialEntityID": null, "materialEntityRemarks": null, "verbatimLabel": null, "materialSampleID": null, "eventID": null, "parentEventID": null, "eventType": null, "fieldNumber": null, "eventDate": "2021-01-12", "eventTime": "14:10:18", "startDayOfYear": 12, "endDayOfYear": 12, "year": 2021, "month": 1, "day": 12, "verbatimEventDate": "Tue Jan 12 2021 14:10:18 GMT-0800 (PST)", "habitat": null, "samplingProtocol": null, "sampleSizeValue": null, "sampleSizeUnit": null, "samplingEffort": null, "fieldNotes": null, "eventRemarks": null, "locationID": null, "higherGeographyID": null, "higherGeography": null, "continent": "NORTH_AMERICA", "waterBody": null, "islandGroup": null, "island": null, "countryCode": "US", "stateProvince": "California", "county": null, "municipality": null, "locality": null, "verbatimLocality": "Legion Ln, Los Angeles, CA, US", "verbatimElevation": null, "verticalDatum": null, "verbatimDepth": null, "minimumDistanceAboveSurfaceInMeters": null, "maximumDistanceAboveSurfaceInMeters": null, "locationAccordingTo": null, "locationRemarks": null, "decimalLatitude": 34.118647, "decimalLongitude": -118.26825, "coordinateUncertaintyInMeters": 12.0, "coordinatePrecision": null, "pointRadiusSpatialFit": null, "verbatimCoordinateSystem": null, "verbatimSRS": null, "footprintWKT": null, "footprintSRS": null, "footprintSpatialFit": null, "georeferencedBy": null, "georeferencedDate": null, "georeferenceProtocol": null, "georeferenceSources": null, "georeferenceRemarks": null, "geologicalContextID": null, "earliestEonOrLowestEonothem": null, "latestEonOrHighestEonothem": null, "earliestEraOrLowestErathem": null, "latestEraOrHighestErathem": null, "earliestPeriodOrLowestSystem": null, "latestPeriodOrHighestSystem": null, "earliestEpochOrLowestSeries": null, "latestEpochOrHighestSeries": null, "earliestAgeOrLowestStage": null, "latestAgeOrHighestStage": null, "lowestBiostratigraphicZone": null, "highestBiostratigraphicZone": null, "lithostratigraphicTerms": null, "group": null, "formation": null, "member": null, "bed": null, "identificationID": 427724630, "verbatimIdentification": null, "identificationQualifier": null, "typeStatus": null, "identifiedBy": "Senna Bryce Robeson", "identifiedByID": "https://orcid.org/0000-0003-1868-8766", "dateIdentified": "2023-11-18", "identificationReferences": null, "identificationVerificationStatus": null, "identificationRemarks": null, "taxonID": 953566, "scientificNameID": null, "acceptedNameUsageID": 3483434, "parentNameUsageID": null, "originalNameUsageID": null, "nameAccordingToID": null, "namePublishedInID": null, "taxonConceptID": null, "scientificName": "Golovinomyces sonchicola U.Braun & R.T.A.Cook", "acceptedNameUsage": null, "parentNameUsage": null, "originalNameUsage": null, "nameAccordingTo": null, "namePublishedIn": null, "namePublishedInYear": null, "higherClassification": null, "kingdom": "Fungi", "phylum": "Ascomycota", "class": "Leotiomycetes", "order": "Helotiales", "superfamily": null, "family": "Erysiphaceae", "subfamily": null, "tribe": null, "subtribe": null, "genus": "Golovinomyces", "genericName": "Golovinomyces", "subgenus": null, "infragenericEpithet": null, "specificEpithet": "sonchicola", "infraspecificEpithet": null, "cultivarEpithet": null, "taxonRank": "SPECIES", "verbatimTaxonRank": null, "vernacularName": null, "nomenclaturalCode": null, "taxonomicStatus": "ACCEPTED", "nomenclaturalStatus": null, "taxonRemarks": null, "datasetKey": "50c9509d-22c7-4a22-a47d-8c48425ef4a7", "publishingCountry": "US", "lastInterpreted": "2025-10-14T17:08:16.639Z", "elevation": null, "elevationAccuracy": null, "depth": null, "depthAccuracy": null, "distanceFromCentroidInMeters": null, "issue": "COORDINATE_ROUNDED;CONTINENT_DERIVED_FROM_COORDINATES;TAXON_ID_NOT_FOUND", "taxonomicIssue": "TAXON_ID_NOT_FOUND", "nonTaxonomicIssue": null, "mediaType": "StillImage;StillImage", "hasCoordinate": true, "hasGeospatialIssues": false, "taxonKey": 3483434, "acceptedTaxonKey": 3483434, "kingdomKey": 5, "phylumKey": 95, "classKey": 179, "orderKey": 1052, "familyKey": 8379, "genusKey": 8088553, "subgenusKey": null, "speciesKey": 3483434, "species": "Golovinomyces sonchicola", "acceptedScientificName": "Golovinomyces sonchicola U.Braun & R.T.A.Cook", "verbatimScientificName": "Golovinomyces sonchicola", "typifiedName": null, "protocol": "DWC_ARCHIVE", "lastParsed": "2025-10-14T17:08:16.639Z", "lastCrawled": "2025-10-14T04:54:04.400Z", "isInvasive": null, "repatriated": false, "relativeOrganismQuantity": null, "projectId": "https://www.inaturalist.org/projects/fungi-of-the-california-floristic-province;https://www.inaturalist.org/projects/los-angeles-city-biodiversity-initiative", "isSequenced": false, "gbifRegion": "NORTH_AMERICA", "publishedByGbifRegion": "NORTH_AMERICA", "level0Gid": "USA", "level0Name": "United States", "level1Gid": "USA.5_1", "level1Name": "California", "level2Gid": "USA.5.19_1", "level2Name": "Los Angeles", "level3Gid": null, "level3Name": null, "iucnRedListCategory": null, "type_2": "StillImage", "format": "image/jpeg", "identifier": "https://inaturalist-open-data.s3.amazonaws.com/photos/109963971/original.jpg", "references_2": "https://www.inaturalist.org/photos/109963971" }, "geometry": { "type": "Point", "coordinates": [ -118.26825, 34.118647 ] } },
{ "type": "Feature", "properties": { "gbifID": 4405086768, "accessRights": null, "bibliographicCitation": null, "language": null, "license": "CC_BY_NC_4_0", "modified": "2023-09-20T19:15:35Z", "publisher": "iNaturalist.org", "references": "https://www.inaturalist.org/observations/180307796", "rightsHolder": "provincejournal", "type": null, "institutionID": null, "collectionID": null, "datasetID": null, "institutionCode": "iNaturalist", "collectionCode": "Observations", "datasetName": "iNaturalist research-grade observations", "ownerInstitutionCode": null, "basisOfRecord": "HUMAN_OBSERVATION", "informationWithheld": "Coordinate uncertainty increased to 28874m at the request of the observer", "dataGeneralizations": null, "dynamicProperties": null, "occurrenceID": "https://www.inaturalist.org/observations/180307796", "catalogNumber": 180307796, "recordNumber": null, "recordedBy": "provincejournal", "recordedByID": null, "individualCount": null, "organismQuantity": null, "organismQuantityType": null, "sex": null, "lifeStage": null, "reproductiveCondition": null, "caste": null, "behavior": null, "vitality": null, "establishmentMeans": null, "degreeOfEstablishment": null, "pathway": null, "georeferenceVerificationStatus": null, "occurrenceStatus": "PRESENT", "preparations": null, "disposition": null, "associatedOccurrences": null, "associatedReferences": null, "associatedSequences": null, "associatedTaxa": null, "otherCatalogNumbers": null, "occurrenceRemarks": "Growing near chicken coop- fertile and moist", "organismID": null, "organismName": null, "organismScope": null, "associatedOrganisms": null, "previousIdentifications": null, "organismRemarks": null, "materialEntityID": null, "materialEntityRemarks": null, "verbatimLabel": null, "materialSampleID": null, "eventID": null, "parentEventID": null, "eventType": null, "fieldNumber": null, "eventDate": "2023-08-26", "eventTime": "11:04:48", "startDayOfYear": 238, "endDayOfYear": 238, "year": 2023, "month": 8, "day": 26, "verbatimEventDate": "2023-08-26 11:04:48-07:00", "habitat": null, "samplingProtocol": null, "sampleSizeValue": null, "sampleSizeUnit": null, "samplingEffort": null, "fieldNotes": null, "eventRemarks": null, "locationID": null, "higherGeographyID": null, "higherGeography": null, "continent": "NORTH_AMERICA", "waterBody": null, "islandGroup": null, "island": null, "countryCode": "US", "stateProvince": "California", "county": null, "municipality": null, "locality": null, "verbatimLocality": "Los Angeles County, US-CA, US", "verbatimElevation": null, "verticalDatum": null, "verbatimDepth": null, "minimumDistanceAboveSurfaceInMeters": null, "maximumDistanceAboveSurfaceInMeters": null, "locationAccordingTo": null, "locationRemarks": null, "decimalLatitude": 34.143092, "decimalLongitude": -118.365929, "coordinateUncertaintyInMeters": 28874.0, "coordinatePrecision": null, "pointRadiusSpatialFit": null, "verbatimCoordinateSystem": null, "verbatimSRS": null, "footprintWKT": null, "footprintSRS": null, "footprintSpatialFit": null, "georeferencedBy": null, "georeferencedDate": null, "georeferenceProtocol": null, "georeferenceSources": null, "georeferenceRemarks": null, "geologicalContextID": null, "earliestEonOrLowestEonothem": null, "latestEonOrHighestEonothem": null, "earliestEraOrLowestErathem": null, "latestEraOrHighestErathem": null, "earliestPeriodOrLowestSystem": null, "latestPeriodOrHighestSystem": null, "earliestEpochOrLowestSeries": null, "latestEpochOrHighestSeries": null, "earliestAgeOrLowestStage": null, "latestAgeOrHighestStage": null, "lowestBiostratigraphicZone": null, "highestBiostratigraphicZone": null, "lithostratigraphicTerms": null, "group": null, "formation": null, "member": null, "bed": null, "identificationID": 401722301, "verbatimIdentification": null, "identificationQualifier": null, "typeStatus": null, "identifiedBy": "Shahram Tavakol", "identifiedByID": null, "dateIdentified": "2023-08-26", "identificationReferences": null, "identificationVerificationStatus": null, "identificationRemarks": null, "taxonID": 350919, "scientificNameID": null, "acceptedNameUsageID": 3343100, "parentNameUsageID": null, "originalNameUsageID": null, "nameAccordingToID": null, "namePublishedInID": null, "taxonConceptID": null, "scientificName": "Gymnopilus luteofolius (Peck) Singer", "acceptedNameUsage": null, "parentNameUsage": null, "originalNameUsage": null, "nameAccordingTo": null, "namePublishedIn": null, "namePublishedInYear": null, "higherClassification": null, "kingdom": "Fungi", "phylum": "Basidiomycota", "class": "Agaricomycetes", "order": "Agaricales", "superfamily": null, "family": "Hymenogastraceae", "subfamily": null, "tribe": null, "subtribe": null, "genus": "Gymnopilus", "genericName": "Gymnopilus", "subgenus": null, "infragenericEpithet": null, "specificEpithet": "luteofolius", "infraspecificEpithet": null, "cultivarEpithet": null, "taxonRank": "SPECIES", "verbatimTaxonRank": null, "vernacularName": null, "nomenclaturalCode": null, "taxonomicStatus": "ACCEPTED", "nomenclaturalStatus": null, "taxonRemarks": null, "datasetKey": "50c9509d-22c7-4a22-a47d-8c48425ef4a7", "publishingCountry": "US", "lastInterpreted": "2025-10-14T17:39:43.278Z", "elevation": null, "elevationAccuracy": null, "depth": null, "depthAccuracy": null, "distanceFromCentroidInMeters": null, "issue": "COORDINATE_ROUNDED;CONTINENT_DERIVED_FROM_COORDINATES;TAXON_ID_NOT_FOUND", "taxonomicIssue": "TAXON_ID_NOT_FOUND", "nonTaxonomicIssue": null, "mediaType": "StillImage;StillImage", "hasCoordinate": true, "hasGeospatialIssues": false, "taxonKey": 3343100, "acceptedTaxonKey": 3343100, "kingdomKey": 5, "phylumKey": 34, "classKey": 186, "orderKey": 1499, "familyKey": 3309302, "genusKey": 2527854, "subgenusKey": null, "speciesKey": 3343100, "species": "Gymnopilus luteofolius", "acceptedScientificName": "Gymnopilus luteofolius (Peck) Singer", "verbatimScientificName": "Gymnopilus luteofolius", "typifiedName": null, "protocol": "DWC_ARCHIVE", "lastParsed": "2025-10-14T17:39:43.278Z", "lastCrawled": "2025-10-14T04:54:04.400Z", "isInvasive": null, "repatriated": false, "relativeOrganismQuantity": null, "projectId": "https://www.inaturalist.org/projects/fungi-of-the-california-floristic-province", "isSequenced": false, "gbifRegion": "NORTH_AMERICA", "publishedByGbifRegion": "NORTH_AMERICA", "level0Gid": "USA", "level0Name": "United States", "level1Gid": "USA.5_1", "level1Name": "California", "level2Gid": "USA.5.19_1", "level2Name": "Los Angeles", "level3Gid": null, "level3Name": null, "iucnRedListCategory": null, "type_2": "StillImage", "format": "image/jpeg", "identifier": "https://inaturalist-open-data.s3.amazonaws.com/photos/314053235/original.jpg", "references_2": "https://www.inaturalist.org/photos/314053235" }, "geometry": { "type": "Point", "coordinates": [ -118.365929, 34.143092 ] } },
{ "type": "Feature", "properties": { "gbifID": 2242882802, "accessRights": null, "bibliographicCitation": null, "language": null, "license": "CC_BY_NC_4_0", "modified": "2020-08-08T00:41:55Z", "publisher": "iNaturalist.org", "references": "https://www.inaturalist.org/observations/24716843", "rightsHolder": "JABZ", "type": null, "institutionID": null, "collectionID": null, "datasetID": null, "institutionCode": "iNaturalist", "collectionCode": "Observations", "datasetName": "iNaturalist research-grade observations", "ownerInstitutionCode": null, "basisOfRecord": "HUMAN_OBSERVATION", "informationWithheld": null, "dataGeneralizations": null, "dynamicProperties": null, "occurrenceID": "https://www.inaturalist.org/observations/24716843", "catalogNumber": 24716843, "recordNumber": null, "recordedBy": "JABZ", "recordedByID": null, "individualCount": null, "organismQuantity": null, "organismQuantityType": null, "sex": null, "lifeStage": null, "reproductiveCondition": null, "caste": null, "behavior": null, "vitality": null, "establishmentMeans": null, "degreeOfEstablishment": null, "pathway": null, "georeferenceVerificationStatus": null, "occurrenceStatus": "PRESENT", "preparations": null, "disposition": null, "associatedOccurrences": null, "associatedReferences": null, "associatedSequences": null, "associatedTaxa": null, "otherCatalogNumbers": null, "occurrenceRemarks": "it grows on a tree, about 10 feet from the ground.", "organismID": null, "organismName": null, "organismScope": null, "associatedOrganisms": null, "previousIdentifications": null, "organismRemarks": null, "materialEntityID": null, "materialEntityRemarks": null, "verbatimLabel": null, "materialSampleID": null, "eventID": null, "parentEventID": null, "eventType": null, "fieldNumber": null, "eventDate": "2019-03-12", "eventTime": "14:56:00", "startDayOfYear": 71, "endDayOfYear": 71, "year": 2019, "month": 3, "day": 12, "verbatimEventDate": "2019/03/12 2:56 PM PDT", "habitat": null, "samplingProtocol": null, "sampleSizeValue": null, "sampleSizeUnit": null, "samplingEffort": null, "fieldNotes": null, "eventRemarks": null, "locationID": null, "higherGeographyID": null, "higherGeography": null, "continent": "NORTH_AMERICA", "waterBody": null, "islandGroup": null, "island": null, "countryCode": "US", "stateProvince": "California", "county": null, "municipality": null, "locality": null, "verbatimLocality": "Elysian Valley, Los Angeles, CA, USA", "verbatimElevation": null, "verticalDatum": null, "verbatimDepth": null, "minimumDistanceAboveSurfaceInMeters": null, "maximumDistanceAboveSurfaceInMeters": null, "locationAccordingTo": null, "locationRemarks": null, "decimalLatitude": 34.106219, "decimalLongitude": -118.244502, "coordinateUncertaintyInMeters": 84.0, "coordinatePrecision": null, "pointRadiusSpatialFit": null, "verbatimCoordinateSystem": null, "verbatimSRS": null, "footprintWKT": null, "footprintSRS": null, "footprintSpatialFit": null, "georeferencedBy": null, "georeferencedDate": null, "georeferenceProtocol": null, "georeferenceSources": null, "georeferenceRemarks": null, "geologicalContextID": null, "earliestEonOrLowestEonothem": null, "latestEonOrHighestEonothem": null, "earliestEraOrLowestErathem": null, "latestEraOrHighestErathem": null, "earliestPeriodOrLowestSystem": null, "latestPeriodOrHighestSystem": null, "earliestEpochOrLowestSeries": null, "latestEpochOrHighestSeries": null, "earliestAgeOrLowestStage": null, "latestAgeOrHighestStage": null, "lowestBiostratigraphicZone": null, "highestBiostratigraphicZone": null, "lithostratigraphicTerms": null, "group": null, "formation": null, "member": null, "bed": null, "identificationID": 54229257, "verbatimIdentification": null, "identificationQualifier": null, "typeStatus": null, "identifiedBy": "Alan Rockefeller", "identifiedByID": null, "dateIdentified": "2019-05-07", "identificationReferences": null, "identificationVerificationStatus": null, "identificationRemarks": null, "taxonID": 136399, "scientificNameID": null, "acceptedNameUsageID": 2526548, "parentNameUsageID": null, "originalNameUsageID": null, "nameAccordingToID": null, "namePublishedInID": null, "taxonConceptID": null, "scientificName": "Pleurotus pulmonarius (Fr.) Quél.", "acceptedNameUsage": null, "parentNameUsage": null, "originalNameUsage": null, "nameAccordingTo": null, "namePublishedIn": null, "namePublishedInYear": null, "higherClassification": null, "kingdom": "Fungi", "phylum": "Basidiomycota", "class": "Agaricomycetes", "order": "Agaricales", "superfamily": null, "family": "Pleurotaceae", "subfamily": null, "tribe": null, "subtribe": null, "genus": "Pleurotus", "genericName": "Pleurotus", "subgenus": null, "infragenericEpithet": null, "specificEpithet": "pulmonarius", "infraspecificEpithet": null, "cultivarEpithet": null, "taxonRank": "SPECIES", "verbatimTaxonRank": null, "vernacularName": null, "nomenclaturalCode": null, "taxonomicStatus": "ACCEPTED", "nomenclaturalStatus": null, "taxonRemarks": null, "datasetKey": "50c9509d-22c7-4a22-a47d-8c48425ef4a7", "publishingCountry": "US", "lastInterpreted": "2025-10-14T16:56:18.681Z", "elevation": null, "elevationAccuracy": null, "depth": null, "depthAccuracy": null, "distanceFromCentroidInMeters": null, "issue": "COORDINATE_ROUNDED;CONTINENT_DERIVED_FROM_COORDINATES;TAXON_ID_NOT_FOUND", "taxonomicIssue": "TAXON_ID_NOT_FOUND", "nonTaxonomicIssue": null, "mediaType": "StillImage", "hasCoordinate": true, "hasGeospatialIssues": false, "taxonKey": 2526548, "acceptedTaxonKey": 2526548, "kingdomKey": 5, "phylumKey": 34, "classKey": 186, "orderKey": 1499, "familyKey": 4183, "genusKey": 2518610, "subgenusKey": null, "speciesKey": 2526548, "species": "Pleurotus pulmonarius", "acceptedScientificName": "Pleurotus pulmonarius (Fr.) Quél.", "verbatimScientificName": "Pleurotus pulmonarius", "typifiedName": null, "protocol": "DWC_ARCHIVE", "lastParsed": "2025-10-14T16:56:18.681Z", "lastCrawled": "2025-10-14T04:54:04.400Z", "isInvasive": null, "repatriated": false, "relativeOrganismQuantity": null, "projectId": "https://www.inaturalist.org/projects/host-range-of-wood-decay-macrofungi;https://www.inaturalist.org/projects/fungi-of-the-california-floristic-province;https://www.inaturalist.org/projects/los-angeles-city-biodiversity-initiative", "isSequenced": false, "gbifRegion": "NORTH_AMERICA", "publishedByGbifRegion": "NORTH_AMERICA", "level0Gid": "USA", "level0Name": "United States", "level1Gid": "USA.5_1", "level1Name": "California", "level2Gid": "USA.5.19_1", "level2Name": "Los Angeles", "level3Gid": null, "level3Name": null, "iucnRedListCategory": null, "type_2": "StillImage", "format": "image/jpeg", "identifier": "https://inaturalist-open-data.s3.amazonaws.com/photos/38224023/original.jpg", "references_2": "https://www.inaturalist.org/photos/38224023" }, "geometry": { "type": "Point", "coordinates": [ -118.244502, 34.106219 ] } },
{ "type": "Feature", "properties": { "gbifID": 2294566162, "accessRights": null, "bibliographicCitation": null, "language": null, "license": "CC_BY_NC_4_0", "modified": "2019-07-18T21:40:09Z", "publisher": "iNaturalist.org", "references": "https://www.inaturalist.org/observations/29080533", "rightsHolder": "prototaxities", "type": null, "institutionID": null, "collectionID": null, "datasetID": null, "institutionCode": "iNaturalist", "collectionCode": "Observations", "datasetName": "iNaturalist research-grade observations", "ownerInstitutionCode": null, "basisOfRecord": "HUMAN_OBSERVATION", "informationWithheld": null, "dataGeneralizations": null, "dynamicProperties": null, "occurrenceID": "https://www.inaturalist.org/observations/29080533", "catalogNumber": 29080533, "recordNumber": null, "recordedBy": "prototaxities", "recordedByID": null, "individualCount": null, "organismQuantity": null, "organismQuantityType": null, "sex": null, "lifeStage": null, "reproductiveCondition": null, "caste": null, "behavior": null, "vitality": null, "establishmentMeans": null, "degreeOfEstablishment": null, "pathway": null, "georeferenceVerificationStatus": null, "occurrenceStatus": "PRESENT", "preparations": null, "disposition": null, "associatedOccurrences": null, "associatedReferences": null, "associatedSequences": null, "associatedTaxa": null, "otherCatalogNumbers": null, "occurrenceRemarks": null, "organismID": null, "organismName": null, "organismScope": null, "associatedOrganisms": null, "previousIdentifications": null, "organismRemarks": null, "materialEntityID": null, "materialEntityRemarks": null, "verbatimLabel": null, "materialSampleID": null, "eventID": null, "parentEventID": null, "eventType": null, "fieldNumber": null, "eventDate": "2019-07-18", "eventTime": "14:28:23", "startDayOfYear": 199, "endDayOfYear": 199, "year": 2019, "month": 7, "day": 18, "verbatimEventDate": "Thu Jul 18 2019 14:28:23 GMT-0700 (PDT)", "habitat": null, "samplingProtocol": null, "sampleSizeValue": null, "sampleSizeUnit": null, "samplingEffort": null, "fieldNotes": null, "eventRemarks": null, "locationID": null, "higherGeographyID": null, "higherGeography": null, "continent": "NORTH_AMERICA", "waterBody": null, "islandGroup": null, "island": null, "countryCode": "US", "stateProvince": "California", "county": null, "municipality": null, "locality": null, "verbatimLocality": "1745 N Spring St, Los Angeles, CA, US", "verbatimElevation": null, "verticalDatum": null, "verbatimDepth": null, "minimumDistanceAboveSurfaceInMeters": null, "maximumDistanceAboveSurfaceInMeters": null, "locationAccordingTo": null, "locationRemarks": null, "decimalLatitude": 34.070621, "decimalLongitude": -118.225609, "coordinateUncertaintyInMeters": 65.0, "coordinatePrecision": null, "pointRadiusSpatialFit": null, "verbatimCoordinateSystem": null, "verbatimSRS": null, "footprintWKT": null, "footprintSRS": null, "footprintSpatialFit": null, "georeferencedBy": null, "georeferencedDate": null, "georeferenceProtocol": null, "georeferenceSources": null, "georeferenceRemarks": null, "geologicalContextID": null, "earliestEonOrLowestEonothem": null, "latestEonOrHighestEonothem": null, "earliestEraOrLowestErathem": null, "latestEraOrHighestErathem": null, "earliestPeriodOrLowestSystem": null, "latestPeriodOrHighestSystem": null, "earliestEpochOrLowestSeries": null, "latestEpochOrHighestSeries": null, "earliestAgeOrLowestStage": null, "latestAgeOrHighestStage": null, "lowestBiostratigraphicZone": null, "highestBiostratigraphicZone": null, "lithostratigraphicTerms": null, "group": null, "formation": null, "member": null, "bed": null, "identificationID": 63185884, "verbatimIdentification": null, "identificationQualifier": null, "typeStatus": null, "identifiedBy": "prototaxities", "identifiedByID": null, "dateIdentified": "2019-07-18", "identificationReferences": null, "identificationVerificationStatus": null, "identificationRemarks": null, "taxonID": 54573, "scientificNameID": null, "acceptedNameUsageID": 5241128, "parentNameUsageID": null, "originalNameUsageID": null, "nameAccordingToID": null, "namePublishedInID": null, "taxonConceptID": null, "scientificName": "Schizophyllum commune Fr.", "acceptedNameUsage": null, "parentNameUsage": null, "originalNameUsage": null, "nameAccordingTo": null, "namePublishedIn": null, "namePublishedInYear": null, "higherClassification": null, "kingdom": "Fungi", "phylum": "Basidiomycota", "class": "Agaricomycetes", "order": "Agaricales", "superfamily": null, "family": "Schizophyllaceae", "subfamily": null, "tribe": null, "subtribe": null, "genus": "Schizophyllum", "genericName": "Schizophyllum", "subgenus": null, "infragenericEpithet": null, "specificEpithet": "commune", "infraspecificEpithet": null, "cultivarEpithet": null, "taxonRank": "SPECIES", "verbatimTaxonRank": null, "vernacularName": null, "nomenclaturalCode": null, "taxonomicStatus": "ACCEPTED", "nomenclaturalStatus": null, "taxonRemarks": null, "datasetKey": "50c9509d-22c7-4a22-a47d-8c48425ef4a7", "publishingCountry": "US", "lastInterpreted": "2025-10-14T15:30:39.482Z", "elevation": null, "elevationAccuracy": null, "depth": null, "depthAccuracy": null, "distanceFromCentroidInMeters": null, "issue": "COORDINATE_ROUNDED;CONTINENT_DERIVED_FROM_COORDINATES;TAXON_ID_NOT_FOUND", "taxonomicIssue": "TAXON_ID_NOT_FOUND", "nonTaxonomicIssue": null, "mediaType": "StillImage;StillImage", "hasCoordinate": true, "hasGeospatialIssues": false, "taxonKey": 5241128, "acceptedTaxonKey": 5241128, "kingdomKey": 5, "phylumKey": 34, "classKey": 186, "orderKey": 1499, "familyKey": 4185, "genusKey": 2529580, "subgenusKey": null, "speciesKey": 5241128, "species": "Schizophyllum commune", "acceptedScientificName": "Schizophyllum commune Fr.", "verbatimScientificName": "Schizophyllum commune", "typifiedName": null, "protocol": "DWC_ARCHIVE", "lastParsed": "2025-10-14T15:30:39.482Z", "lastCrawled": "2025-10-14T04:54:04.400Z", "isInvasive": null, "repatriated": false, "relativeOrganismQuantity": null, "projectId": "https://www.inaturalist.org/projects/los-angeles-city-biodiversity-initiative;https://www.inaturalist.org/projects/fungi-of-the-california-floristic-province", "isSequenced": false, "gbifRegion": "NORTH_AMERICA", "publishedByGbifRegion": "NORTH_AMERICA", "level0Gid": "USA", "level0Name": "United States", "level1Gid": "USA.5_1", "level1Name": "California", "level2Gid": "USA.5.19_1", "level2Name": "Los Angeles", "level3Gid": null, "level3Name": null, "iucnRedListCategory": null, "type_2": "StillImage", "format": "image/jpeg", "identifier": "https://inaturalist-open-data.s3.amazonaws.com/photos/45370368/original.jpg", "references_2": "https://www.inaturalist.org/photos/45370368" }, "geometry": { "type": "Point", "coordinates": [ -118.225609, 34.070621 ] } },
{ "type": "Feature", "properties": { "gbifID": 1847552217, "accessRights": null, "bibliographicCitation": null, "language": null, "license": "CC_BY_NC_4_0", "modified": "2019-06-23T00:50:55Z", "publisher": "iNaturalist.org", "references": "https://www.inaturalist.org/observations/12593654", "rightsHolder": "Anne T Curran", "type": null, "institutionID": null, "collectionID": null, "datasetID": null, "institutionCode": "iNaturalist", "collectionCode": "Observations", "datasetName": "iNaturalist research-grade observations", "ownerInstitutionCode": null, "basisOfRecord": "HUMAN_OBSERVATION", "informationWithheld": null, "dataGeneralizations": null, "dynamicProperties": null, "occurrenceID": "https://www.inaturalist.org/observations/12593654", "catalogNumber": 12593654, "recordNumber": null, "recordedBy": "Anne T Curran", "recordedByID": null, "individualCount": null, "organismQuantity": null, "organismQuantityType": null, "sex": null, "lifeStage": null, "reproductiveCondition": null, "caste": null, "behavior": null, "vitality": null, "establishmentMeans": null, "degreeOfEstablishment": null, "pathway": null, "georeferenceVerificationStatus": null, "occurrenceStatus": "PRESENT", "preparations": null, "disposition": null, "associatedOccurrences": null, "associatedReferences": null, "associatedSequences": null, "associatedTaxa": null, "otherCatalogNumbers": null, "occurrenceRemarks": "In lawn", "organismID": null, "organismName": null, "organismScope": null, "associatedOrganisms": null, "previousIdentifications": null, "organismRemarks": null, "materialEntityID": null, "materialEntityRemarks": null, "verbatimLabel": null, "materialSampleID": null, "eventID": null, "parentEventID": null, "eventType": null, "fieldNumber": null, "eventDate": "2018-05-18", "eventTime": "13:22:16", "startDayOfYear": 138, "endDayOfYear": 138, "year": 2018, "month": 5, "day": 18, "verbatimEventDate": "Fri May 18 2018 13:22:16 GMT-0700 (PDT)", "habitat": null, "samplingProtocol": null, "sampleSizeValue": null, "sampleSizeUnit": null, "samplingEffort": null, "fieldNotes": null, "eventRemarks": null, "locationID": null, "higherGeographyID": null, "higherGeography": null, "continent": "NORTH_AMERICA", "waterBody": null, "islandGroup": null, "island": null, "countryCode": "US", "stateProvince": "California", "county": null, "municipality": null, "locality": null, "verbatimLocality": "Buena Vista Park, Burbank, CA, US", "verbatimElevation": null, "verticalDatum": null, "verbatimDepth": null, "minimumDistanceAboveSurfaceInMeters": null, "maximumDistanceAboveSurfaceInMeters": null, "locationAccordingTo": null, "locationRemarks": null, "decimalLatitude": 34.151611, "decimalLongitude": -118.328912, "coordinateUncertaintyInMeters": 5.0, "coordinatePrecision": null, "pointRadiusSpatialFit": null, "verbatimCoordinateSystem": null, "verbatimSRS": null, "footprintWKT": null, "footprintSRS": null, "footprintSpatialFit": null, "georeferencedBy": null, "georeferencedDate": null, "georeferenceProtocol": null, "georeferenceSources": null, "georeferenceRemarks": null, "geologicalContextID": null, "earliestEonOrLowestEonothem": null, "latestEonOrHighestEonothem": null, "earliestEraOrLowestErathem": null, "latestEraOrHighestErathem": null, "earliestPeriodOrLowestSystem": null, "latestPeriodOrHighestSystem": null, "earliestEpochOrLowestSeries": null, "latestEpochOrHighestSeries": null, "earliestAgeOrLowestStage": null, "latestAgeOrHighestStage": null, "lowestBiostratigraphicZone": null, "highestBiostratigraphicZone": null, "lithostratigraphicTerms": null, "group": null, "formation": null, "member": null, "bed": null, "identificationID": 59889674, "verbatimIdentification": null, "identificationQualifier": null, "typeStatus": null, "identifiedBy": "Anne T Curran", "identifiedByID": null, "dateIdentified": "2019-06-23", "identificationReferences": null, "identificationVerificationStatus": null, "identificationRemarks": null, "taxonID": 902551, "scientificNameID": null, "acceptedNameUsageID": 2526698, "parentNameUsageID": null, "originalNameUsageID": null, "nameAccordingToID": null, "namePublishedInID": null, "taxonConceptID": null, "scientificName": "Panaeolus foenisecii (Pers.) J.Schröt.", "acceptedNameUsage": null, "parentNameUsage": null, "originalNameUsage": null, "nameAccordingTo": null, "namePublishedIn": null, "namePublishedInYear": null, "higherClassification": null, "kingdom": "Fungi", "phylum": "Basidiomycota", "class": "Agaricomycetes", "order": "Agaricales", "superfamily": null, "family": "Bolbitiaceae", "subfamily": null, "tribe": null, "subtribe": null, "genus": "Panaeolina", "genericName": "Panaeolus", "subgenus": null, "infragenericEpithet": null, "specificEpithet": "foenisecii", "infraspecificEpithet": null, "cultivarEpithet": null, "taxonRank": "SPECIES", "verbatimTaxonRank": null, "vernacularName": null, "nomenclaturalCode": null, "taxonomicStatus": "SYNONYM", "nomenclaturalStatus": null, "taxonRemarks": null, "datasetKey": "50c9509d-22c7-4a22-a47d-8c48425ef4a7", "publishingCountry": "US", "lastInterpreted": "2025-10-14T16:53:47.292Z", "elevation": null, "elevationAccuracy": null, "depth": null, "depthAccuracy": null, "distanceFromCentroidInMeters": null, "issue": "COORDINATE_ROUNDED;CONTINENT_DERIVED_FROM_COORDINATES;TAXON_ID_NOT_FOUND", "taxonomicIssue": "TAXON_ID_NOT_FOUND", "nonTaxonomicIssue": null, "mediaType": "StillImage;StillImage;StillImage", "hasCoordinate": true, "hasGeospatialIssues": false, "taxonKey": 2526702, "acceptedTaxonKey": 2526698, "kingdomKey": 5, "phylumKey": 34, "classKey": 186, "orderKey": 1499, "familyKey": 8440, "genusKey": 2526697, "subgenusKey": null, "speciesKey": 2526698, "species": "Panaeolina foenisecii", "acceptedScientificName": "Panaeolina foenisecii (Pers.) Maire", "verbatimScientificName": "Panaeolus foenisecii", "typifiedName": null, "protocol": "DWC_ARCHIVE", "lastParsed": "2025-10-14T16:53:47.292Z", "lastCrawled": "2025-10-14T04:54:04.400Z", "isInvasive": null, "repatriated": false, "relativeOrganismQuantity": null, "projectId": "https://www.inaturalist.org/projects/fungi-of-the-california-floristic-province;https://www.inaturalist.org/projects/l-a-nature-map;https://www.inaturalist.org/projects/wildlife-of-santa-monica-mountains;https://www.inaturalist.org/projects/los-angeles-river-watershed;https://www.inaturalist.org/projects/superproject-2017", "isSequenced": false, "gbifRegion": "NORTH_AMERICA", "publishedByGbifRegion": "NORTH_AMERICA", "level0Gid": "USA", "level0Name": "United States", "level1Gid": "USA.5_1", "level1Name": "California", "level2Gid": "USA.5.19_1", "level2Name": "Los Angeles", "level3Gid": null, "level3Name": null, "iucnRedListCategory": null, "type_2": "StillImage", "format": "image/jpeg", "identifier": "https://inaturalist-open-data.s3.amazonaws.com/photos/18203955/original.jpg", "references_2": "https://www.inaturalist.org/photos/18203955" }, "geometry": { "type": "Point", "coordinates": [ -118.328912, 34.151611 ] } },
{ "type": "Feature", "properties": { "gbifID": 1703184708, "accessRights": null, "bibliographicCitation": null, "language": null, "license": "CC_BY_NC_4_0", "modified": "2020-08-07T00:08:37Z", "publisher": "iNaturalist.org", "references": "https://www.inaturalist.org/observations/8869424", "rightsHolder": "Rebecca Marschall", "type": null, "institutionID": null, "collectionID": null, "datasetID": null, "institutionCode": "iNaturalist", "collectionCode": "Observations", "datasetName": "iNaturalist research-grade observations", "ownerInstitutionCode": null, "basisOfRecord": "HUMAN_OBSERVATION", "informationWithheld": "Coordinate uncertainty increased to 28860m at the request of the observer", "dataGeneralizations": null, "dynamicProperties": null, "occurrenceID": "https://www.inaturalist.org/observations/8869424", "catalogNumber": 8869424, "recordNumber": null, "recordedBy": "Rebecca Marschall", "recordedByID": null, "individualCount": null, "organismQuantity": null, "organismQuantityType": null, "sex": null, "lifeStage": null, "reproductiveCondition": null, "caste": null, "behavior": null, "vitality": null, "establishmentMeans": null, "degreeOfEstablishment": null, "pathway": null, "georeferenceVerificationStatus": null, "occurrenceStatus": "PRESENT", "preparations": null, "disposition": null, "associatedOccurrences": null, "associatedReferences": null, "associatedSequences": null, "associatedTaxa": null, "otherCatalogNumbers": null, "occurrenceRemarks": null, "organismID": null, "organismName": null, "organismScope": null, "associatedOrganisms": null, "previousIdentifications": null, "organismRemarks": null, "materialEntityID": null, "materialEntityRemarks": null, "verbatimLabel": null, "materialSampleID": null, "eventID": null, "parentEventID": null, "eventType": null, "fieldNumber": null, "eventDate": "2017-11-01", "eventTime": "16:32:51", "startDayOfYear": 305, "endDayOfYear": 305, "year": 2017, "month": 11, "day": 1, "verbatimEventDate": "Wed Nov 01 2017 16:32:51 GMT-0700 (PDT)", "habitat": null, "samplingProtocol": null, "sampleSizeValue": null, "sampleSizeUnit": null, "samplingEffort": null, "fieldNotes": null, "eventRemarks": null, "locationID": null, "higherGeographyID": null, "higherGeography": null, "continent": "NORTH_AMERICA", "waterBody": null, "islandGroup": null, "island": null, "countryCode": "US", "stateProvince": "California", "county": null, "municipality": null, "locality": null, "verbatimLocality": "Los Angeles County, US-CA, US", "verbatimElevation": null, "verticalDatum": null, "verbatimDepth": null, "minimumDistanceAboveSurfaceInMeters": null, "maximumDistanceAboveSurfaceInMeters": null, "locationAccordingTo": null, "locationRemarks": null, "decimalLatitude": 34.156334, "decimalLongitude": -118.300189, "coordinateUncertaintyInMeters": 28860.0, "coordinatePrecision": null, "pointRadiusSpatialFit": null, "verbatimCoordinateSystem": null, "verbatimSRS": null, "footprintWKT": null, "footprintSRS": null, "footprintSpatialFit": null, "georeferencedBy": null, "georeferencedDate": null, "georeferenceProtocol": null, "georeferenceSources": null, "georeferenceRemarks": null, "geologicalContextID": null, "earliestEonOrLowestEonothem": null, "latestEonOrHighestEonothem": null, "earliestEraOrLowestErathem": null, "latestEraOrHighestErathem": null, "earliestPeriodOrLowestSystem": null, "latestPeriodOrHighestSystem": null, "earliestEpochOrLowestSeries": null, "latestEpochOrHighestSeries": null, "earliestAgeOrLowestStage": null, "latestAgeOrHighestStage": null, "lowestBiostratigraphicZone": null, "highestBiostratigraphicZone": null, "lithostratigraphicTerms": null, "group": null, "formation": null, "member": null, "bed": null, "identificationID": 18967772, "verbatimIdentification": null, "identificationQualifier": null, "typeStatus": null, "identifiedBy": "Rebecca Marschall", "identifiedByID": null, "dateIdentified": "2017-11-20", "identificationReferences": null, "identificationVerificationStatus": null, "identificationRemarks": null, "taxonID": 128521, "scientificNameID": null, "acceptedNameUsageID": 2524103, "parentNameUsageID": null, "originalNameUsageID": null, "nameAccordingToID": null, "namePublishedInID": null, "taxonConceptID": null, "scientificName": "Phallus hadriani Vent.", "acceptedNameUsage": null, "parentNameUsage": null, "originalNameUsage": null, "nameAccordingTo": null, "namePublishedIn": null, "namePublishedInYear": null, "higherClassification": null, "kingdom": "Fungi", "phylum": "Basidiomycota", "class": "Agaricomycetes", "order": "Phallales", "superfamily": null, "family": "Phallaceae", "subfamily": null, "tribe": null, "subtribe": null, "genus": "Phallus", "genericName": "Phallus", "subgenus": null, "infragenericEpithet": null, "specificEpithet": "hadriani", "infraspecificEpithet": null, "cultivarEpithet": null, "taxonRank": "SPECIES", "verbatimTaxonRank": null, "vernacularName": null, "nomenclaturalCode": null, "taxonomicStatus": "ACCEPTED", "nomenclaturalStatus": null, "taxonRemarks": null, "datasetKey": "50c9509d-22c7-4a22-a47d-8c48425ef4a7", "publishingCountry": "US", "lastInterpreted": "2025-10-14T15:26:18.873Z", "elevation": null, "elevationAccuracy": null, "depth": null, "depthAccuracy": null, "distanceFromCentroidInMeters": null, "issue": "COORDINATE_ROUNDED;CONTINENT_DERIVED_FROM_COORDINATES;TAXON_ID_NOT_FOUND", "taxonomicIssue": "TAXON_ID_NOT_FOUND", "nonTaxonomicIssue": null, "mediaType": "StillImage", "hasCoordinate": true, "hasGeospatialIssues": false, "taxonKey": 2524103, "acceptedTaxonKey": 2524103, "kingdomKey": 5, "phylumKey": 34, "classKey": 186, "orderKey": 532, "familyKey": 3292, "genusKey": 2524102, "subgenusKey": null, "speciesKey": 2524103, "species": "Phallus hadriani", "acceptedScientificName": "Phallus hadriani Vent.", "verbatimScientificName": "Phallus hadriani", "typifiedName": null, "protocol": "DWC_ARCHIVE", "lastParsed": "2025-10-14T15:26:18.873Z", "lastCrawled": "2025-10-14T04:54:04.400Z", "isInvasive": null, "repatriated": false, "relativeOrganismQuantity": null, "projectId": "https://www.inaturalist.org/projects/fungi-of-the-california-floristic-province;https://www.inaturalist.org/projects/los-angeles-city-biodiversity-initiative;https://www.inaturalist.org/projects/l-a-nature-map;https://www.inaturalist.org/projects/superproject-2017", "isSequenced": false, "gbifRegion": "NORTH_AMERICA", "publishedByGbifRegion": "NORTH_AMERICA", "level0Gid": "USA", "level0Name": "United States", "level1Gid": "USA.5_1", "level1Name": "California", "level2Gid": "USA.5.19_1", "level2Name": "Los Angeles", "level3Gid": null, "level3Name": null, "iucnRedListCategory": null, "type_2": "StillImage", "format": "image/jpeg", "identifier": "https://inaturalist-open-data.s3.amazonaws.com/photos/11925559/original.jpg", "references_2": "https://www.inaturalist.org/photos/11925559" }, "geometry": { "type": "Point", "coordinates": [ -118.300189, 34.156334 ] } },
{ "type": "Feature", "properties": { "gbifID": 1135342233, "accessRights": null, "bibliographicCitation": null, "language": null, "license": "CC_BY_NC_4_0", "modified": "2020-08-06T22:10:52Z", "publisher": "iNaturalist.org", "references": "https://www.inaturalist.org/observations/27512", "rightsHolder": "Rebecca Marschall", "type": null, "institutionID": null, "collectionID": null, "datasetID": null, "institutionCode": "iNaturalist", "collectionCode": "Observations", "datasetName": "iNaturalist research-grade observations", "ownerInstitutionCode": null, "basisOfRecord": "HUMAN_OBSERVATION", "informationWithheld": "Coordinate uncertainty increased to 10000m at the request of the observer", "dataGeneralizations": null, "dynamicProperties": null, "occurrenceID": "http://www.inaturalist.org/observations/27512", "catalogNumber": 27512, "recordNumber": null, "recordedBy": "Rebecca Marschall", "recordedByID": null, "individualCount": null, "organismQuantity": null, "organismQuantityType": null, "sex": null, "lifeStage": null, "reproductiveCondition": null, "caste": null, "behavior": null, "vitality": null, "establishmentMeans": null, "degreeOfEstablishment": null, "pathway": null, "georeferenceVerificationStatus": null, "occurrenceStatus": "PRESENT", "preparations": null, "disposition": null, "associatedOccurrences": null, "associatedReferences": null, "associatedSequences": null, "associatedTaxa": null, "otherCatalogNumbers": null, "occurrenceRemarks": null, "organismID": null, "organismName": null, "organismScope": null, "associatedOrganisms": null, "previousIdentifications": null, "organismRemarks": null, "materialEntityID": null, "materialEntityRemarks": null, "verbatimLabel": null, "materialSampleID": null, "eventID": null, "parentEventID": null, "eventType": null, "fieldNumber": null, "eventDate": "2011-08-10", "eventTime": "06:43:00", "startDayOfYear": 222, "endDayOfYear": 222, "year": 2011, "month": 8, "day": 10, "verbatimEventDate": "August 10, 2011 06:43", "habitat": null, "samplingProtocol": null, "sampleSizeValue": null, "sampleSizeUnit": null, "samplingEffort": null, "fieldNotes": null, "eventRemarks": null, "locationID": null, "higherGeographyID": null, "higherGeography": null, "continent": "NORTH_AMERICA", "waterBody": null, "islandGroup": null, "island": null, "countryCode": "US", "stateProvince": "California", "county": null, "municipality": null, "locality": null, "verbatimLocality": "Los Angeles County, US-CA, US", "verbatimElevation": null, "verticalDatum": null, "verbatimDepth": null, "minimumDistanceAboveSurfaceInMeters": null, "maximumDistanceAboveSurfaceInMeters": null, "locationAccordingTo": null, "locationRemarks": null, "decimalLatitude": 34.142295, "decimalLongitude": -118.343729, "coordinateUncertaintyInMeters": 10000.0, "coordinatePrecision": null, "pointRadiusSpatialFit": null, "verbatimCoordinateSystem": null, "verbatimSRS": null, "footprintWKT": null, "footprintSRS": null, "footprintSpatialFit": null, "georeferencedBy": null, "georeferencedDate": null, "georeferenceProtocol": null, "georeferenceSources": null, "georeferenceRemarks": null, "geologicalContextID": null, "earliestEonOrLowestEonothem": null, "latestEonOrHighestEonothem": null, "earliestEraOrLowestErathem": null, "latestEraOrHighestErathem": null, "earliestPeriodOrLowestSystem": null, "latestPeriodOrHighestSystem": null, "earliestEpochOrLowestSeries": null, "latestEpochOrHighestSeries": null, "earliestAgeOrLowestStage": null, "latestAgeOrHighestStage": null, "lowestBiostratigraphicZone": null, "highestBiostratigraphicZone": null, "lithostratigraphicTerms": null, "group": null, "formation": null, "member": null, "bed": null, "identificationID": 33063, "verbatimIdentification": null, "identificationQualifier": null, "typeStatus": null, "identifiedBy": "Rebecca Marschall", "identifiedByID": null, "dateIdentified": "2011-08-11", "identificationReferences": null, "identificationVerificationStatus": null, "identificationRemarks": null, "taxonID": 63583, "scientificNameID": null, "acceptedNameUsageID": 2534522, "parentNameUsageID": null, "originalNameUsageID": null, "nameAccordingToID": null, "namePublishedInID": null, "taxonConceptID": null, "scientificName": "Parasola plicatilis (Curtis) Redhead, Vilgalys & Hopple", "acceptedNameUsage": null, "parentNameUsage": null, "originalNameUsage": null, "nameAccordingTo": null, "namePublishedIn": null, "namePublishedInYear": null, "higherClassification": null, "kingdom": "Fungi", "phylum": "Basidiomycota", "class": "Agaricomycetes", "order": "Agaricales", "superfamily": null, "family": "Psathyrellaceae", "subfamily": null, "tribe": null, "subtribe": null, "genus": "Parasola", "genericName": "Parasola", "subgenus": null, "infragenericEpithet": null, "specificEpithet": "plicatilis", "infraspecificEpithet": null, "cultivarEpithet": null, "taxonRank": "SPECIES", "verbatimTaxonRank": null, "vernacularName": null, "nomenclaturalCode": null, "taxonomicStatus": "ACCEPTED", "nomenclaturalStatus": null, "taxonRemarks": null, "datasetKey": "50c9509d-22c7-4a22-a47d-8c48425ef4a7", "publishingCountry": "US", "lastInterpreted": "2025-10-14T15:24:15.877Z", "elevation": null, "elevationAccuracy": null, "depth": null, "depthAccuracy": null, "distanceFromCentroidInMeters": null, "issue": "COORDINATE_ROUNDED;CONTINENT_DERIVED_FROM_COORDINATES;TAXON_ID_NOT_FOUND", "taxonomicIssue": "TAXON_ID_NOT_FOUND", "nonTaxonomicIssue": null, "mediaType": null, "hasCoordinate": true, "hasGeospatialIssues": false, "taxonKey": 2534522, "acceptedTaxonKey": 2534522, "kingdomKey": 5, "phylumKey": 34, "classKey": 186, "orderKey": 1499, "familyKey": 4184, "genusKey": 2534499, "subgenusKey": null, "speciesKey": 2534522, "species": "Parasola plicatilis", "acceptedScientificName": "Parasola plicatilis (Curtis) Redhead, Vilgalys & Hopple", "verbatimScientificName": "Parasola plicatilis", "typifiedName": null, "protocol": "DWC_ARCHIVE", "lastParsed": "2025-10-14T15:24:15.877Z", "lastCrawled": "2025-10-14T04:54:04.400Z", "isInvasive": null, "repatriated": false, "relativeOrganismQuantity": null, "projectId": "https://www.inaturalist.org/projects/fungi-of-the-california-floristic-province;https://www.inaturalist.org/projects/los-angeles-city-biodiversity-initiative;https://www.inaturalist.org/projects/l-a-nature-map", "isSequenced": false, "gbifRegion": "NORTH_AMERICA", "publishedByGbifRegion": "NORTH_AMERICA", "level0Gid": "USA", "level0Name": "United States", "level1Gid": "USA.5_1", "level1Name": "California", "level2Gid": "USA.5.19_1", "level2Name": "Los Angeles", "level3Gid": null, "level3Name": null, "iucnRedListCategory": null, "type_2": null, "format": null, "identifier": null, "references_2": null }, "geometry": { "type": "Point", "coordinates": [ -118.343729, 34.142295 ] } },
{ "type": "Feature", "properties": { "gbifID": 5840057148, "accessRights": null, "bibliographicCitation": null, "language": null, "license": "CC_BY_NC_4_0", "modified": "2025-10-03T16:30:47Z", "publisher": "iNaturalist.org", "references": "https://www.inaturalist.org/observations/318284961", "rightsHolder": "Rebecca Marschall", "type": null, "institutionID": null, "collectionID": null, "datasetID": null, "institutionCode": "iNaturalist", "collectionCode": "Observations", "datasetName": "iNaturalist research-grade observations", "ownerInstitutionCode": null, "basisOfRecord": "HUMAN_OBSERVATION", "informationWithheld": null, "dataGeneralizations": null, "dynamicProperties": null, "occurrenceID": "https://www.inaturalist.org/observations/318284961", "catalogNumber": 318284961, "recordNumber": null, "recordedBy": "Rebecca Marschall", "recordedByID": null, "individualCount": null, "organismQuantity": null, "organismQuantityType": null, "sex": null, "lifeStage": null, "reproductiveCondition": null, "caste": null, "behavior": null, "vitality": null, "establishmentMeans": null, "degreeOfEstablishment": null, "pathway": null, "georeferenceVerificationStatus": null, "occurrenceStatus": "PRESENT", "preparations": null, "disposition": null, "associatedOccurrences": null, "associatedReferences": null, "associatedSequences": null, "associatedTaxa": null, "otherCatalogNumbers": null, "occurrenceRemarks": null, "organismID": null, "organismName": null, "organismScope": null, "associatedOrganisms": null, "previousIdentifications": null, "organismRemarks": null, "materialEntityID": null, "materialEntityRemarks": null, "verbatimLabel": null, "materialSampleID": null, "eventID": null, "parentEventID": null, "eventType": null, "fieldNumber": null, "eventDate": "2025-10-02", "eventTime": "10:23:32", "startDayOfYear": 275, "endDayOfYear": 275, "year": 2025, "month": 10, "day": 2, "verbatimEventDate": "2025-10-02 10:23:32", "habitat": null, "samplingProtocol": null, "sampleSizeValue": null, "sampleSizeUnit": null, "samplingEffort": null, "fieldNotes": null, "eventRemarks": null, "locationID": null, "higherGeographyID": null, "higherGeography": null, "continent": "NORTH_AMERICA", "waterBody": null, "islandGroup": null, "island": null, "countryCode": "US", "stateProvince": "California", "county": null, "municipality": null, "locality": null, "verbatimLocality": "Los Feliz Blvd, Los Angeles, CA, US", "verbatimElevation": null, "verticalDatum": null, "verbatimDepth": null, "minimumDistanceAboveSurfaceInMeters": null, "maximumDistanceAboveSurfaceInMeters": null, "locationAccordingTo": null, "locationRemarks": null, "decimalLatitude": 34.12177, "decimalLongitude": -118.269487, "coordinateUncertaintyInMeters": 13.0, "coordinatePrecision": null, "pointRadiusSpatialFit": null, "verbatimCoordinateSystem": null, "verbatimSRS": null, "footprintWKT": null, "footprintSRS": null, "footprintSpatialFit": null, "georeferencedBy": null, "georeferencedDate": null, "georeferenceProtocol": null, "georeferenceSources": null, "georeferenceRemarks": null, "geologicalContextID": null, "earliestEonOrLowestEonothem": null, "latestEonOrHighestEonothem": null, "earliestEraOrLowestErathem": null, "latestEraOrHighestErathem": null, "earliestPeriodOrLowestSystem": null, "latestPeriodOrHighestSystem": null, "earliestEpochOrLowestSeries": null, "latestEpochOrHighestSeries": null, "earliestAgeOrLowestStage": null, "latestAgeOrHighestStage": null, "lowestBiostratigraphicZone": null, "highestBiostratigraphicZone": null, "lithostratigraphicTerms": null, "group": null, "formation": null, "member": null, "bed": null, "identificationID": 706736199, "verbatimIdentification": null, "identificationQualifier": null, "typeStatus": null, "identifiedBy": "Rebecca Marschall", "identifiedByID": null, "dateIdentified": "2025-10-02", "identificationReferences": null, "identificationVerificationStatus": null, "identificationRemarks": null, "taxonID": 120154, "scientificNameID": null, "acceptedNameUsageID": 6016762, "parentNameUsageID": null, "originalNameUsageID": null, "nameAccordingToID": null, "namePublishedInID": null, "taxonConceptID": null, "scientificName": "Laetiporus gilbertsonii Burds.", "acceptedNameUsage": null, "parentNameUsage": null, "originalNameUsage": null, "nameAccordingTo": null, "namePublishedIn": null, "namePublishedInYear": null, "higherClassification": null, "kingdom": "Fungi", "phylum": "Basidiomycota", "class": "Agaricomycetes", "order": "Polyporales", "superfamily": null, "family": "Laetiporaceae", "subfamily": null, "tribe": null, "subtribe": null, "genus": "Laetiporus", "genericName": "Laetiporus", "subgenus": null, "infragenericEpithet": null, "specificEpithet": "gilbertsonii", "infraspecificEpithet": null, "cultivarEpithet": null, "taxonRank": "SPECIES", "verbatimTaxonRank": null, "vernacularName": null, "nomenclaturalCode": null, "taxonomicStatus": "ACCEPTED", "nomenclaturalStatus": null, "taxonRemarks": null, "datasetKey": "50c9509d-22c7-4a22-a47d-8c48425ef4a7", "publishingCountry": "US", "lastInterpreted": "2025-10-14T18:12:02.509Z", "elevation": null, "elevationAccuracy": null, "depth": null, "depthAccuracy": null, "distanceFromCentroidInMeters": null, "issue": "COORDINATE_ROUNDED;CONTINENT_DERIVED_FROM_COORDINATES;TAXON_ID_NOT_FOUND", "taxonomicIssue": "TAXON_ID_NOT_FOUND", "nonTaxonomicIssue": null, "mediaType": "StillImage;StillImage", "hasCoordinate": true, "hasGeospatialIssues": false, "taxonKey": 6016762, "acceptedTaxonKey": 6016762, "kingdomKey": 5, "phylumKey": 34, "classKey": 186, "orderKey": 1145, "familyKey": 3272667, "genusKey": 2542160, "subgenusKey": null, "speciesKey": 6016762, "species": "Laetiporus gilbertsonii", "acceptedScientificName": "Laetiporus gilbertsonii Burds.", "verbatimScientificName": "Laetiporus gilbertsonii", "typifiedName": null, "protocol": "DWC_ARCHIVE", "lastParsed": "2025-10-14T18:12:02.509Z", "lastCrawled": "2025-10-14T04:54:04.400Z", "isInvasive": null, "repatriated": false, "relativeOrganismQuantity": null, "projectId": "https://www.inaturalist.org/projects/fungi-of-the-california-floristic-province", "isSequenced": false, "gbifRegion": "NORTH_AMERICA", "publishedByGbifRegion": "NORTH_AMERICA", "level0Gid": "USA", "level0Name": "United States", "level1Gid": "USA.5_1", "level1Name": "California", "level2Gid": "USA.5.19_1", "level2Name": "Los Angeles", "level3Gid": null, "level3Name": null, "iucnRedListCategory": null, "type_2": "StillImage", "format": "image/jpeg", "identifier": "https://inaturalist-open-data.s3.amazonaws.com/photos/575221979/original.jpg", "references_2": "https://www.inaturalist.org/photos/575221979" }, "geometry": { "type": "Point", "coordinates": [ -118.269487, 34.12177 ] } },
{ "type": "Feature", "properties": { "gbifID": 4936368647, "accessRights": null, "bibliographicCitation": null, "language": null, "license": "CC_BY_NC_4_0", "modified": "2024-08-31T02:09:11Z", "publisher": "iNaturalist.org", "references": "https://www.inaturalist.org/observations/146646269", "rightsHolder": "naturephotosuze", "type": null, "institutionID": null, "collectionID": null, "datasetID": null, "institutionCode": "iNaturalist", "collectionCode": "Observations", "datasetName": "iNaturalist research-grade observations", "ownerInstitutionCode": null, "basisOfRecord": "HUMAN_OBSERVATION", "informationWithheld": null, "dataGeneralizations": null, "dynamicProperties": null, "occurrenceID": "https://www.inaturalist.org/observations/146646269", "catalogNumber": 146646269, "recordNumber": null, "recordedBy": "naturephotosuze", "recordedByID": null, "individualCount": null, "organismQuantity": null, "organismQuantityType": null, "sex": null, "lifeStage": null, "reproductiveCondition": null, "caste": null, "behavior": null, "vitality": null, "establishmentMeans": null, "degreeOfEstablishment": null, "pathway": null, "georeferenceVerificationStatus": null, "occurrenceStatus": "PRESENT", "preparations": null, "disposition": null, "associatedOccurrences": null, "associatedReferences": null, "associatedSequences": null, "associatedTaxa": null, "otherCatalogNumbers": null, "occurrenceRemarks": "LA River Colfax", "organismID": null, "organismName": null, "organismScope": null, "associatedOrganisms": null, "previousIdentifications": null, "organismRemarks": null, "materialEntityID": null, "materialEntityRemarks": null, "verbatimLabel": null, "materialSampleID": null, "eventID": null, "parentEventID": null, "eventType": null, "fieldNumber": null, "eventDate": "2023-01-15", "eventTime": "09:31:00", "startDayOfYear": 15, "endDayOfYear": 15, "year": 2023, "month": 1, "day": 15, "verbatimEventDate": "2023/01/15 9:31 AM", "habitat": null, "samplingProtocol": null, "sampleSizeValue": null, "sampleSizeUnit": null, "samplingEffort": null, "fieldNotes": null, "eventRemarks": null, "locationID": null, "higherGeographyID": null, "higherGeography": null, "continent": "NORTH_AMERICA", "waterBody": null, "islandGroup": null, "island": null, "countryCode": "US", "stateProvince": "California", "county": null, "municipality": null, "locality": null, "verbatimLocality": "Studio City, Los Angeles, CA, USA", "verbatimElevation": null, "verticalDatum": null, "verbatimDepth": null, "minimumDistanceAboveSurfaceInMeters": null, "maximumDistanceAboveSurfaceInMeters": null, "locationAccordingTo": null, "locationRemarks": null, "decimalLatitude": 34.141889, "decimalLongitude": -118.387259, "coordinateUncertaintyInMeters": 1.0, "coordinatePrecision": null, "pointRadiusSpatialFit": null, "verbatimCoordinateSystem": null, "verbatimSRS": null, "footprintWKT": null, "footprintSRS": null, "footprintSpatialFit": null, "georeferencedBy": null, "georeferencedDate": null, "georeferenceProtocol": null, "georeferenceSources": null, "georeferenceRemarks": null, "geologicalContextID": null, "earliestEonOrLowestEonothem": null, "latestEonOrHighestEonothem": null, "earliestEraOrLowestErathem": null, "latestEraOrHighestErathem": null, "earliestPeriodOrLowestSystem": null, "latestPeriodOrHighestSystem": null, "earliestEpochOrLowestSeries": null, "latestEpochOrHighestSeries": null, "earliestAgeOrLowestStage": null, "latestAgeOrHighestStage": null, "lowestBiostratigraphicZone": null, "highestBiostratigraphicZone": null, "lithostratigraphicTerms": null, "group": null, "formation": null, "member": null, "bed": null, "identificationID": 327476789, "verbatimIdentification": null, "identificationQualifier": null, "typeStatus": null, "identifiedBy": "naturephotosuze", "identifiedByID": null, "dateIdentified": "2023-01-15", "identificationReferences": null, "identificationVerificationStatus": null, "identificationRemarks": null, "taxonID": 202437, "scientificNameID": null, "acceptedNameUsageID": 2552247, "parentNameUsageID": null, "originalNameUsageID": null, "nameAccordingToID": null, "namePublishedInID": null, "taxonConceptID": null, "scientificName": "Peniophora albobadia (Schwein.) Boidin", "acceptedNameUsage": null, "parentNameUsage": null, "originalNameUsage": null, "nameAccordingTo": null, "namePublishedIn": null, "namePublishedInYear": null, "higherClassification": null, "kingdom": "Fungi", "phylum": "Basidiomycota", "class": "Agaricomycetes", "order": "Russulales", "superfamily": null, "family": "Peniophoraceae", "subfamily": null, "tribe": null, "subtribe": null, "genus": "Peniophora", "genericName": "Peniophora", "subgenus": null, "infragenericEpithet": null, "specificEpithet": "albobadia", "infraspecificEpithet": null, "cultivarEpithet": null, "taxonRank": "SPECIES", "verbatimTaxonRank": null, "vernacularName": null, "nomenclaturalCode": null, "taxonomicStatus": "ACCEPTED", "nomenclaturalStatus": null, "taxonRemarks": null, "datasetKey": "50c9509d-22c7-4a22-a47d-8c48425ef4a7", "publishingCountry": "US", "lastInterpreted": "2025-10-14T16:06:02.467Z", "elevation": null, "elevationAccuracy": null, "depth": null, "depthAccuracy": null, "distanceFromCentroidInMeters": null, "issue": "COORDINATE_ROUNDED;CONTINENT_DERIVED_FROM_COORDINATES;TAXON_ID_NOT_FOUND", "taxonomicIssue": "TAXON_ID_NOT_FOUND", "nonTaxonomicIssue": null, "mediaType": null, "hasCoordinate": true, "hasGeospatialIssues": false, "taxonKey": 2552247, "acceptedTaxonKey": 2552247, "kingdomKey": 5, "phylumKey": 34, "classKey": 186, "orderKey": 1144, "familyKey": 7610, "genusKey": 2513703, "subgenusKey": null, "speciesKey": 2552247, "species": "Peniophora albobadia", "acceptedScientificName": "Peniophora albobadia (Schwein.) Boidin", "verbatimScientificName": "Peniophora albobadia", "typifiedName": null, "protocol": "DWC_ARCHIVE", "lastParsed": "2025-10-14T16:06:02.467Z", "lastCrawled": "2025-10-14T04:54:04.400Z", "isInvasive": null, "repatriated": false, "relativeOrganismQuantity": null, "projectId": "https://www.inaturalist.org/projects/fungi-of-the-california-floristic-province", "isSequenced": false, "gbifRegion": "NORTH_AMERICA", "publishedByGbifRegion": "NORTH_AMERICA", "level0Gid": "USA", "level0Name": "United States", "level1Gid": "USA.5_1", "level1Name": "California", "level2Gid": "USA.5.19_1", "level2Name": "Los Angeles", "level3Gid": null, "level3Name": null, "iucnRedListCategory": null, "type_2": null, "format": null, "identifier": null, "references_2": null }, "geometry": { "type": "Point", "coordinates": [ -118.387259, 34.141889 ] } },
{ "type": "Feature", "properties": { "gbifID": 4510371960, "accessRights": null, "bibliographicCitation": null, "language": null, "license": "CC_BY_NC_4_0", "modified": "2024-01-20T05:58:22Z", "publisher": "iNaturalist.org", "references": "https://www.inaturalist.org/observations/195730872", "rightsHolder": "leighlaughing", "type": null, "institutionID": null, "collectionID": null, "datasetID": null, "institutionCode": "iNaturalist", "collectionCode": "Observations", "datasetName": "iNaturalist research-grade observations", "ownerInstitutionCode": null, "basisOfRecord": "HUMAN_OBSERVATION", "informationWithheld": null, "dataGeneralizations": null, "dynamicProperties": null, "occurrenceID": "https://www.inaturalist.org/observations/195730872", "catalogNumber": 195730872, "recordNumber": null, "recordedBy": "leighlaughing", "recordedByID": null, "individualCount": null, "organismQuantity": null, "organismQuantityType": null, "sex": null, "lifeStage": null, "reproductiveCondition": null, "caste": null, "behavior": null, "vitality": null, "establishmentMeans": null, "degreeOfEstablishment": null, "pathway": null, "georeferenceVerificationStatus": null, "occurrenceStatus": "PRESENT", "preparations": null, "disposition": null, "associatedOccurrences": null, "associatedReferences": null, "associatedSequences": null, "associatedTaxa": null, "otherCatalogNumbers": null, "occurrenceRemarks": null, "organismID": null, "organismName": null, "organismScope": null, "associatedOrganisms": null, "previousIdentifications": null, "organismRemarks": null, "materialEntityID": null, "materialEntityRemarks": null, "verbatimLabel": null, "materialSampleID": null, "eventID": null, "parentEventID": null, "eventType": null, "fieldNumber": null, "eventDate": "2024-01-03", "eventTime": "14:32:06", "startDayOfYear": 3, "endDayOfYear": 3, "year": 2024, "month": 1, "day": 3, "verbatimEventDate": "2024-01-03 14:32:06-08:00", "habitat": null, "samplingProtocol": null, "sampleSizeValue": null, "sampleSizeUnit": null, "samplingEffort": null, "fieldNotes": null, "eventRemarks": null, "locationID": null, "higherGeographyID": null, "higherGeography": null, "continent": "NORTH_AMERICA", "waterBody": null, "islandGroup": null, "island": null, "countryCode": "US", "stateProvince": "California", "county": null, "municipality": null, "locality": null, "verbatimLocality": "N Avenue 18, Los Angeles, CA, US", "verbatimElevation": null, "verticalDatum": null, "verbatimDepth": null, "minimumDistanceAboveSurfaceInMeters": null, "maximumDistanceAboveSurfaceInMeters": null, "locationAccordingTo": null, "locationRemarks": null, "decimalLatitude": 34.073386, "decimalLongitude": -118.224412, "coordinateUncertaintyInMeters": 10.0, "coordinatePrecision": null, "pointRadiusSpatialFit": null, "verbatimCoordinateSystem": null, "verbatimSRS": null, "footprintWKT": null, "footprintSRS": null, "footprintSpatialFit": null, "georeferencedBy": null, "georeferencedDate": null, "georeferenceProtocol": null, "georeferenceSources": null, "georeferenceRemarks": null, "geologicalContextID": null, "earliestEonOrLowestEonothem": null, "latestEonOrHighestEonothem": null, "earliestEraOrLowestErathem": null, "latestEraOrHighestErathem": null, "earliestPeriodOrLowestSystem": null, "latestPeriodOrHighestSystem": null, "earliestEpochOrLowestSeries": null, "latestEpochOrHighestSeries": null, "earliestAgeOrLowestStage": null, "latestAgeOrHighestStage": null, "lowestBiostratigraphicZone": null, "highestBiostratigraphicZone": null, "lithostratigraphicTerms": null, "group": null, "formation": null, "member": null, "bed": null, "identificationID": 440390331, "verbatimIdentification": null, "identificationQualifier": null, "typeStatus": null, "identifiedBy": "leighlaughing", "identifiedByID": null, "dateIdentified": "2024-01-04", "identificationReferences": null, "identificationVerificationStatus": null, "identificationRemarks": null, "taxonID": 54573, "scientificNameID": null, "acceptedNameUsageID": 5241128, "parentNameUsageID": null, "originalNameUsageID": null, "nameAccordingToID": null, "namePublishedInID": null, "taxonConceptID": null, "scientificName": "Schizophyllum commune Fr.", "acceptedNameUsage": null, "parentNameUsage": null, "originalNameUsage": null, "nameAccordingTo": null, "namePublishedIn": null, "namePublishedInYear": null, "higherClassification": null, "kingdom": "Fungi", "phylum": "Basidiomycota", "class": "Agaricomycetes", "order": "Agaricales", "superfamily": null, "family": "Schizophyllaceae", "subfamily": null, "tribe": null, "subtribe": null, "genus": "Schizophyllum", "genericName": "Schizophyllum", "subgenus": null, "infragenericEpithet": null, "specificEpithet": "commune", "infraspecificEpithet": null, "cultivarEpithet": null, "taxonRank": "SPECIES", "verbatimTaxonRank": null, "vernacularName": null, "nomenclaturalCode": null, "taxonomicStatus": "ACCEPTED", "nomenclaturalStatus": null, "taxonRemarks": null, "datasetKey": "50c9509d-22c7-4a22-a47d-8c48425ef4a7", "publishingCountry": "US", "lastInterpreted": "2025-10-14T17:43:45.445Z", "elevation": null, "elevationAccuracy": null, "depth": null, "depthAccuracy": null, "distanceFromCentroidInMeters": null, "issue": "COORDINATE_ROUNDED;CONTINENT_DERIVED_FROM_COORDINATES;TAXON_ID_NOT_FOUND", "taxonomicIssue": "TAXON_ID_NOT_FOUND", "nonTaxonomicIssue": null, "mediaType": "StillImage", "hasCoordinate": true, "hasGeospatialIssues": false, "taxonKey": 5241128, "acceptedTaxonKey": 5241128, "kingdomKey": 5, "phylumKey": 34, "classKey": 186, "orderKey": 1499, "familyKey": 4185, "genusKey": 2529580, "subgenusKey": null, "speciesKey": 5241128, "species": "Schizophyllum commune", "acceptedScientificName": "Schizophyllum commune Fr.", "verbatimScientificName": "Schizophyllum commune", "typifiedName": null, "protocol": "DWC_ARCHIVE", "lastParsed": "2025-10-14T17:43:45.445Z", "lastCrawled": "2025-10-14T04:54:04.400Z", "isInvasive": null, "repatriated": false, "relativeOrganismQuantity": null, "projectId": "https://www.inaturalist.org/projects/fungi-of-the-california-floristic-province", "isSequenced": false, "gbifRegion": "NORTH_AMERICA", "publishedByGbifRegion": "NORTH_AMERICA", "level0Gid": "USA", "level0Name": "United States", "level1Gid": "USA.5_1", "level1Name": "California", "level2Gid": "USA.5.19_1", "level2Name": "Los Angeles", "level3Gid": null, "level3Name": null, "iucnRedListCategory": null, "type_2": "StillImage", "format": "image/jpeg", "identifier": "https://inaturalist-open-data.s3.amazonaws.com/photos/344419388/original.jpg", "references_2": "https://www.inaturalist.org/photos/344419388" }, "geometry": { "type": "Point", "coordinates": [ -118.224412, 34.073386 ] } },
{ "type": "Feature", "properties": { "gbifID": 4936277774, "accessRights": null, "bibliographicCitation": null, "language": null, "license": "CC_BY_NC_4_0", "modified": "2024-08-31T02:09:11Z", "publisher": "iNaturalist.org", "references": "https://www.inaturalist.org/observations/195609578", "rightsHolder": "naturephotosuze", "type": null, "institutionID": null, "collectionID": null, "datasetID": null, "institutionCode": "iNaturalist", "collectionCode": "Observations", "datasetName": "iNaturalist research-grade observations", "ownerInstitutionCode": null, "basisOfRecord": "HUMAN_OBSERVATION", "informationWithheld": null, "dataGeneralizations": null, "dynamicProperties": null, "occurrenceID": "https://www.inaturalist.org/observations/195609578", "catalogNumber": 195609578, "recordNumber": null, "recordedBy": "naturephotosuze", "recordedByID": null, "individualCount": null, "organismQuantity": null, "organismQuantityType": null, "sex": null, "lifeStage": null, "reproductiveCondition": null, "caste": null, "behavior": null, "vitality": null, "establishmentMeans": null, "degreeOfEstablishment": null, "pathway": null, "georeferenceVerificationStatus": null, "occurrenceStatus": "PRESENT", "preparations": null, "disposition": null, "associatedOccurrences": null, "associatedReferences": null, "associatedSequences": null, "associatedTaxa": null, "otherCatalogNumbers": null, "occurrenceRemarks": "LA River Whitsett On CA wild rose", "organismID": null, "organismName": null, "organismScope": null, "associatedOrganisms": null, "previousIdentifications": null, "organismRemarks": null, "materialEntityID": null, "materialEntityRemarks": null, "verbatimLabel": null, "materialSampleID": null, "eventID": null, "parentEventID": null, "eventType": null, "fieldNumber": null, "eventDate": "2024-01-01", "eventTime": "14:10:00", "startDayOfYear": 1, "endDayOfYear": 1, "year": 2024, "month": 1, "day": 1, "verbatimEventDate": "2024/01/01 2:10 PM", "habitat": null, "samplingProtocol": null, "sampleSizeValue": null, "sampleSizeUnit": null, "samplingEffort": null, "fieldNotes": null, "eventRemarks": null, "locationID": null, "higherGeographyID": null, "higherGeography": null, "continent": "NORTH_AMERICA", "waterBody": null, "islandGroup": null, "island": null, "countryCode": "US", "stateProvince": "California", "county": null, "municipality": null, "locality": null, "verbatimLocality": "Studio City, Los Angeles, CA, USA", "verbatimElevation": null, "verticalDatum": null, "verbatimDepth": null, "minimumDistanceAboveSurfaceInMeters": null, "maximumDistanceAboveSurfaceInMeters": null, "locationAccordingTo": null, "locationRemarks": null, "decimalLatitude": 34.144729, "decimalLongitude": -118.407352, "coordinateUncertaintyInMeters": 8.0, "coordinatePrecision": null, "pointRadiusSpatialFit": null, "verbatimCoordinateSystem": null, "verbatimSRS": null, "footprintWKT": null, "footprintSRS": null, "footprintSpatialFit": null, "georeferencedBy": null, "georeferencedDate": null, "georeferenceProtocol": null, "georeferenceSources": null, "georeferenceRemarks": null, "geologicalContextID": null, "earliestEonOrLowestEonothem": null, "latestEonOrHighestEonothem": null, "earliestEraOrLowestErathem": null, "latestEraOrHighestErathem": null, "earliestPeriodOrLowestSystem": null, "latestPeriodOrHighestSystem": null, "earliestEpochOrLowestSeries": null, "latestEpochOrHighestSeries": null, "earliestAgeOrLowestStage": null, "latestAgeOrHighestStage": null, "lowestBiostratigraphicZone": null, "highestBiostratigraphicZone": null, "lithostratigraphicTerms": null, "group": null, "formation": null, "member": null, "bed": null, "identificationID": 440023299, "verbatimIdentification": null, "identificationQualifier": null, "typeStatus": null, "identifiedBy": "naturephotosuze", "identifiedByID": null, "dateIdentified": "2024-01-02", "identificationReferences": null, "identificationVerificationStatus": null, "identificationRemarks": null, "taxonID": 383622, "scientificNameID": null, "acceptedNameUsageID": 7789914, "parentNameUsageID": null, "originalNameUsageID": null, "nameAccordingToID": null, "namePublishedInID": null, "taxonConceptID": null, "scientificName": "Phragmidium mucronatum (Pers.) Schltdl.", "acceptedNameUsage": null, "parentNameUsage": null, "originalNameUsage": null, "nameAccordingTo": null, "namePublishedIn": null, "namePublishedInYear": null, "higherClassification": null, "kingdom": "Fungi", "phylum": "Basidiomycota", "class": "Pucciniomycetes", "order": "Pucciniales", "superfamily": null, "family": "Phragmidiaceae", "subfamily": null, "tribe": null, "subtribe": null, "genus": "Phragmidium", "genericName": "Phragmidium", "subgenus": null, "infragenericEpithet": null, "specificEpithet": "mucronatum", "infraspecificEpithet": null, "cultivarEpithet": null, "taxonRank": "SPECIES", "verbatimTaxonRank": null, "vernacularName": null, "nomenclaturalCode": null, "taxonomicStatus": "ACCEPTED", "nomenclaturalStatus": null, "taxonRemarks": null, "datasetKey": "50c9509d-22c7-4a22-a47d-8c48425ef4a7", "publishingCountry": "US", "lastInterpreted": "2025-10-14T17:43:46.805Z", "elevation": null, "elevationAccuracy": null, "depth": null, "depthAccuracy": null, "distanceFromCentroidInMeters": null, "issue": "COORDINATE_ROUNDED;CONTINENT_DERIVED_FROM_COORDINATES;TAXON_ID_NOT_FOUND", "taxonomicIssue": "TAXON_ID_NOT_FOUND", "nonTaxonomicIssue": null, "mediaType": null, "hasCoordinate": true, "hasGeospatialIssues": false, "taxonKey": 7789914, "acceptedTaxonKey": 7789914, "kingdomKey": 5, "phylumKey": 34, "classKey": 270, "orderKey": 1126, "familyKey": 7587, "genusKey": 2516372, "subgenusKey": null, "speciesKey": 7789914, "species": "Phragmidium mucronatum", "acceptedScientificName": "Phragmidium mucronatum (Pers.) Schltdl.", "verbatimScientificName": "Phragmidium mucronatum", "typifiedName": null, "protocol": "DWC_ARCHIVE", "lastParsed": "2025-10-14T17:43:46.805Z", "lastCrawled": "2025-10-14T04:54:04.400Z", "isInvasive": null, "repatriated": false, "relativeOrganismQuantity": null, "projectId": "https://www.inaturalist.org/projects/fungi-of-the-california-floristic-province", "isSequenced": false, "gbifRegion": "NORTH_AMERICA", "publishedByGbifRegion": "NORTH_AMERICA", "level0Gid": "USA", "level0Name": "United States", "level1Gid": "USA.5_1", "level1Name": "California", "level2Gid": "USA.5.19_1", "level2Name": "Los Angeles", "level3Gid": null, "level3Name": null, "iucnRedListCategory": null, "type_2": null, "format": null, "identifier": null, "references_2": null }, "geometry": { "type": "Point", "coordinates": [ -118.407352, 34.144729 ] } },
{ "type": "Feature", "properties": { "gbifID": 1453444298, "accessRights": null, "bibliographicCitation": null, "language": null, "license": "CC_BY_4_0", "modified": "2021-02-11T05:09:06Z", "publisher": "iNaturalist.org", "references": "https://www.inaturalist.org/observations/5146426", "rightsHolder": "Lila Higgins", "type": null, "institutionID": null, "collectionID": null, "datasetID": null, "institutionCode": "iNaturalist", "collectionCode": "Observations", "datasetName": "iNaturalist research-grade observations", "ownerInstitutionCode": null, "basisOfRecord": "HUMAN_OBSERVATION", "informationWithheld": null, "dataGeneralizations": null, "dynamicProperties": null, "occurrenceID": "https://www.inaturalist.org/observations/5146426", "catalogNumber": 5146426, "recordNumber": null, "recordedBy": "Lila Higgins", "recordedByID": null, "individualCount": null, "organismQuantity": null, "organismQuantityType": null, "sex": null, "lifeStage": null, "reproductiveCondition": null, "caste": null, "behavior": null, "vitality": null, "establishmentMeans": null, "degreeOfEstablishment": null, "pathway": null, "georeferenceVerificationStatus": null, "occurrenceStatus": "PRESENT", "preparations": null, "disposition": null, "associatedOccurrences": null, "associatedReferences": null, "associatedSequences": null, "associatedTaxa": null, "otherCatalogNumbers": null, "occurrenceRemarks": null, "organismID": null, "organismName": null, "organismScope": null, "associatedOrganisms": null, "previousIdentifications": null, "organismRemarks": null, "materialEntityID": null, "materialEntityRemarks": null, "verbatimLabel": null, "materialSampleID": null, "eventID": null, "parentEventID": null, "eventType": null, "fieldNumber": null, "eventDate": "2017-02-20", "eventTime": "15:06:01", "startDayOfYear": 51, "endDayOfYear": 51, "year": 2017, "month": 2, "day": 20, "verbatimEventDate": "Mon Feb 20 2017 15:06:01 GMT-0800 (PST)", "habitat": null, "samplingProtocol": null, "sampleSizeValue": null, "sampleSizeUnit": null, "samplingEffort": null, "fieldNotes": null, "eventRemarks": null, "locationID": null, "higherGeographyID": null, "higherGeography": null, "continent": "NORTH_AMERICA", "waterBody": null, "islandGroup": null, "island": null, "countryCode": "US", "stateProvince": "California", "county": null, "municipality": null, "locality": null, "verbatimLocality": "1875 Blake Ave, Los Angeles, CA, US", "verbatimElevation": null, "verticalDatum": null, "verbatimDepth": null, "minimumDistanceAboveSurfaceInMeters": null, "maximumDistanceAboveSurfaceInMeters": null, "locationAccordingTo": null, "locationRemarks": null, "decimalLatitude": 34.098854, "decimalLongitude": -118.242471, "coordinateUncertaintyInMeters": 48.0, "coordinatePrecision": null, "pointRadiusSpatialFit": null, "verbatimCoordinateSystem": null, "verbatimSRS": null, "footprintWKT": null, "footprintSRS": null, "footprintSpatialFit": null, "georeferencedBy": null, "georeferencedDate": null, "georeferenceProtocol": null, "georeferenceSources": null, "georeferenceRemarks": null, "geologicalContextID": null, "earliestEonOrLowestEonothem": null, "latestEonOrHighestEonothem": null, "earliestEraOrLowestErathem": null, "latestEraOrHighestErathem": null, "earliestPeriodOrLowestSystem": null, "latestPeriodOrHighestSystem": null, "earliestEpochOrLowestSeries": null, "latestEpochOrHighestSeries": null, "earliestAgeOrLowestStage": null, "latestAgeOrHighestStage": null, "lowestBiostratigraphicZone": null, "highestBiostratigraphicZone": null, "lithostratigraphicTerms": null, "group": null, "formation": null, "member": null, "bed": null, "identificationID": 10522334, "verbatimIdentification": null, "identificationQualifier": null, "typeStatus": null, "identifiedBy": "Lila Higgins", "identifiedByID": null, "dateIdentified": "2017-02-21", "identificationReferences": null, "identificationVerificationStatus": null, "identificationRemarks": null, "taxonID": 206090, "scientificNameID": null, "acceptedNameUsageID": 3495648, "parentNameUsageID": null, "originalNameUsageID": null, "nameAccordingToID": null, "namePublishedInID": null, "taxonConceptID": null, "scientificName": "Morchella rufobrunnea Guzmán & F.Tapia", "acceptedNameUsage": null, "parentNameUsage": null, "originalNameUsage": null, "nameAccordingTo": null, "namePublishedIn": null, "namePublishedInYear": null, "higherClassification": null, "kingdom": "Fungi", "phylum": "Ascomycota", "class": "Pezizomycetes", "order": "Pezizales", "superfamily": null, "family": "Morchellaceae", "subfamily": null, "tribe": null, "subtribe": null, "genus": "Morchella", "genericName": "Morchella", "subgenus": null, "infragenericEpithet": null, "specificEpithet": "rufobrunnea", "infraspecificEpithet": null, "cultivarEpithet": null, "taxonRank": "SPECIES", "verbatimTaxonRank": null, "vernacularName": null, "nomenclaturalCode": null, "taxonomicStatus": "ACCEPTED", "nomenclaturalStatus": null, "taxonRemarks": null, "datasetKey": "50c9509d-22c7-4a22-a47d-8c48425ef4a7", "publishingCountry": "US", "lastInterpreted": "2025-10-14T15:30:26.460Z", "elevation": null, "elevationAccuracy": null, "depth": null, "depthAccuracy": null, "distanceFromCentroidInMeters": null, "issue": "COORDINATE_ROUNDED;CONTINENT_DERIVED_FROM_COORDINATES;TAXON_ID_NOT_FOUND", "taxonomicIssue": "TAXON_ID_NOT_FOUND", "nonTaxonomicIssue": null, "mediaType": null, "hasCoordinate": true, "hasGeospatialIssues": false, "taxonKey": 3495648, "acceptedTaxonKey": 3495648, "kingdomKey": 5, "phylumKey": 95, "classKey": 316, "orderKey": 1057, "familyKey": 8398, "genusKey": 2594601, "subgenusKey": null, "speciesKey": 3495648, "species": "Morchella rufobrunnea", "acceptedScientificName": "Morchella rufobrunnea Guzmán & F.Tapia", "verbatimScientificName": "Morchella rufobrunnea", "typifiedName": null, "protocol": "DWC_ARCHIVE", "lastParsed": "2025-10-14T15:30:26.460Z", "lastCrawled": "2025-10-14T04:54:04.400Z", "isInvasive": null, "repatriated": false, "relativeOrganismQuantity": null, "projectId": "https://www.inaturalist.org/projects/north-american-mushrooms-and-fungi;https://www.inaturalist.org/projects/fungi-of-the-california-floristic-province;https://www.inaturalist.org/projects/los-angeles-city-biodiversity-initiative;https://www.inaturalist.org/projects/los-angeles-river-watershed", "isSequenced": false, "gbifRegion": "NORTH_AMERICA", "publishedByGbifRegion": "NORTH_AMERICA", "level0Gid": "USA", "level0Name": "United States", "level1Gid": "USA.5_1", "level1Name": "California", "level2Gid": "USA.5.19_1", "level2Name": "Los Angeles", "level3Gid": null, "level3Name": null, "iucnRedListCategory": null, "type_2": null, "format": null, "identifier": null, "references_2": null }, "geometry": { "type": "Point", "coordinates": [ -118.242471, 34.098854 ] } },
{ "type": "Feature", "properties": { "gbifID": 2236224129, "accessRights": null, "bibliographicCitation": null, "language": null, "license": "CC_BY_NC_4_0", "modified": "2021-01-13T00:51:08Z", "publisher": "iNaturalist.org", "references": "https://www.inaturalist.org/observations/22069342", "rightsHolder": "Rebecca Marschall", "type": null, "institutionID": null, "collectionID": null, "datasetID": null, "institutionCode": "iNaturalist", "collectionCode": "Observations", "datasetName": "iNaturalist research-grade observations", "ownerInstitutionCode": null, "basisOfRecord": "HUMAN_OBSERVATION", "informationWithheld": null, "dataGeneralizations": null, "dynamicProperties": null, "occurrenceID": "https://www.inaturalist.org/observations/22069342", "catalogNumber": 22069342, "recordNumber": null, "recordedBy": "Rebecca Marschall", "recordedByID": null, "individualCount": null, "organismQuantity": null, "organismQuantityType": null, "sex": null, "lifeStage": null, "reproductiveCondition": null, "caste": null, "behavior": null, "vitality": null, "establishmentMeans": null, "degreeOfEstablishment": null, "pathway": null, "georeferenceVerificationStatus": null, "occurrenceStatus": "PRESENT", "preparations": null, "disposition": null, "associatedOccurrences": null, "associatedReferences": null, "associatedSequences": null, "associatedTaxa": null, "otherCatalogNumbers": null, "occurrenceRemarks": null, "organismID": null, "organismName": null, "organismScope": null, "associatedOrganisms": null, "previousIdentifications": null, "organismRemarks": null, "materialEntityID": null, "materialEntityRemarks": null, "verbatimLabel": null, "materialSampleID": null, "eventID": null, "parentEventID": null, "eventType": null, "fieldNumber": null, "eventDate": "2019-03-22", "eventTime": "16:03:00", "startDayOfYear": 81, "endDayOfYear": 81, "year": 2019, "month": 3, "day": 22, "verbatimEventDate": "2019/03/22 4:03 PM PDT", "habitat": null, "samplingProtocol": null, "sampleSizeValue": null, "sampleSizeUnit": null, "samplingEffort": null, "fieldNotes": null, "eventRemarks": null, "locationID": null, "higherGeographyID": null, "higherGeography": null, "continent": "NORTH_AMERICA", "waterBody": null, "islandGroup": null, "island": null, "countryCode": "US", "stateProvince": "California", "county": null, "municipality": null, "locality": null, "verbatimLocality": "Burbank, CA, USA", "verbatimElevation": null, "verticalDatum": null, "verbatimDepth": null, "minimumDistanceAboveSurfaceInMeters": null, "maximumDistanceAboveSurfaceInMeters": null, "locationAccordingTo": null, "locationRemarks": null, "decimalLatitude": 34.152367, "decimalLongitude": -118.327553, "coordinateUncertaintyInMeters": 200.0, "coordinatePrecision": null, "pointRadiusSpatialFit": null, "verbatimCoordinateSystem": null, "verbatimSRS": null, "footprintWKT": null, "footprintSRS": null, "footprintSpatialFit": null, "georeferencedBy": null, "georeferencedDate": null, "georeferenceProtocol": null, "georeferenceSources": null, "georeferenceRemarks": null, "geologicalContextID": null, "earliestEonOrLowestEonothem": null, "latestEonOrHighestEonothem": null, "earliestEraOrLowestErathem": null, "latestEraOrHighestErathem": null, "earliestPeriodOrLowestSystem": null, "latestPeriodOrHighestSystem": null, "earliestEpochOrLowestSeries": null, "latestEpochOrHighestSeries": null, "earliestAgeOrLowestStage": null, "latestAgeOrHighestStage": null, "lowestBiostratigraphicZone": null, "highestBiostratigraphicZone": null, "lithostratigraphicTerms": null, "group": null, "formation": null, "member": null, "bed": null, "identificationID": 150296451, "verbatimIdentification": null, "identificationQualifier": null, "typeStatus": null, "identifiedBy": "Alan Rockefeller", "identifiedByID": null, "dateIdentified": "2021-01-13", "identificationReferences": null, "identificationVerificationStatus": null, "identificationRemarks": null, "taxonID": 1179954, "scientificNameID": null, "acceptedNameUsageID": 12008655, "parentNameUsageID": null, "originalNameUsageID": null, "nameAccordingToID": null, "namePublishedInID": null, "taxonConceptID": null, "scientificName": "Candolleomyces candolleanus (Fr.) D.Wächt. & A.Melzer", "acceptedNameUsage": null, "parentNameUsage": null, "originalNameUsage": null, "nameAccordingTo": null, "namePublishedIn": null, "namePublishedInYear": null, "higherClassification": null, "kingdom": "Fungi", "phylum": "Basidiomycota", "class": "Agaricomycetes", "order": "Agaricales", "superfamily": null, "family": "Psathyrellaceae", "subfamily": null, "tribe": null, "subtribe": null, "genus": "Candolleomyces", "genericName": "Candolleomyces", "subgenus": null, "infragenericEpithet": null, "specificEpithet": "candolleanus", "infraspecificEpithet": null, "cultivarEpithet": null, "taxonRank": "SPECIES", "verbatimTaxonRank": null, "vernacularName": null, "nomenclaturalCode": null, "taxonomicStatus": "ACCEPTED", "nomenclaturalStatus": null, "taxonRemarks": null, "datasetKey": "50c9509d-22c7-4a22-a47d-8c48425ef4a7", "publishingCountry": "US", "lastInterpreted": "2025-10-14T15:28:53.626Z", "elevation": null, "elevationAccuracy": null, "depth": null, "depthAccuracy": null, "distanceFromCentroidInMeters": null, "issue": "COORDINATE_ROUNDED;CONTINENT_DERIVED_FROM_COORDINATES;TAXON_ID_NOT_FOUND", "taxonomicIssue": "TAXON_ID_NOT_FOUND", "nonTaxonomicIssue": null, "mediaType": "StillImage", "hasCoordinate": true, "hasGeospatialIssues": false, "taxonKey": 12008655, "acceptedTaxonKey": 12008655, "kingdomKey": 5, "phylumKey": 34, "classKey": 186, "orderKey": 1499, "familyKey": 4184, "genusKey": 11203266, "subgenusKey": null, "speciesKey": 12008655, "species": "Candolleomyces candolleanus", "acceptedScientificName": "Candolleomyces candolleanus (Fr.) D.Wächt. & A.Melzer", "verbatimScientificName": "Candolleomyces candolleanus", "typifiedName": null, "protocol": "DWC_ARCHIVE", "lastParsed": "2025-10-14T15:28:53.626Z", "lastCrawled": "2025-10-14T04:54:04.400Z", "isInvasive": null, "repatriated": false, "relativeOrganismQuantity": null, "projectId": "https://www.inaturalist.org/projects/fungi-of-the-california-floristic-province;https://www.inaturalist.org/projects/l-a-nature-map;https://www.inaturalist.org/projects/wildlife-of-santa-monica-mountains", "isSequenced": false, "gbifRegion": "NORTH_AMERICA", "publishedByGbifRegion": "NORTH_AMERICA", "level0Gid": "USA", "level0Name": "United States", "level1Gid": "USA.5_1", "level1Name": "California", "level2Gid": "USA.5.19_1", "level2Name": "Los Angeles", "level3Gid": null, "level3Name": null, "iucnRedListCategory": null, "type_2": "StillImage", "format": "image/jpeg", "identifier": "https://inaturalist-open-data.s3.amazonaws.com/photos/34177759/original.jpeg", "references_2": "https://www.inaturalist.org/photos/34177759" }, "geometry": { "type": "Point", "coordinates": [ -118.327553, 34.152367 ] } },
{ "type": "Feature", "properties": { "gbifID": 4936449585, "accessRights": null, "bibliographicCitation": null, "language": null, "license": "CC_BY_NC_4_0", "modified": "2024-08-31T02:09:11Z", "publisher": "iNaturalist.org", "references": "https://www.inaturalist.org/observations/147305290", "rightsHolder": "naturephotosuze", "type": null, "institutionID": null, "collectionID": null, "datasetID": null, "institutionCode": "iNaturalist", "collectionCode": "Observations", "datasetName": "iNaturalist research-grade observations", "ownerInstitutionCode": null, "basisOfRecord": "HUMAN_OBSERVATION", "informationWithheld": null, "dataGeneralizations": null, "dynamicProperties": null, "occurrenceID": "https://www.inaturalist.org/observations/147305290", "catalogNumber": 147305290, "recordNumber": null, "recordedBy": "naturephotosuze", "recordedByID": null, "individualCount": null, "organismQuantity": null, "organismQuantityType": null, "sex": null, "lifeStage": null, "reproductiveCondition": null, "caste": null, "behavior": null, "vitality": null, "establishmentMeans": null, "degreeOfEstablishment": null, "pathway": null, "georeferenceVerificationStatus": null, "occurrenceStatus": "PRESENT", "preparations": null, "disposition": null, "associatedOccurrences": null, "associatedReferences": null, "associatedSequences": null, "associatedTaxa": null, "otherCatalogNumbers": null, "occurrenceRemarks": "LA River Colfax", "organismID": null, "organismName": null, "organismScope": null, "associatedOrganisms": null, "previousIdentifications": null, "organismRemarks": null, "materialEntityID": null, "materialEntityRemarks": null, "verbatimLabel": null, "materialSampleID": null, "eventID": null, "parentEventID": null, "eventType": null, "fieldNumber": null, "eventDate": "2023-01-24", "eventTime": "14:41:00", "startDayOfYear": 24, "endDayOfYear": 24, "year": 2023, "month": 1, "day": 24, "verbatimEventDate": "2023/01/24 2:41 PM", "habitat": null, "samplingProtocol": null, "sampleSizeValue": null, "sampleSizeUnit": null, "samplingEffort": null, "fieldNotes": null, "eventRemarks": null, "locationID": null, "higherGeographyID": null, "higherGeography": null, "continent": "NORTH_AMERICA", "waterBody": null, "islandGroup": null, "island": null, "countryCode": "US", "stateProvince": "California", "county": null, "municipality": null, "locality": null, "verbatimLocality": "Studio City, Los Angeles, CA, USA", "verbatimElevation": null, "verticalDatum": null, "verbatimDepth": null, "minimumDistanceAboveSurfaceInMeters": null, "maximumDistanceAboveSurfaceInMeters": null, "locationAccordingTo": null, "locationRemarks": null, "decimalLatitude": 34.141331, "decimalLongitude": -118.386355, "coordinateUncertaintyInMeters": 4.0, "coordinatePrecision": null, "pointRadiusSpatialFit": null, "verbatimCoordinateSystem": null, "verbatimSRS": null, "footprintWKT": null, "footprintSRS": null, "footprintSpatialFit": null, "georeferencedBy": null, "georeferencedDate": null, "georeferenceProtocol": null, "georeferenceSources": null, "georeferenceRemarks": null, "geologicalContextID": null, "earliestEonOrLowestEonothem": null, "latestEonOrHighestEonothem": null, "earliestEraOrLowestErathem": null, "latestEraOrHighestErathem": null, "earliestPeriodOrLowestSystem": null, "latestPeriodOrHighestSystem": null, "earliestEpochOrLowestSeries": null, "latestEpochOrHighestSeries": null, "earliestAgeOrLowestStage": null, "latestAgeOrHighestStage": null, "lowestBiostratigraphicZone": null, "highestBiostratigraphicZone": null, "lithostratigraphicTerms": null, "group": null, "formation": null, "member": null, "bed": null, "identificationID": 444492331, "verbatimIdentification": null, "identificationQualifier": null, "typeStatus": null, "identifiedBy": "naturephotosuze", "identifiedByID": null, "dateIdentified": "2024-01-19", "identificationReferences": null, "identificationVerificationStatus": null, "identificationRemarks": null, "taxonID": 1525558, "scientificNameID": null, "acceptedNameUsageID": 2527585, "parentNameUsageID": null, "originalNameUsageID": null, "nameAccordingToID": null, "namePublishedInID": null, "taxonConceptID": null, "scientificName": "Collybia (Fr.) Staude", "acceptedNameUsage": null, "parentNameUsage": null, "originalNameUsage": null, "nameAccordingTo": null, "namePublishedIn": null, "namePublishedInYear": null, "higherClassification": null, "kingdom": "Fungi", "phylum": "Basidiomycota", "class": "Agaricomycetes", "order": "Agaricales", "superfamily": null, "family": "Tricholomataceae", "subfamily": null, "tribe": null, "subtribe": null, "genus": "Collybia", "genericName": null, "subgenus": null, "infragenericEpithet": null, "specificEpithet": null, "infraspecificEpithet": null, "cultivarEpithet": null, "taxonRank": "GENUS", "verbatimTaxonRank": null, "vernacularName": null, "nomenclaturalCode": null, "taxonomicStatus": "ACCEPTED", "nomenclaturalStatus": null, "taxonRemarks": null, "datasetKey": "50c9509d-22c7-4a22-a47d-8c48425ef4a7", "publishingCountry": "US", "lastInterpreted": "2025-10-14T18:41:33.638Z", "elevation": null, "elevationAccuracy": null, "depth": null, "depthAccuracy": null, "distanceFromCentroidInMeters": null, "issue": "COORDINATE_ROUNDED;CONTINENT_DERIVED_FROM_COORDINATES;TAXON_ID_NOT_FOUND;TAXON_MATCH_HIGHERRANK", "taxonomicIssue": "TAXON_ID_NOT_FOUND\\|TAXON_MATCH_HIGHERRANK", "nonTaxonomicIssue": null, "mediaType": null, "hasCoordinate": true, "hasGeospatialIssues": false, "taxonKey": 2527585, "acceptedTaxonKey": 2527585, "kingdomKey": 5, "phylumKey": 34, "classKey": 186, "orderKey": 1499, "familyKey": 8787, "genusKey": 2527585, "subgenusKey": null, "speciesKey": null, "species": null, "acceptedScientificName": "Collybia (Fr.) Staude", "verbatimScientificName": "Collybia brunneocephala", "typifiedName": null, "protocol": "DWC_ARCHIVE", "lastParsed": "2025-10-14T18:41:33.638Z", "lastCrawled": "2025-10-14T04:54:04.400Z", "isInvasive": null, "repatriated": false, "relativeOrganismQuantity": null, "projectId": "https://www.inaturalist.org/projects/fungi-of-the-california-floristic-province", "isSequenced": false, "gbifRegion": "NORTH_AMERICA", "publishedByGbifRegion": "NORTH_AMERICA", "level0Gid": "USA", "level0Name": "United States", "level1Gid": "USA.5_1", "level1Name": "California", "level2Gid": "USA.5.19_1", "level2Name": "Los Angeles", "level3Gid": null, "level3Name": null, "iucnRedListCategory": null, "type_2": null, "format": null, "identifier": null, "references_2": null }, "geometry": { "type": "Point", "coordinates": [ -118.386355, 34.141331 ] } },
{ "type": "Feature", "properties": { "gbifID": 2429291167, "accessRights": null, "bibliographicCitation": null, "language": null, "license": "CC_BY_NC_4_0", "modified": "2019-09-30T04:38:20Z", "publisher": "iNaturalist.org", "references": "https://www.inaturalist.org/observations/33561573", "rightsHolder": "moot45", "type": null, "institutionID": null, "collectionID": null, "datasetID": null, "institutionCode": "iNaturalist", "collectionCode": "Observations", "datasetName": "iNaturalist research-grade observations", "ownerInstitutionCode": null, "basisOfRecord": "HUMAN_OBSERVATION", "informationWithheld": null, "dataGeneralizations": null, "dynamicProperties": null, "occurrenceID": "https://www.inaturalist.org/observations/33561573", "catalogNumber": 33561573, "recordNumber": null, "recordedBy": "moot45", "recordedByID": null, "individualCount": null, "organismQuantity": null, "organismQuantityType": null, "sex": null, "lifeStage": null, "reproductiveCondition": null, "caste": null, "behavior": null, "vitality": null, "establishmentMeans": null, "degreeOfEstablishment": null, "pathway": null, "georeferenceVerificationStatus": null, "occurrenceStatus": "PRESENT", "preparations": null, "disposition": null, "associatedOccurrences": null, "associatedReferences": null, "associatedSequences": null, "associatedTaxa": null, "otherCatalogNumbers": null, "occurrenceRemarks": null, "organismID": null, "organismName": null, "organismScope": null, "associatedOrganisms": null, "previousIdentifications": null, "organismRemarks": null, "materialEntityID": null, "materialEntityRemarks": null, "verbatimLabel": null, "materialSampleID": null, "eventID": null, "parentEventID": null, "eventType": null, "fieldNumber": null, "eventDate": "2019-09-28", "eventTime": "16:22:08", "startDayOfYear": 271, "endDayOfYear": 271, "year": 2019, "month": 9, "day": 28, "verbatimEventDate": "Sat Sep 28 2019 16:22:08 GMT-0700 (PDT)", "habitat": null, "samplingProtocol": null, "sampleSizeValue": null, "sampleSizeUnit": null, "samplingEffort": null, "fieldNotes": null, "eventRemarks": null, "locationID": null, "higherGeographyID": null, "higherGeography": null, "continent": "NORTH_AMERICA", "waterBody": null, "islandGroup": null, "island": null, "countryCode": "US", "stateProvince": "California", "county": null, "municipality": null, "locality": null, "verbatimLocality": "Gentry Ave, Los Angeles, CA, US", "verbatimElevation": null, "verticalDatum": null, "verbatimDepth": null, "minimumDistanceAboveSurfaceInMeters": null, "maximumDistanceAboveSurfaceInMeters": null, "locationAccordingTo": null, "locationRemarks": null, "decimalLatitude": 34.147831, "decimalLongitude": -118.393101, "coordinateUncertaintyInMeters": 32.0, "coordinatePrecision": null, "pointRadiusSpatialFit": null, "verbatimCoordinateSystem": null, "verbatimSRS": null, "footprintWKT": null, "footprintSRS": null, "footprintSpatialFit": null, "georeferencedBy": null, "georeferencedDate": null, "georeferenceProtocol": null, "georeferenceSources": null, "georeferenceRemarks": null, "geologicalContextID": null, "earliestEonOrLowestEonothem": null, "latestEonOrHighestEonothem": null, "earliestEraOrLowestErathem": null, "latestEraOrHighestErathem": null, "earliestPeriodOrLowestSystem": null, "latestPeriodOrHighestSystem": null, "earliestEpochOrLowestSeries": null, "latestEpochOrHighestSeries": null, "earliestAgeOrLowestStage": null, "latestAgeOrHighestStage": null, "lowestBiostratigraphicZone": null, "highestBiostratigraphicZone": null, "lithostratigraphicTerms": null, "group": null, "formation": null, "member": null, "bed": null, "identificationID": 72781674, "verbatimIdentification": null, "identificationQualifier": null, "typeStatus": null, "identifiedBy": "Carl Hansen", "identifiedByID": null, "dateIdentified": "2019-09-30", "identificationReferences": null, "identificationVerificationStatus": null, "identificationRemarks": null, "taxonID": 117308, "scientificNameID": null, "acceptedNameUsageID": 5243168, "parentNameUsageID": null, "originalNameUsageID": null, "nameAccordingToID": null, "namePublishedInID": null, "taxonConceptID": null, "scientificName": "Chlorophyllum molybdites (G.Mey.) Massee", "acceptedNameUsage": null, "parentNameUsage": null, "originalNameUsage": null, "nameAccordingTo": null, "namePublishedIn": null, "namePublishedInYear": null, "higherClassification": null, "kingdom": "Fungi", "phylum": "Basidiomycota", "class": "Agaricomycetes", "order": "Agaricales", "superfamily": null, "family": "Agaricaceae", "subfamily": null, "tribe": null, "subtribe": null, "genus": "Chlorophyllum", "genericName": "Chlorophyllum", "subgenus": null, "infragenericEpithet": null, "specificEpithet": "molybdites", "infraspecificEpithet": null, "cultivarEpithet": null, "taxonRank": "SPECIES", "verbatimTaxonRank": null, "vernacularName": null, "nomenclaturalCode": null, "taxonomicStatus": "ACCEPTED", "nomenclaturalStatus": null, "taxonRemarks": null, "datasetKey": "50c9509d-22c7-4a22-a47d-8c48425ef4a7", "publishingCountry": "US", "lastInterpreted": "2025-10-14T15:31:34.344Z", "elevation": null, "elevationAccuracy": null, "depth": null, "depthAccuracy": null, "distanceFromCentroidInMeters": null, "issue": "COORDINATE_ROUNDED;CONTINENT_DERIVED_FROM_COORDINATES;TAXON_ID_NOT_FOUND", "taxonomicIssue": "TAXON_ID_NOT_FOUND", "nonTaxonomicIssue": null, "mediaType": "StillImage", "hasCoordinate": true, "hasGeospatialIssues": false, "taxonKey": 5243168, "acceptedTaxonKey": 5243168, "kingdomKey": 5, "phylumKey": 34, "classKey": 186, "orderKey": 1499, "familyKey": 4170, "genusKey": 3268912, "subgenusKey": null, "speciesKey": 5243168, "species": "Chlorophyllum molybdites", "acceptedScientificName": "Chlorophyllum molybdites (G.Mey.) Massee", "verbatimScientificName": "Chlorophyllum molybdites", "typifiedName": null, "protocol": "DWC_ARCHIVE", "lastParsed": "2025-10-14T15:31:34.344Z", "lastCrawled": "2025-10-14T04:54:04.400Z", "isInvasive": null, "repatriated": false, "relativeOrganismQuantity": null, "projectId": "https://www.inaturalist.org/projects/fungi-of-the-california-floristic-province;https://www.inaturalist.org/projects/los-angeles-city-biodiversity-initiative", "isSequenced": false, "gbifRegion": "NORTH_AMERICA", "publishedByGbifRegion": "NORTH_AMERICA", "level0Gid": "USA", "level0Name": "United States", "level1Gid": "USA.5_1", "level1Name": "California", "level2Gid": "USA.5.19_1", "level2Name": "Los Angeles", "level3Gid": null, "level3Name": null, "iucnRedListCategory": null, "type_2": "StillImage", "format": "image/jpeg", "identifier": "https://inaturalist-open-data.s3.amazonaws.com/photos/52719862/original.jpg", "references_2": "https://www.inaturalist.org/photos/52719862" }, "geometry": { "type": "Point", "coordinates": [ -118.393101, 34.147831 ] } },
{ "type": "Feature", "properties": { "gbifID": 1806346075, "accessRights": null, "bibliographicCitation": null, "language": null, "license": "CC_BY_4_0", "modified": "2018-02-06T03:14:48Z", "publisher": "iNaturalist.org", "references": "https://www.inaturalist.org/observations/9563184", "rightsHolder": "Lila Higgins", "type": null, "institutionID": null, "collectionID": null, "datasetID": null, "institutionCode": "iNaturalist", "collectionCode": "Observations", "datasetName": "iNaturalist research-grade observations", "ownerInstitutionCode": null, "basisOfRecord": "HUMAN_OBSERVATION", "informationWithheld": null, "dataGeneralizations": null, "dynamicProperties": null, "occurrenceID": "https://www.inaturalist.org/observations/9563184", "catalogNumber": 9563184, "recordNumber": null, "recordedBy": "Lila Higgins", "recordedByID": null, "individualCount": null, "organismQuantity": null, "organismQuantityType": null, "sex": null, "lifeStage": null, "reproductiveCondition": null, "caste": null, "behavior": null, "vitality": null, "establishmentMeans": null, "degreeOfEstablishment": null, "pathway": null, "georeferenceVerificationStatus": null, "occurrenceStatus": "PRESENT", "preparations": null, "disposition": null, "associatedOccurrences": null, "associatedReferences": null, "associatedSequences": null, "associatedTaxa": null, "otherCatalogNumbers": null, "occurrenceRemarks": null, "organismID": null, "organismName": null, "organismScope": null, "associatedOrganisms": null, "previousIdentifications": null, "organismRemarks": null, "materialEntityID": null, "materialEntityRemarks": null, "verbatimLabel": null, "materialSampleID": null, "eventID": null, "parentEventID": null, "eventType": null, "fieldNumber": null, "eventDate": "2018-01-22", "eventTime": "08:41:37", "startDayOfYear": 22, "endDayOfYear": 22, "year": 2018, "month": 1, "day": 22, "verbatimEventDate": "Mon Jan 22 2018 08:41:37 GMT-0800 (PST)", "habitat": null, "samplingProtocol": null, "sampleSizeValue": null, "sampleSizeUnit": null, "samplingEffort": null, "fieldNotes": null, "eventRemarks": null, "locationID": null, "higherGeographyID": null, "higherGeography": null, "continent": "NORTH_AMERICA", "waterBody": null, "islandGroup": null, "island": null, "countryCode": "US", "stateProvince": "California", "county": null, "municipality": null, "locality": null, "verbatimLocality": "1801 Blake Ave, Los Angeles, CA, US", "verbatimElevation": null, "verticalDatum": null, "verbatimDepth": null, "minimumDistanceAboveSurfaceInMeters": null, "maximumDistanceAboveSurfaceInMeters": null, "locationAccordingTo": null, "locationRemarks": null, "decimalLatitude": 34.097984, "decimalLongitude": -118.241878, "coordinateUncertaintyInMeters": 82.0, "coordinatePrecision": null, "pointRadiusSpatialFit": null, "verbatimCoordinateSystem": null, "verbatimSRS": null, "footprintWKT": null, "footprintSRS": null, "footprintSpatialFit": null, "georeferencedBy": null, "georeferencedDate": null, "georeferenceProtocol": null, "georeferenceSources": null, "georeferenceRemarks": null, "geologicalContextID": null, "earliestEonOrLowestEonothem": null, "latestEonOrHighestEonothem": null, "earliestEraOrLowestErathem": null, "latestEraOrHighestErathem": null, "earliestPeriodOrLowestSystem": null, "latestPeriodOrHighestSystem": null, "earliestEpochOrLowestSeries": null, "latestEpochOrHighestSeries": null, "earliestAgeOrLowestStage": null, "latestAgeOrHighestStage": null, "lowestBiostratigraphicZone": null, "highestBiostratigraphicZone": null, "lithostratigraphicTerms": null, "group": null, "formation": null, "member": null, "bed": null, "identificationID": 20993577, "verbatimIdentification": null, "identificationQualifier": null, "typeStatus": null, "identifiedBy": "Peter Vahlberg", "identifiedByID": null, "dateIdentified": "2018-01-22", "identificationReferences": null, "identificationVerificationStatus": null, "identificationRemarks": null, "taxonID": 48494, "scientificNameID": null, "acceptedNameUsageID": 2526530, "parentNameUsageID": null, "originalNameUsageID": null, "nameAccordingToID": null, "namePublishedInID": null, "taxonConceptID": null, "scientificName": "Pleurotus ostreatus (Jacq.) P.Kumm.", "acceptedNameUsage": null, "parentNameUsage": null, "originalNameUsage": null, "nameAccordingTo": null, "namePublishedIn": null, "namePublishedInYear": null, "higherClassification": null, "kingdom": "Fungi", "phylum": "Basidiomycota", "class": "Agaricomycetes", "order": "Agaricales", "superfamily": null, "family": "Pleurotaceae", "subfamily": null, "tribe": null, "subtribe": null, "genus": "Pleurotus", "genericName": "Pleurotus", "subgenus": null, "infragenericEpithet": null, "specificEpithet": "ostreatus", "infraspecificEpithet": null, "cultivarEpithet": null, "taxonRank": "SPECIES", "verbatimTaxonRank": null, "vernacularName": null, "nomenclaturalCode": null, "taxonomicStatus": "ACCEPTED", "nomenclaturalStatus": null, "taxonRemarks": null, "datasetKey": "50c9509d-22c7-4a22-a47d-8c48425ef4a7", "publishingCountry": "US", "lastInterpreted": "2025-10-14T16:53:12.489Z", "elevation": null, "elevationAccuracy": null, "depth": null, "depthAccuracy": null, "distanceFromCentroidInMeters": null, "issue": "COORDINATE_ROUNDED;CONTINENT_DERIVED_FROM_COORDINATES;TAXON_ID_NOT_FOUND", "taxonomicIssue": "TAXON_ID_NOT_FOUND", "nonTaxonomicIssue": null, "mediaType": null, "hasCoordinate": true, "hasGeospatialIssues": false, "taxonKey": 2526530, "acceptedTaxonKey": 2526530, "kingdomKey": 5, "phylumKey": 34, "classKey": 186, "orderKey": 1499, "familyKey": 4183, "genusKey": 2518610, "subgenusKey": null, "speciesKey": 2526530, "species": "Pleurotus ostreatus", "acceptedScientificName": "Pleurotus ostreatus (Jacq.) P.Kumm.", "verbatimScientificName": "Pleurotus ostreatus", "typifiedName": null, "protocol": "DWC_ARCHIVE", "lastParsed": "2025-10-14T16:53:12.489Z", "lastCrawled": "2025-10-14T04:54:04.400Z", "isInvasive": null, "repatriated": false, "relativeOrganismQuantity": null, "projectId": "https://www.inaturalist.org/projects/los-angeles-city-biodiversity-initiative;https://www.inaturalist.org/projects/fungi-of-the-california-floristic-province", "isSequenced": false, "gbifRegion": "NORTH_AMERICA", "publishedByGbifRegion": "NORTH_AMERICA", "level0Gid": "USA", "level0Name": "United States", "level1Gid": "USA.5_1", "level1Name": "California", "level2Gid": "USA.5.19_1", "level2Name": "Los Angeles", "level3Gid": null, "level3Name": null, "iucnRedListCategory": null, "type_2": null, "format": null, "identifier": null, "references_2": null }, "geometry": { "type": "Point", "coordinates": [ -118.241878, 34.097984 ] } },
{ "type": "Feature", "properties": { "gbifID": 1837736956, "accessRights": null, "bibliographicCitation": null, "language": null, "license": "CC_BY_NC_4_0", "modified": "2018-03-30T23:28:27Z", "publisher": "iNaturalist.org", "references": "https://www.inaturalist.org/observations/10489725", "rightsHolder": "whibler", "type": null, "institutionID": null, "collectionID": null, "datasetID": null, "institutionCode": "iNaturalist", "collectionCode": "Observations", "datasetName": "iNaturalist research-grade observations", "ownerInstitutionCode": null, "basisOfRecord": "HUMAN_OBSERVATION", "informationWithheld": null, "dataGeneralizations": null, "dynamicProperties": null, "occurrenceID": "https://www.inaturalist.org/observations/10489725", "catalogNumber": 10489725, "recordNumber": null, "recordedBy": "whibler", "recordedByID": null, "individualCount": null, "organismQuantity": null, "organismQuantityType": null, "sex": null, "lifeStage": null, "reproductiveCondition": null, "caste": null, "behavior": null, "vitality": null, "establishmentMeans": null, "degreeOfEstablishment": null, "pathway": null, "georeferenceVerificationStatus": null, "occurrenceStatus": "PRESENT", "preparations": null, "disposition": null, "associatedOccurrences": null, "associatedReferences": null, "associatedSequences": null, "associatedTaxa": null, "otherCatalogNumbers": null, "occurrenceRemarks": null, "organismID": null, "organismName": null, "organismScope": null, "associatedOrganisms": null, "previousIdentifications": null, "organismRemarks": null, "materialEntityID": null, "materialEntityRemarks": null, "verbatimLabel": null, "materialSampleID": null, "eventID": null, "parentEventID": null, "eventType": null, "fieldNumber": null, "eventDate": "2018-03-27", "eventTime": "09:53:37", "startDayOfYear": 86, "endDayOfYear": 86, "year": 2018, "month": 3, "day": 27, "verbatimEventDate": "Tue Mar 27 2018 09:53:37 GMT-0700 (PDT)", "habitat": null, "samplingProtocol": null, "sampleSizeValue": null, "sampleSizeUnit": null, "samplingEffort": null, "fieldNotes": null, "eventRemarks": null, "locationID": null, "higherGeographyID": null, "higherGeography": null, "continent": "NORTH_AMERICA", "waterBody": null, "islandGroup": null, "island": null, "countryCode": "US", "stateProvince": "California", "county": null, "municipality": null, "locality": null, "verbatimLocality": "Marsh Park", "verbatimElevation": null, "verticalDatum": null, "verbatimDepth": null, "minimumDistanceAboveSurfaceInMeters": null, "maximumDistanceAboveSurfaceInMeters": null, "locationAccordingTo": null, "locationRemarks": null, "decimalLatitude": 34.107279, "decimalLongitude": -118.246268, "coordinateUncertaintyInMeters": null, "coordinatePrecision": null, "pointRadiusSpatialFit": null, "verbatimCoordinateSystem": null, "verbatimSRS": null, "footprintWKT": null, "footprintSRS": null, "footprintSpatialFit": null, "georeferencedBy": null, "georeferencedDate": null, "georeferenceProtocol": null, "georeferenceSources": null, "georeferenceRemarks": null, "geologicalContextID": null, "earliestEonOrLowestEonothem": null, "latestEonOrHighestEonothem": null, "earliestEraOrLowestErathem": null, "latestEraOrHighestErathem": null, "earliestPeriodOrLowestSystem": null, "latestPeriodOrHighestSystem": null, "earliestEpochOrLowestSeries": null, "latestEpochOrHighestSeries": null, "earliestAgeOrLowestStage": null, "latestAgeOrHighestStage": null, "lowestBiostratigraphicZone": null, "highestBiostratigraphicZone": null, "lithostratigraphicTerms": null, "group": null, "formation": null, "member": null, "bed": null, "identificationID": 23313150, "verbatimIdentification": null, "identificationQualifier": null, "typeStatus": null, "identifiedBy": "Peter Vahlberg", "identifiedByID": null, "dateIdentified": "2018-03-29", "identificationReferences": null, "identificationVerificationStatus": null, "identificationRemarks": null, "taxonID": 49547, "scientificNameID": null, "acceptedNameUsageID": 5243429, "parentNameUsageID": null, "originalNameUsageID": null, "nameAccordingToID": null, "namePublishedInID": null, "taxonConceptID": null, "scientificName": "Agaricus augustus Fr.", "acceptedNameUsage": null, "parentNameUsage": null, "originalNameUsage": null, "nameAccordingTo": null, "namePublishedIn": null, "namePublishedInYear": null, "higherClassification": null, "kingdom": "Fungi", "phylum": "Basidiomycota", "class": "Agaricomycetes", "order": "Agaricales", "superfamily": null, "family": "Agaricaceae", "subfamily": null, "tribe": null, "subtribe": null, "genus": "Agaricus", "genericName": "Agaricus", "subgenus": null, "infragenericEpithet": null, "specificEpithet": "augustus", "infraspecificEpithet": null, "cultivarEpithet": null, "taxonRank": "SPECIES", "verbatimTaxonRank": null, "vernacularName": null, "nomenclaturalCode": null, "taxonomicStatus": "ACCEPTED", "nomenclaturalStatus": null, "taxonRemarks": null, "datasetKey": "50c9509d-22c7-4a22-a47d-8c48425ef4a7", "publishingCountry": "US", "lastInterpreted": "2025-10-14T15:26:40.453Z", "elevation": null, "elevationAccuracy": null, "depth": null, "depthAccuracy": null, "distanceFromCentroidInMeters": null, "issue": "CONTINENT_DERIVED_FROM_COORDINATES;TAXON_ID_NOT_FOUND", "taxonomicIssue": "TAXON_ID_NOT_FOUND", "nonTaxonomicIssue": null, "mediaType": "StillImage", "hasCoordinate": true, "hasGeospatialIssues": false, "taxonKey": 5243429, "acceptedTaxonKey": 5243429, "kingdomKey": 5, "phylumKey": 34, "classKey": 186, "orderKey": 1499, "familyKey": 4170, "genusKey": 2518646, "subgenusKey": null, "speciesKey": 5243429, "species": "Agaricus augustus", "acceptedScientificName": "Agaricus augustus Fr.", "verbatimScientificName": "Agaricus augustus", "typifiedName": null, "protocol": "DWC_ARCHIVE", "lastParsed": "2025-10-14T15:26:40.453Z", "lastCrawled": "2025-10-14T04:54:04.400Z", "isInvasive": null, "repatriated": false, "relativeOrganismQuantity": null, "projectId": "https://www.inaturalist.org/projects/fungi-of-the-california-floristic-province;https://www.inaturalist.org/projects/los-angeles-city-biodiversity-initiative", "isSequenced": false, "gbifRegion": "NORTH_AMERICA", "publishedByGbifRegion": "NORTH_AMERICA", "level0Gid": "USA", "level0Name": "United States", "level1Gid": "USA.5_1", "level1Name": "California", "level2Gid": "USA.5.19_1", "level2Name": "Los Angeles", "level3Gid": null, "level3Name": null, "iucnRedListCategory": null, "type_2": "StillImage", "format": "image/jpeg", "identifier": "https://inaturalist-open-data.s3.amazonaws.com/photos/14586899/original.jpg", "references_2": "https://www.inaturalist.org/photos/14586899" }, "geometry": { "type": "Point", "coordinates": [ -118.246268, 34.107279 ] } },
{ "type": "Feature", "properties": { "gbifID": 2814225090, "accessRights": null, "bibliographicCitation": null, "language": null, "license": "CC_BY_NC_4_0", "modified": "2020-07-05T03:53:23Z", "publisher": "iNaturalist.org", "references": "https://www.inaturalist.org/observations/51793338", "rightsHolder": "Katherine", "type": null, "institutionID": null, "collectionID": null, "datasetID": null, "institutionCode": "iNaturalist", "collectionCode": "Observations", "datasetName": "iNaturalist research-grade observations", "ownerInstitutionCode": null, "basisOfRecord": "HUMAN_OBSERVATION", "informationWithheld": null, "dataGeneralizations": null, "dynamicProperties": null, "occurrenceID": "https://www.inaturalist.org/observations/51793338", "catalogNumber": 51793338, "recordNumber": null, "recordedBy": "Katherine", "recordedByID": null, "individualCount": null, "organismQuantity": null, "organismQuantityType": null, "sex": null, "lifeStage": null, "reproductiveCondition": null, "caste": null, "behavior": null, "vitality": null, "establishmentMeans": null, "degreeOfEstablishment": null, "pathway": null, "georeferenceVerificationStatus": null, "occurrenceStatus": "PRESENT", "preparations": null, "disposition": null, "associatedOccurrences": null, "associatedReferences": null, "associatedSequences": null, "associatedTaxa": null, "otherCatalogNumbers": null, "occurrenceRemarks": null, "organismID": null, "organismName": null, "organismScope": null, "associatedOrganisms": null, "previousIdentifications": null, "organismRemarks": null, "materialEntityID": null, "materialEntityRemarks": null, "verbatimLabel": null, "materialSampleID": null, "eventID": null, "parentEventID": null, "eventType": null, "fieldNumber": null, "eventDate": "2020-06-26", "eventTime": "20:15:20", "startDayOfYear": 178, "endDayOfYear": 178, "year": 2020, "month": 6, "day": 26, "verbatimEventDate": "Fri Jun 26 2020 20:15:20 GMT-0700 (PDT)", "habitat": null, "samplingProtocol": null, "sampleSizeValue": null, "sampleSizeUnit": null, "samplingEffort": null, "fieldNotes": null, "eventRemarks": null, "locationID": null, "higherGeographyID": null, "higherGeography": null, "continent": "NORTH_AMERICA", "waterBody": null, "islandGroup": null, "island": null, "countryCode": "US", "stateProvince": "California", "county": null, "municipality": null, "locality": null, "verbatimLocality": "Los Angeles River Path, Los Angeles, CA, US", "verbatimElevation": null, "verticalDatum": null, "verbatimDepth": null, "minimumDistanceAboveSurfaceInMeters": null, "maximumDistanceAboveSurfaceInMeters": null, "locationAccordingTo": null, "locationRemarks": null, "decimalLatitude": 34.111661, "decimalLongitude": -118.264, "coordinateUncertaintyInMeters": 5.0, "coordinatePrecision": null, "pointRadiusSpatialFit": null, "verbatimCoordinateSystem": null, "verbatimSRS": null, "footprintWKT": null, "footprintSRS": null, "footprintSpatialFit": null, "georeferencedBy": null, "georeferencedDate": null, "georeferenceProtocol": null, "georeferenceSources": null, "georeferenceRemarks": null, "geologicalContextID": null, "earliestEonOrLowestEonothem": null, "latestEonOrHighestEonothem": null, "earliestEraOrLowestErathem": null, "latestEraOrHighestErathem": null, "earliestPeriodOrLowestSystem": null, "latestPeriodOrHighestSystem": null, "earliestEpochOrLowestSeries": null, "latestEpochOrHighestSeries": null, "earliestAgeOrLowestStage": null, "latestAgeOrHighestStage": null, "lowestBiostratigraphicZone": null, "highestBiostratigraphicZone": null, "lithostratigraphicTerms": null, "group": null, "formation": null, "member": null, "bed": null, "identificationID": 114593627, "verbatimIdentification": null, "identificationQualifier": null, "typeStatus": null, "identifiedBy": "Katherine", "identifiedByID": null, "dateIdentified": "2020-07-03", "identificationReferences": null, "identificationVerificationStatus": null, "identificationRemarks": null, "taxonID": 119969, "scientificNameID": null, "acceptedNameUsageID": 2535676, "parentNameUsageID": null, "originalNameUsageID": null, "nameAccordingToID": null, "namePublishedInID": null, "taxonConceptID": null, "scientificName": "Battarrea phalloides (Dicks.) Pers.", "acceptedNameUsage": null, "parentNameUsage": null, "originalNameUsage": null, "nameAccordingTo": null, "namePublishedIn": null, "namePublishedInYear": null, "higherClassification": null, "kingdom": "Fungi", "phylum": "Basidiomycota", "class": "Agaricomycetes", "order": "Agaricales", "superfamily": null, "family": "Agaricaceae", "subfamily": null, "tribe": null, "subtribe": null, "genus": "Battarrea", "genericName": "Battarrea", "subgenus": null, "infragenericEpithet": null, "specificEpithet": "phalloides", "infraspecificEpithet": null, "cultivarEpithet": null, "taxonRank": "SPECIES", "verbatimTaxonRank": null, "vernacularName": null, "nomenclaturalCode": null, "taxonomicStatus": "ACCEPTED", "nomenclaturalStatus": null, "taxonRemarks": null, "datasetKey": "50c9509d-22c7-4a22-a47d-8c48425ef4a7", "publishingCountry": "US", "lastInterpreted": "2025-10-14T17:04:05.139Z", "elevation": null, "elevationAccuracy": null, "depth": null, "depthAccuracy": null, "distanceFromCentroidInMeters": null, "issue": "COORDINATE_ROUNDED;CONTINENT_DERIVED_FROM_COORDINATES;TAXON_ID_NOT_FOUND", "taxonomicIssue": "TAXON_ID_NOT_FOUND", "nonTaxonomicIssue": null, "mediaType": "StillImage", "hasCoordinate": true, "hasGeospatialIssues": false, "taxonKey": 2535676, "acceptedTaxonKey": 2535676, "kingdomKey": 5, "phylumKey": 34, "classKey": 186, "orderKey": 1499, "familyKey": 4170, "genusKey": 2530281, "subgenusKey": null, "speciesKey": 2535676, "species": "Battarrea phalloides", "acceptedScientificName": "Battarrea phalloides (Dicks.) Pers.", "verbatimScientificName": "Battarrea phalloides", "typifiedName": null, "protocol": "DWC_ARCHIVE", "lastParsed": "2025-10-14T17:04:05.139Z", "lastCrawled": "2025-10-14T04:54:04.400Z", "isInvasive": null, "repatriated": false, "relativeOrganismQuantity": null, "projectId": "https://www.inaturalist.org/projects/fungi-of-the-california-floristic-province;https://www.inaturalist.org/projects/los-angeles-city-biodiversity-initiative;https://www.inaturalist.org/projects/l-a-nature-map", "isSequenced": false, "gbifRegion": "NORTH_AMERICA", "publishedByGbifRegion": "NORTH_AMERICA", "level0Gid": "USA", "level0Name": "United States", "level1Gid": "USA.5_1", "level1Name": "California", "level2Gid": "USA.5.19_1", "level2Name": "Los Angeles", "level3Gid": null, "level3Name": null, "iucnRedListCategory": null, "type_2": "StillImage", "format": "image/jpeg", "identifier": "https://inaturalist-open-data.s3.amazonaws.com/photos/82310984/original.jpg", "references_2": "https://www.inaturalist.org/photos/82310984" }, "geometry": { "type": "Point", "coordinates": [ -118.264, 34.111661 ] } },
{ "type": "Feature", "properties": { "gbifID": 4022308092, "accessRights": null, "bibliographicCitation": null, "language": null, "license": "CC_BY_NC_4_0", "modified": "2023-01-19T07:09:32Z", "publisher": "iNaturalist.org", "references": "https://www.inaturalist.org/observations/146870174", "rightsHolder": "leighlaughing", "type": null, "institutionID": null, "collectionID": null, "datasetID": null, "institutionCode": "iNaturalist", "collectionCode": "Observations", "datasetName": "iNaturalist research-grade observations", "ownerInstitutionCode": null, "basisOfRecord": "HUMAN_OBSERVATION", "informationWithheld": null, "dataGeneralizations": null, "dynamicProperties": null, "occurrenceID": "https://www.inaturalist.org/observations/146870174", "catalogNumber": 146870174, "recordNumber": null, "recordedBy": "leighlaughing", "recordedByID": null, "individualCount": null, "organismQuantity": null, "organismQuantityType": null, "sex": null, "lifeStage": null, "reproductiveCondition": null, "caste": null, "behavior": null, "vitality": null, "establishmentMeans": null, "degreeOfEstablishment": null, "pathway": null, "georeferenceVerificationStatus": null, "occurrenceStatus": "PRESENT", "preparations": null, "disposition": null, "associatedOccurrences": null, "associatedReferences": null, "associatedSequences": null, "associatedTaxa": null, "otherCatalogNumbers": null, "occurrenceRemarks": null, "organismID": null, "organismName": null, "organismScope": null, "associatedOrganisms": null, "previousIdentifications": null, "organismRemarks": null, "materialEntityID": null, "materialEntityRemarks": null, "verbatimLabel": null, "materialSampleID": null, "eventID": null, "parentEventID": null, "eventType": null, "fieldNumber": null, "eventDate": "2023-01-11", "eventTime": "11:18:30", "startDayOfYear": 11, "endDayOfYear": 11, "year": 2023, "month": 1, "day": 11, "verbatimEventDate": "2023-01-11 11:18:30-08:00", "habitat": null, "samplingProtocol": null, "sampleSizeValue": null, "sampleSizeUnit": null, "samplingEffort": null, "fieldNotes": null, "eventRemarks": null, "locationID": null, "higherGeographyID": null, "higherGeography": null, "continent": "NORTH_AMERICA", "waterBody": null, "islandGroup": null, "island": null, "countryCode": "US", "stateProvince": "California", "county": null, "municipality": null, "locality": null, "verbatimLocality": "N Avenue 18, Los Angeles, CA, US", "verbatimElevation": null, "verticalDatum": null, "verbatimDepth": null, "minimumDistanceAboveSurfaceInMeters": null, "maximumDistanceAboveSurfaceInMeters": null, "locationAccordingTo": null, "locationRemarks": null, "decimalLatitude": 34.07322, "decimalLongitude": -118.224372, "coordinateUncertaintyInMeters": 4.0, "coordinatePrecision": null, "pointRadiusSpatialFit": null, "verbatimCoordinateSystem": null, "verbatimSRS": null, "footprintWKT": null, "footprintSRS": null, "footprintSpatialFit": null, "georeferencedBy": null, "georeferencedDate": null, "georeferenceProtocol": null, "georeferenceSources": null, "georeferenceRemarks": null, "geologicalContextID": null, "earliestEonOrLowestEonothem": null, "latestEonOrHighestEonothem": null, "earliestEraOrLowestErathem": null, "latestEraOrHighestErathem": null, "earliestPeriodOrLowestSystem": null, "latestPeriodOrHighestSystem": null, "earliestEpochOrLowestSeries": null, "latestEpochOrHighestSeries": null, "earliestAgeOrLowestStage": null, "latestAgeOrHighestStage": null, "lowestBiostratigraphicZone": null, "highestBiostratigraphicZone": null, "lithostratigraphicTerms": null, "group": null, "formation": null, "member": null, "bed": null, "identificationID": 328168501, "verbatimIdentification": null, "identificationQualifier": null, "typeStatus": null, "identifiedBy": "leighlaughing", "identifiedByID": null, "dateIdentified": "2023-01-19", "identificationReferences": null, "identificationVerificationStatus": null, "identificationRemarks": null, "taxonID": 54573, "scientificNameID": null, "acceptedNameUsageID": 5241128, "parentNameUsageID": null, "originalNameUsageID": null, "nameAccordingToID": null, "namePublishedInID": null, "taxonConceptID": null, "scientificName": "Schizophyllum commune Fr.", "acceptedNameUsage": null, "parentNameUsage": null, "originalNameUsage": null, "nameAccordingTo": null, "namePublishedIn": null, "namePublishedInYear": null, "higherClassification": null, "kingdom": "Fungi", "phylum": "Basidiomycota", "class": "Agaricomycetes", "order": "Agaricales", "superfamily": null, "family": "Schizophyllaceae", "subfamily": null, "tribe": null, "subtribe": null, "genus": "Schizophyllum", "genericName": "Schizophyllum", "subgenus": null, "infragenericEpithet": null, "specificEpithet": "commune", "infraspecificEpithet": null, "cultivarEpithet": null, "taxonRank": "SPECIES", "verbatimTaxonRank": null, "vernacularName": null, "nomenclaturalCode": null, "taxonomicStatus": "ACCEPTED", "nomenclaturalStatus": null, "taxonRemarks": null, "datasetKey": "50c9509d-22c7-4a22-a47d-8c48425ef4a7", "publishingCountry": "US", "lastInterpreted": "2025-10-14T18:41:29.321Z", "elevation": null, "elevationAccuracy": null, "depth": null, "depthAccuracy": null, "distanceFromCentroidInMeters": null, "issue": "COORDINATE_ROUNDED;CONTINENT_DERIVED_FROM_COORDINATES;TAXON_ID_NOT_FOUND", "taxonomicIssue": "TAXON_ID_NOT_FOUND", "nonTaxonomicIssue": null, "mediaType": "StillImage", "hasCoordinate": true, "hasGeospatialIssues": false, "taxonKey": 5241128, "acceptedTaxonKey": 5241128, "kingdomKey": 5, "phylumKey": 34, "classKey": 186, "orderKey": 1499, "familyKey": 4185, "genusKey": 2529580, "subgenusKey": null, "speciesKey": 5241128, "species": "Schizophyllum commune", "acceptedScientificName": "Schizophyllum commune Fr.", "verbatimScientificName": "Schizophyllum commune", "typifiedName": null, "protocol": "DWC_ARCHIVE", "lastParsed": "2025-10-14T18:41:29.321Z", "lastCrawled": "2025-10-14T04:54:04.400Z", "isInvasive": null, "repatriated": false, "relativeOrganismQuantity": null, "projectId": "https://www.inaturalist.org/projects/fungi-of-the-california-floristic-province", "isSequenced": false, "gbifRegion": "NORTH_AMERICA", "publishedByGbifRegion": "NORTH_AMERICA", "level0Gid": "USA", "level0Name": "United States", "level1Gid": "USA.5_1", "level1Name": "California", "level2Gid": "USA.5.19_1", "level2Name": "Los Angeles", "level3Gid": null, "level3Name": null, "iucnRedListCategory": null, "type_2": "StillImage", "format": "image/jpeg", "identifier": "https://inaturalist-open-data.s3.amazonaws.com/photos/252610507/original.jpg", "references_2": "https://www.inaturalist.org/photos/252610507" }, "geometry": { "type": "Point", "coordinates": [ -118.224372, 34.07322 ] } },
{ "type": "Feature", "properties": { "gbifID": 5133465956, "accessRights": null, "bibliographicCitation": null, "language": null, "license": "CC_BY_NC_4_0", "modified": "2025-04-13T22:41:14Z", "publisher": "iNaturalist.org", "references": "https://www.inaturalist.org/observations/270252333", "rightsHolder": "lotdog99", "type": null, "institutionID": null, "collectionID": null, "datasetID": null, "institutionCode": "iNaturalist", "collectionCode": "Observations", "datasetName": "iNaturalist research-grade observations", "ownerInstitutionCode": null, "basisOfRecord": "HUMAN_OBSERVATION", "informationWithheld": null, "dataGeneralizations": null, "dynamicProperties": null, "occurrenceID": "https://www.inaturalist.org/observations/270252333", "catalogNumber": 270252333, "recordNumber": null, "recordedBy": "lotdog99", "recordedByID": null, "individualCount": null, "organismQuantity": null, "organismQuantityType": null, "sex": null, "lifeStage": null, "reproductiveCondition": null, "caste": null, "behavior": null, "vitality": null, "establishmentMeans": null, "degreeOfEstablishment": null, "pathway": null, "georeferenceVerificationStatus": null, "occurrenceStatus": "PRESENT", "preparations": null, "disposition": null, "associatedOccurrences": null, "associatedReferences": null, "associatedSequences": null, "associatedTaxa": null, "otherCatalogNumbers": null, "occurrenceRemarks": null, "organismID": null, "organismName": null, "organismScope": null, "associatedOrganisms": null, "previousIdentifications": null, "organismRemarks": null, "materialEntityID": null, "materialEntityRemarks": null, "verbatimLabel": null, "materialSampleID": null, "eventID": null, "parentEventID": null, "eventType": null, "fieldNumber": null, "eventDate": "2025-04-13", "eventTime": "11:21:56", "startDayOfYear": 103, "endDayOfYear": 103, "year": 2025, "month": 4, "day": 13, "verbatimEventDate": "2025-04-13 11:21:56-07:00", "habitat": null, "samplingProtocol": null, "sampleSizeValue": null, "sampleSizeUnit": null, "samplingEffort": null, "fieldNotes": null, "eventRemarks": null, "locationID": null, "higherGeographyID": null, "higherGeography": null, "continent": "NORTH_AMERICA", "waterBody": null, "islandGroup": null, "island": null, "countryCode": "US", "stateProvince": "California", "county": null, "municipality": null, "locality": null, "verbatimLocality": "Blake Ave, Los Angeles, CA, US", "verbatimElevation": null, "verticalDatum": null, "verbatimDepth": null, "minimumDistanceAboveSurfaceInMeters": null, "maximumDistanceAboveSurfaceInMeters": null, "locationAccordingTo": null, "locationRemarks": null, "decimalLatitude": 34.097673, "decimalLongitude": -118.241804, "coordinateUncertaintyInMeters": 21.0, "coordinatePrecision": null, "pointRadiusSpatialFit": null, "verbatimCoordinateSystem": null, "verbatimSRS": null, "footprintWKT": null, "footprintSRS": null, "footprintSpatialFit": null, "georeferencedBy": null, "georeferencedDate": null, "georeferenceProtocol": null, "georeferenceSources": null, "georeferenceRemarks": null, "geologicalContextID": null, "earliestEonOrLowestEonothem": null, "latestEonOrHighestEonothem": null, "earliestEraOrLowestErathem": null, "latestEraOrHighestErathem": null, "earliestPeriodOrLowestSystem": null, "latestPeriodOrHighestSystem": null, "earliestEpochOrLowestSeries": null, "latestEpochOrHighestSeries": null, "earliestAgeOrLowestStage": null, "latestAgeOrHighestStage": null, "lowestBiostratigraphicZone": null, "highestBiostratigraphicZone": null, "lithostratigraphicTerms": null, "group": null, "formation": null, "member": null, "bed": null, "identificationID": 612457018, "verbatimIdentification": null, "identificationQualifier": null, "typeStatus": null, "identifiedBy": "lotdog99", "identifiedByID": null, "dateIdentified": "2025-04-13", "identificationReferences": null, "identificationVerificationStatus": null, "identificationRemarks": null, "taxonID": 349998, "scientificNameID": null, "acceptedNameUsageID": 5898938, "parentNameUsageID": null, "originalNameUsageID": null, "nameAccordingToID": null, "namePublishedInID": null, "taxonConceptID": null, "scientificName": "Agaricus deserticola G.Moreno, Esqueda & Lizárraga", "acceptedNameUsage": null, "parentNameUsage": null, "originalNameUsage": null, "nameAccordingTo": null, "namePublishedIn": null, "namePublishedInYear": null, "higherClassification": null, "kingdom": "Fungi", "phylum": "Basidiomycota", "class": "Agaricomycetes", "order": "Agaricales", "superfamily": null, "family": "Agaricaceae", "subfamily": null, "tribe": null, "subtribe": null, "genus": "Agaricus", "genericName": "Agaricus", "subgenus": null, "infragenericEpithet": null, "specificEpithet": "deserticola", "infraspecificEpithet": null, "cultivarEpithet": null, "taxonRank": "SPECIES", "verbatimTaxonRank": null, "vernacularName": null, "nomenclaturalCode": null, "taxonomicStatus": "ACCEPTED", "nomenclaturalStatus": null, "taxonRemarks": null, "datasetKey": "50c9509d-22c7-4a22-a47d-8c48425ef4a7", "publishingCountry": "US", "lastInterpreted": "2025-10-14T18:00:51.085Z", "elevation": null, "elevationAccuracy": null, "depth": null, "depthAccuracy": null, "distanceFromCentroidInMeters": null, "issue": "COORDINATE_ROUNDED;CONTINENT_DERIVED_FROM_COORDINATES;TAXON_ID_NOT_FOUND", "taxonomicIssue": "TAXON_ID_NOT_FOUND", "nonTaxonomicIssue": null, "mediaType": "StillImage;StillImage;StillImage", "hasCoordinate": true, "hasGeospatialIssues": false, "taxonKey": 5898938, "acceptedTaxonKey": 5898938, "kingdomKey": 5, "phylumKey": 34, "classKey": 186, "orderKey": 1499, "familyKey": 4170, "genusKey": 2518646, "subgenusKey": null, "speciesKey": 5898938, "species": "Agaricus deserticola", "acceptedScientificName": "Agaricus deserticola G.Moreno, Esqueda & Lizárraga", "verbatimScientificName": "Agaricus deserticola", "typifiedName": null, "protocol": "DWC_ARCHIVE", "lastParsed": "2025-10-14T18:00:51.085Z", "lastCrawled": "2025-10-14T04:54:04.400Z", "isInvasive": null, "repatriated": false, "relativeOrganismQuantity": null, "projectId": "https://www.inaturalist.org/projects/fungi-of-the-california-floristic-province", "isSequenced": false, "gbifRegion": "NORTH_AMERICA", "publishedByGbifRegion": "NORTH_AMERICA", "level0Gid": "USA", "level0Name": "United States", "level1Gid": "USA.5_1", "level1Name": "California", "level2Gid": "USA.5.19_1", "level2Name": "Los Angeles", "level3Gid": null, "level3Name": null, "iucnRedListCategory": null, "type_2": "StillImage", "format": "image/jpeg", "identifier": "https://inaturalist-open-data.s3.amazonaws.com/photos/486046593/original.jpg", "references_2": "https://www.inaturalist.org/photos/486046593" }, "geometry": { "type": "Point", "coordinates": [ -118.241804, 34.097673 ] } },
{ "type": "Feature", "properties": { "gbifID": 4935967045, "accessRights": null, "bibliographicCitation": null, "language": null, "license": "CC_BY_NC_4_0", "modified": "2024-12-10T05:33:57Z", "publisher": "iNaturalist.org", "references": "https://www.inaturalist.org/observations/148544562", "rightsHolder": "naturephotosuze", "type": null, "institutionID": null, "collectionID": null, "datasetID": null, "institutionCode": "iNaturalist", "collectionCode": "Observations", "datasetName": "iNaturalist research-grade observations", "ownerInstitutionCode": null, "basisOfRecord": "HUMAN_OBSERVATION", "informationWithheld": null, "dataGeneralizations": null, "dynamicProperties": null, "occurrenceID": "https://www.inaturalist.org/observations/148544562", "catalogNumber": 148544562, "recordNumber": null, "recordedBy": "naturephotosuze", "recordedByID": null, "individualCount": null, "organismQuantity": null, "organismQuantityType": null, "sex": null, "lifeStage": null, "reproductiveCondition": null, "caste": null, "behavior": null, "vitality": null, "establishmentMeans": null, "degreeOfEstablishment": null, "pathway": null, "georeferenceVerificationStatus": null, "occurrenceStatus": "PRESENT", "preparations": null, "disposition": null, "associatedOccurrences": null, "associatedReferences": null, "associatedSequences": null, "associatedTaxa": null, "otherCatalogNumbers": null, "occurrenceRemarks": "LA River Colfax", "organismID": null, "organismName": null, "organismScope": null, "associatedOrganisms": null, "previousIdentifications": null, "organismRemarks": null, "materialEntityID": null, "materialEntityRemarks": null, "verbatimLabel": null, "materialSampleID": null, "eventID": null, "parentEventID": null, "eventType": null, "fieldNumber": null, "eventDate": "2023-02-11", "eventTime": "10:34:00", "startDayOfYear": 42, "endDayOfYear": 42, "year": 2023, "month": 2, "day": 11, "verbatimEventDate": "2023/02/11 10:34 AM", "habitat": null, "samplingProtocol": null, "sampleSizeValue": null, "sampleSizeUnit": null, "samplingEffort": null, "fieldNotes": null, "eventRemarks": null, "locationID": null, "higherGeographyID": null, "higherGeography": null, "continent": "NORTH_AMERICA", "waterBody": null, "islandGroup": null, "island": null, "countryCode": "US", "stateProvince": "California", "county": null, "municipality": null, "locality": null, "verbatimLocality": "Studio City, Los Angeles, CA, USA", "verbatimElevation": null, "verticalDatum": null, "verbatimDepth": null, "minimumDistanceAboveSurfaceInMeters": null, "maximumDistanceAboveSurfaceInMeters": null, "locationAccordingTo": null, "locationRemarks": null, "decimalLatitude": 34.141573, "decimalLongitude": -118.386843, "coordinateUncertaintyInMeters": 15.0, "coordinatePrecision": null, "pointRadiusSpatialFit": null, "verbatimCoordinateSystem": null, "verbatimSRS": null, "footprintWKT": null, "footprintSRS": null, "footprintSpatialFit": null, "georeferencedBy": null, "georeferencedDate": null, "georeferenceProtocol": null, "georeferenceSources": null, "georeferenceRemarks": null, "geologicalContextID": null, "earliestEonOrLowestEonothem": null, "latestEonOrHighestEonothem": null, "earliestEraOrLowestErathem": null, "latestEraOrHighestErathem": null, "earliestPeriodOrLowestSystem": null, "latestPeriodOrHighestSystem": null, "earliestEpochOrLowestSeries": null, "latestEpochOrHighestSeries": null, "earliestAgeOrLowestStage": null, "latestAgeOrHighestStage": null, "lowestBiostratigraphicZone": null, "highestBiostratigraphicZone": null, "lithostratigraphicTerms": null, "group": null, "formation": null, "member": null, "bed": null, "identificationID": 333263558, "verbatimIdentification": null, "identificationQualifier": null, "typeStatus": null, "identifiedBy": "naturephotosuze", "identifiedByID": null, "dateIdentified": "2023-02-11", "identificationReferences": null, "identificationVerificationStatus": null, "identificationRemarks": null, "taxonID": 335964, "scientificNameID": null, "acceptedNameUsageID": 5243660, "parentNameUsageID": null, "originalNameUsageID": null, "nameAccordingToID": null, "namePublishedInID": null, "taxonConceptID": null, "scientificName": "Henningsomyces candidus (Pers.) Kuntze", "acceptedNameUsage": null, "parentNameUsage": null, "originalNameUsage": null, "nameAccordingTo": null, "namePublishedIn": null, "namePublishedInYear": null, "higherClassification": null, "kingdom": "Fungi", "phylum": "Basidiomycota", "class": "Agaricomycetes", "order": "Agaricales", "superfamily": null, "family": "Marasmiaceae", "subfamily": null, "tribe": null, "subtribe": null, "genus": "Henningsomyces", "genericName": "Henningsomyces", "subgenus": null, "infragenericEpithet": null, "specificEpithet": "candidus", "infraspecificEpithet": null, "cultivarEpithet": null, "taxonRank": "SPECIES", "verbatimTaxonRank": null, "vernacularName": null, "nomenclaturalCode": null, "taxonomicStatus": "ACCEPTED", "nomenclaturalStatus": null, "taxonRemarks": null, "datasetKey": "50c9509d-22c7-4a22-a47d-8c48425ef4a7", "publishingCountry": "US", "lastInterpreted": "2025-10-14T17:29:53.032Z", "elevation": null, "elevationAccuracy": null, "depth": null, "depthAccuracy": null, "distanceFromCentroidInMeters": null, "issue": "COORDINATE_ROUNDED;CONTINENT_DERIVED_FROM_COORDINATES;TAXON_ID_NOT_FOUND", "taxonomicIssue": "TAXON_ID_NOT_FOUND", "nonTaxonomicIssue": null, "mediaType": null, "hasCoordinate": true, "hasGeospatialIssues": false, "taxonKey": 5243660, "acceptedTaxonKey": 5243660, "kingdomKey": 5, "phylumKey": 34, "classKey": 186, "orderKey": 1499, "familyKey": 4179, "genusKey": 2527852, "subgenusKey": null, "speciesKey": 5243660, "species": "Henningsomyces candidus", "acceptedScientificName": "Henningsomyces candidus (Pers.) Kuntze", "verbatimScientificName": "Henningsomyces candidus", "typifiedName": null, "protocol": "DWC_ARCHIVE", "lastParsed": "2025-10-14T17:29:53.032Z", "lastCrawled": "2025-10-14T04:54:04.400Z", "isInvasive": null, "repatriated": false, "relativeOrganismQuantity": null, "projectId": "https://www.inaturalist.org/projects/fungi-of-the-california-floristic-province", "isSequenced": false, "gbifRegion": "NORTH_AMERICA", "publishedByGbifRegion": "NORTH_AMERICA", "level0Gid": "USA", "level0Name": "United States", "level1Gid": "USA.5_1", "level1Name": "California", "level2Gid": "USA.5.19_1", "level2Name": "Los Angeles", "level3Gid": null, "level3Name": null, "iucnRedListCategory": null, "type_2": null, "format": null, "identifier": null, "references_2": null }, "geometry": { "type": "Point", "coordinates": [ -118.386843, 34.141573 ] } },
{ "type": "Feature", "properties": { "gbifID": 5837915775, "accessRights": null, "bibliographicCitation": null, "language": null, "license": "CC_BY_NC_4_0", "modified": "2025-10-01T16:15:03Z", "publisher": "iNaturalist.org", "references": "https://www.inaturalist.org/observations/317633600", "rightsHolder": "gregslak", "type": null, "institutionID": null, "collectionID": null, "datasetID": null, "institutionCode": "iNaturalist", "collectionCode": "Observations", "datasetName": "iNaturalist research-grade observations", "ownerInstitutionCode": null, "basisOfRecord": "HUMAN_OBSERVATION", "informationWithheld": null, "dataGeneralizations": null, "dynamicProperties": null, "occurrenceID": "https://www.inaturalist.org/observations/317633600", "catalogNumber": 317633600, "recordNumber": null, "recordedBy": "gregslak", "recordedByID": null, "individualCount": null, "organismQuantity": null, "organismQuantityType": null, "sex": null, "lifeStage": null, "reproductiveCondition": null, "caste": null, "behavior": null, "vitality": null, "establishmentMeans": null, "degreeOfEstablishment": null, "pathway": null, "georeferenceVerificationStatus": null, "occurrenceStatus": "PRESENT", "preparations": null, "disposition": null, "associatedOccurrences": null, "associatedReferences": null, "associatedSequences": null, "associatedTaxa": null, "otherCatalogNumbers": null, "occurrenceRemarks": "A very large, very colorful fungus.", "organismID": null, "organismName": null, "organismScope": null, "associatedOrganisms": null, "previousIdentifications": null, "organismRemarks": null, "materialEntityID": null, "materialEntityRemarks": null, "verbatimLabel": null, "materialSampleID": null, "eventID": null, "parentEventID": null, "eventType": null, "fieldNumber": null, "eventDate": "2025-09-29", "eventTime": "10:55:00", "startDayOfYear": 272, "endDayOfYear": 272, "year": 2025, "month": 9, "day": 29, "verbatimEventDate": "2025/09/29 10:55 AM", "habitat": null, "samplingProtocol": null, "sampleSizeValue": null, "sampleSizeUnit": null, "samplingEffort": null, "fieldNotes": null, "eventRemarks": null, "locationID": null, "higherGeographyID": null, "higherGeography": null, "continent": "NORTH_AMERICA", "waterBody": null, "islandGroup": null, "island": null, "countryCode": "US", "stateProvince": "California", "county": null, "municipality": null, "locality": null, "verbatimLocality": "Northeast Los Angeles, Los Angeles, CA, USA", "verbatimElevation": null, "verticalDatum": null, "verbatimDepth": null, "minimumDistanceAboveSurfaceInMeters": null, "maximumDistanceAboveSurfaceInMeters": null, "locationAccordingTo": null, "locationRemarks": null, "decimalLatitude": 34.122241, "decimalLongitude": -118.26941, "coordinateUncertaintyInMeters": 15.0, "coordinatePrecision": null, "pointRadiusSpatialFit": null, "verbatimCoordinateSystem": null, "verbatimSRS": null, "footprintWKT": null, "footprintSRS": null, "footprintSpatialFit": null, "georeferencedBy": null, "georeferencedDate": null, "georeferenceProtocol": null, "georeferenceSources": null, "georeferenceRemarks": null, "geologicalContextID": null, "earliestEonOrLowestEonothem": null, "latestEonOrHighestEonothem": null, "earliestEraOrLowestErathem": null, "latestEraOrHighestErathem": null, "earliestPeriodOrLowestSystem": null, "latestPeriodOrHighestSystem": null, "earliestEpochOrLowestSeries": null, "latestEpochOrHighestSeries": null, "earliestAgeOrLowestStage": null, "latestAgeOrHighestStage": null, "lowestBiostratigraphicZone": null, "highestBiostratigraphicZone": null, "lithostratigraphicTerms": null, "group": null, "formation": null, "member": null, "bed": null, "identificationID": 705327613, "verbatimIdentification": null, "identificationQualifier": null, "typeStatus": null, "identifiedBy": "gregslak", "identifiedByID": null, "dateIdentified": "2025-09-29", "identificationReferences": null, "identificationVerificationStatus": null, "identificationRemarks": null, "taxonID": 120154, "scientificNameID": null, "acceptedNameUsageID": 6016762, "parentNameUsageID": null, "originalNameUsageID": null, "nameAccordingToID": null, "namePublishedInID": null, "taxonConceptID": null, "scientificName": "Laetiporus gilbertsonii Burds.", "acceptedNameUsage": null, "parentNameUsage": null, "originalNameUsage": null, "nameAccordingTo": null, "namePublishedIn": null, "namePublishedInYear": null, "higherClassification": null, "kingdom": "Fungi", "phylum": "Basidiomycota", "class": "Agaricomycetes", "order": "Polyporales", "superfamily": null, "family": "Laetiporaceae", "subfamily": null, "tribe": null, "subtribe": null, "genus": "Laetiporus", "genericName": "Laetiporus", "subgenus": null, "infragenericEpithet": null, "specificEpithet": "gilbertsonii", "infraspecificEpithet": null, "cultivarEpithet": null, "taxonRank": "SPECIES", "verbatimTaxonRank": null, "vernacularName": null, "nomenclaturalCode": null, "taxonomicStatus": "ACCEPTED", "nomenclaturalStatus": null, "taxonRemarks": null, "datasetKey": "50c9509d-22c7-4a22-a47d-8c48425ef4a7", "publishingCountry": "US", "lastInterpreted": "2025-10-14T16:55:14.351Z", "elevation": null, "elevationAccuracy": null, "depth": null, "depthAccuracy": null, "distanceFromCentroidInMeters": null, "issue": "COORDINATE_ROUNDED;CONTINENT_DERIVED_FROM_COORDINATES;TAXON_ID_NOT_FOUND", "taxonomicIssue": "TAXON_ID_NOT_FOUND", "nonTaxonomicIssue": null, "mediaType": "StillImage;StillImage", "hasCoordinate": true, "hasGeospatialIssues": false, "taxonKey": 6016762, "acceptedTaxonKey": 6016762, "kingdomKey": 5, "phylumKey": 34, "classKey": 186, "orderKey": 1145, "familyKey": 3272667, "genusKey": 2542160, "subgenusKey": null, "speciesKey": 6016762, "species": "Laetiporus gilbertsonii", "acceptedScientificName": "Laetiporus gilbertsonii Burds.", "verbatimScientificName": "Laetiporus gilbertsonii", "typifiedName": null, "protocol": "DWC_ARCHIVE", "lastParsed": "2025-10-14T16:55:14.351Z", "lastCrawled": "2025-10-14T04:54:04.400Z", "isInvasive": null, "repatriated": false, "relativeOrganismQuantity": null, "projectId": "https://www.inaturalist.org/projects/fungi-of-the-california-floristic-province", "isSequenced": false, "gbifRegion": "NORTH_AMERICA", "publishedByGbifRegion": "NORTH_AMERICA", "level0Gid": "USA", "level0Name": "United States", "level1Gid": "USA.5_1", "level1Name": "California", "level2Gid": "USA.5.19_1", "level2Name": "Los Angeles", "level3Gid": null, "level3Name": null, "iucnRedListCategory": null, "type_2": "StillImage", "format": "image/jpeg", "identifier": "https://inaturalist-open-data.s3.amazonaws.com/photos/573982136/original.jpg", "references_2": "https://www.inaturalist.org/photos/573982136" }, "geometry": { "type": "Point", "coordinates": [ -118.26941, 34.122241 ] } },
{ "type": "Feature", "properties": { "gbifID": 4018252139, "accessRights": null, "bibliographicCitation": null, "language": null, "license": "CC_BY_NC_4_0", "modified": "2024-01-19T20:23:44Z", "publisher": "iNaturalist.org", "references": "https://www.inaturalist.org/observations/146507745", "rightsHolder": "Brenton Cooper", "type": null, "institutionID": null, "collectionID": null, "datasetID": null, "institutionCode": "iNaturalist", "collectionCode": "Observations", "datasetName": "iNaturalist research-grade observations", "ownerInstitutionCode": null, "basisOfRecord": "HUMAN_OBSERVATION", "informationWithheld": null, "dataGeneralizations": null, "dynamicProperties": null, "occurrenceID": "https://www.inaturalist.org/observations/146507745", "catalogNumber": 146507745, "recordNumber": null, "recordedBy": "Brenton Cooper", "recordedByID": null, "individualCount": null, "organismQuantity": null, "organismQuantityType": null, "sex": null, "lifeStage": null, "reproductiveCondition": null, "caste": null, "behavior": null, "vitality": null, "establishmentMeans": null, "degreeOfEstablishment": null, "pathway": null, "georeferenceVerificationStatus": null, "occurrenceStatus": "PRESENT", "preparations": null, "disposition": null, "associatedOccurrences": null, "associatedReferences": null, "associatedSequences": null, "associatedTaxa": null, "otherCatalogNumbers": null, "occurrenceRemarks": "Ohh they did turn purple when pulled, hard to see in the slide photo. Very purple on the first one which a kid I work with pulled out. I wanted to leave it :(", "organismID": null, "organismName": null, "organismScope": null, "associatedOrganisms": null, "previousIdentifications": null, "organismRemarks": null, "materialEntityID": null, "materialEntityRemarks": null, "verbatimLabel": null, "materialSampleID": null, "eventID": null, "parentEventID": null, "eventType": null, "fieldNumber": null, "eventDate": "2023-01-13", "eventTime": "14:04:05", "startDayOfYear": 13, "endDayOfYear": 13, "year": 2023, "month": 1, "day": 13, "verbatimEventDate": "2023-01-13 14:04:05", "habitat": null, "samplingProtocol": null, "sampleSizeValue": null, "sampleSizeUnit": null, "samplingEffort": null, "fieldNotes": null, "eventRemarks": null, "locationID": null, "higherGeographyID": null, "higherGeography": null, "continent": "NORTH_AMERICA", "waterBody": null, "islandGroup": null, "island": null, "countryCode": "US", "stateProvince": "California", "county": null, "municipality": null, "locality": null, "verbatimLocality": "Elysian Valley, Los Angeles, CA, USA", "verbatimElevation": null, "verticalDatum": null, "verbatimDepth": null, "minimumDistanceAboveSurfaceInMeters": null, "maximumDistanceAboveSurfaceInMeters": null, "locationAccordingTo": null, "locationRemarks": null, "decimalLatitude": 34.107275, "decimalLongitude": -118.246428, "coordinateUncertaintyInMeters": null, "coordinatePrecision": null, "pointRadiusSpatialFit": null, "verbatimCoordinateSystem": null, "verbatimSRS": null, "footprintWKT": null, "footprintSRS": null, "footprintSpatialFit": null, "georeferencedBy": null, "georeferencedDate": null, "georeferenceProtocol": null, "georeferenceSources": null, "georeferenceRemarks": null, "geologicalContextID": null, "earliestEonOrLowestEonothem": null, "latestEonOrHighestEonothem": null, "earliestEraOrLowestErathem": null, "latestEraOrHighestErathem": null, "earliestPeriodOrLowestSystem": null, "latestPeriodOrHighestSystem": null, "earliestEpochOrLowestSeries": null, "latestEpochOrHighestSeries": null, "earliestAgeOrLowestStage": null, "latestAgeOrHighestStage": null, "lowestBiostratigraphicZone": null, "highestBiostratigraphicZone": null, "lithostratigraphicTerms": null, "group": null, "formation": null, "member": null, "bed": null, "identificationID": 444628885, "verbatimIdentification": null, "identificationQualifier": null, "typeStatus": null, "identifiedBy": "Brenton Cooper", "identifiedByID": null, "dateIdentified": "2024-01-19", "identificationReferences": null, "identificationVerificationStatus": null, "identificationRemarks": null, "taxonID": 1525548, "scientificNameID": null, "acceptedNameUsageID": 2527585, "parentNameUsageID": null, "originalNameUsageID": null, "nameAccordingToID": null, "namePublishedInID": null, "taxonConceptID": null, "scientificName": "Collybia (Fr.) Staude", "acceptedNameUsage": null, "parentNameUsage": null, "originalNameUsage": null, "nameAccordingTo": null, "namePublishedIn": null, "namePublishedInYear": null, "higherClassification": null, "kingdom": "Fungi", "phylum": "Basidiomycota", "class": "Agaricomycetes", "order": "Agaricales", "superfamily": null, "family": "Tricholomataceae", "subfamily": null, "tribe": null, "subtribe": null, "genus": "Collybia", "genericName": null, "subgenus": null, "infragenericEpithet": null, "specificEpithet": null, "infraspecificEpithet": null, "cultivarEpithet": null, "taxonRank": "GENUS", "verbatimTaxonRank": null, "vernacularName": null, "nomenclaturalCode": null, "taxonomicStatus": "ACCEPTED", "nomenclaturalStatus": null, "taxonRemarks": null, "datasetKey": "50c9509d-22c7-4a22-a47d-8c48425ef4a7", "publishingCountry": "US", "lastInterpreted": "2025-10-14T17:29:15.529Z", "elevation": null, "elevationAccuracy": null, "depth": null, "depthAccuracy": null, "distanceFromCentroidInMeters": null, "issue": "COORDINATE_ROUNDED;CONTINENT_DERIVED_FROM_COORDINATES;TAXON_ID_NOT_FOUND;TAXON_MATCH_HIGHERRANK", "taxonomicIssue": "TAXON_ID_NOT_FOUND\\|TAXON_MATCH_HIGHERRANK", "nonTaxonomicIssue": null, "mediaType": "StillImage;StillImage;StillImage;StillImage;StillImage;StillImage", "hasCoordinate": true, "hasGeospatialIssues": false, "taxonKey": 2527585, "acceptedTaxonKey": 2527585, "kingdomKey": 5, "phylumKey": 34, "classKey": 186, "orderKey": 1499, "familyKey": 8787, "genusKey": 2527585, "subgenusKey": null, "speciesKey": null, "species": null, "acceptedScientificName": "Collybia (Fr.) Staude", "verbatimScientificName": "Collybia nuda", "typifiedName": null, "protocol": "DWC_ARCHIVE", "lastParsed": "2025-10-14T17:29:15.529Z", "lastCrawled": "2025-10-14T04:54:04.400Z", "isInvasive": null, "repatriated": false, "relativeOrganismQuantity": null, "projectId": "https://www.inaturalist.org/projects/fungi-of-the-california-floristic-province;https://www.inaturalist.org/projects/l-a-nature-map;https://www.inaturalist.org/projects/fungi-of-southern-california", "isSequenced": false, "gbifRegion": "NORTH_AMERICA", "publishedByGbifRegion": "NORTH_AMERICA", "level0Gid": "USA", "level0Name": "United States", "level1Gid": "USA.5_1", "level1Name": "California", "level2Gid": "USA.5.19_1", "level2Name": "Los Angeles", "level3Gid": null, "level3Name": null, "iucnRedListCategory": null, "type_2": "StillImage", "format": "image/jpeg", "identifier": "https://inaturalist-open-data.s3.amazonaws.com/photos/251897649/original.jpeg", "references_2": "https://www.inaturalist.org/photos/251897649" }, "geometry": { "type": "Point", "coordinates": [ -118.246428, 34.107275 ] } },
{ "type": "Feature", "properties": { "gbifID": 4935670147, "accessRights": null, "bibliographicCitation": null, "language": null, "license": "CC_BY_NC_4_0", "modified": "2024-08-31T02:09:11Z", "publisher": "iNaturalist.org", "references": "https://www.inaturalist.org/observations/92168287", "rightsHolder": "naturephotosuze", "type": null, "institutionID": null, "collectionID": null, "datasetID": null, "institutionCode": "iNaturalist", "collectionCode": "Observations", "datasetName": "iNaturalist research-grade observations", "ownerInstitutionCode": null, "basisOfRecord": "HUMAN_OBSERVATION", "informationWithheld": null, "dataGeneralizations": null, "dynamicProperties": null, "occurrenceID": "https://www.inaturalist.org/observations/92168287", "catalogNumber": 92168287, "recordNumber": null, "recordedBy": "naturephotosuze", "recordedByID": null, "individualCount": null, "organismQuantity": null, "organismQuantityType": null, "sex": null, "lifeStage": null, "reproductiveCondition": null, "caste": null, "behavior": null, "vitality": null, "establishmentMeans": null, "degreeOfEstablishment": null, "pathway": null, "georeferenceVerificationStatus": null, "occurrenceStatus": "PRESENT", "preparations": null, "disposition": null, "associatedOccurrences": null, "associatedReferences": null, "associatedSequences": null, "associatedTaxa": null, "otherCatalogNumbers": null, "occurrenceRemarks": "Glendale Narrows Riverwalk", "organismID": null, "organismName": null, "organismScope": null, "associatedOrganisms": null, "previousIdentifications": null, "organismRemarks": null, "materialEntityID": null, "materialEntityRemarks": null, "verbatimLabel": null, "materialSampleID": null, "eventID": null, "parentEventID": null, "eventType": null, "fieldNumber": null, "eventDate": "2021-08-20", "eventTime": "10:56:00", "startDayOfYear": 232, "endDayOfYear": 232, "year": 2021, "month": 8, "day": 20, "verbatimEventDate": "2021/08/20 10:56 AM PDT", "habitat": null, "samplingProtocol": null, "sampleSizeValue": null, "sampleSizeUnit": null, "samplingEffort": null, "fieldNotes": null, "eventRemarks": null, "locationID": null, "higherGeographyID": null, "higherGeography": null, "continent": "NORTH_AMERICA", "waterBody": null, "islandGroup": null, "island": null, "countryCode": "US", "stateProvince": "California", "county": null, "municipality": null, "locality": null, "verbatimLocality": "Riverside Rancho, Glendale, CA 91201, USA", "verbatimElevation": null, "verticalDatum": null, "verbatimDepth": null, "minimumDistanceAboveSurfaceInMeters": null, "maximumDistanceAboveSurfaceInMeters": null, "locationAccordingTo": null, "locationRemarks": null, "decimalLatitude": 34.156714, "decimalLongitude": -118.292491, "coordinateUncertaintyInMeters": 2.0, "coordinatePrecision": null, "pointRadiusSpatialFit": null, "verbatimCoordinateSystem": null, "verbatimSRS": null, "footprintWKT": null, "footprintSRS": null, "footprintSpatialFit": null, "georeferencedBy": null, "georeferencedDate": null, "georeferenceProtocol": null, "georeferenceSources": null, "georeferenceRemarks": null, "geologicalContextID": null, "earliestEonOrLowestEonothem": null, "latestEonOrHighestEonothem": null, "earliestEraOrLowestErathem": null, "latestEraOrHighestErathem": null, "earliestPeriodOrLowestSystem": null, "latestPeriodOrHighestSystem": null, "earliestEpochOrLowestSeries": null, "latestEpochOrHighestSeries": null, "earliestAgeOrLowestStage": null, "latestAgeOrHighestStage": null, "lowestBiostratigraphicZone": null, "highestBiostratigraphicZone": null, "lithostratigraphicTerms": null, "group": null, "formation": null, "member": null, "bed": null, "identificationID": 201382219, "verbatimIdentification": null, "identificationQualifier": null, "typeStatus": null, "identifiedBy": "naturephotosuze", "identifiedByID": null, "dateIdentified": "2021-08-22", "identificationReferences": null, "identificationVerificationStatus": null, "identificationRemarks": null, "taxonID": 117308, "scientificNameID": null, "acceptedNameUsageID": 5243168, "parentNameUsageID": null, "originalNameUsageID": null, "nameAccordingToID": null, "namePublishedInID": null, "taxonConceptID": null, "scientificName": "Chlorophyllum molybdites (G.Mey.) Massee", "acceptedNameUsage": null, "parentNameUsage": null, "originalNameUsage": null, "nameAccordingTo": null, "namePublishedIn": null, "namePublishedInYear": null, "higherClassification": null, "kingdom": "Fungi", "phylum": "Basidiomycota", "class": "Agaricomycetes", "order": "Agaricales", "superfamily": null, "family": "Agaricaceae", "subfamily": null, "tribe": null, "subtribe": null, "genus": "Chlorophyllum", "genericName": "Chlorophyllum", "subgenus": null, "infragenericEpithet": null, "specificEpithet": "molybdites", "infraspecificEpithet": null, "cultivarEpithet": null, "taxonRank": "SPECIES", "verbatimTaxonRank": null, "vernacularName": null, "nomenclaturalCode": null, "taxonomicStatus": "ACCEPTED", "nomenclaturalStatus": null, "taxonRemarks": null, "datasetKey": "50c9509d-22c7-4a22-a47d-8c48425ef4a7", "publishingCountry": "US", "lastInterpreted": "2025-10-14T17:15:00.183Z", "elevation": null, "elevationAccuracy": null, "depth": null, "depthAccuracy": null, "distanceFromCentroidInMeters": null, "issue": "COORDINATE_ROUNDED;CONTINENT_DERIVED_FROM_COORDINATES;TAXON_ID_NOT_FOUND", "taxonomicIssue": "TAXON_ID_NOT_FOUND", "nonTaxonomicIssue": null, "mediaType": null, "hasCoordinate": true, "hasGeospatialIssues": false, "taxonKey": 5243168, "acceptedTaxonKey": 5243168, "kingdomKey": 5, "phylumKey": 34, "classKey": 186, "orderKey": 1499, "familyKey": 4170, "genusKey": 3268912, "subgenusKey": null, "speciesKey": 5243168, "species": "Chlorophyllum molybdites", "acceptedScientificName": "Chlorophyllum molybdites (G.Mey.) Massee", "verbatimScientificName": "Chlorophyllum molybdites", "typifiedName": null, "protocol": "DWC_ARCHIVE", "lastParsed": "2025-10-14T17:15:00.183Z", "lastCrawled": "2025-10-14T04:54:04.400Z", "isInvasive": null, "repatriated": false, "relativeOrganismQuantity": null, "projectId": "https://www.inaturalist.org/projects/biodiversity-of-griffith-park-los-angeles-california;https://www.inaturalist.org/projects/fungi-of-the-california-floristic-province", "isSequenced": false, "gbifRegion": "NORTH_AMERICA", "publishedByGbifRegion": "NORTH_AMERICA", "level0Gid": "USA", "level0Name": "United States", "level1Gid": "USA.5_1", "level1Name": "California", "level2Gid": "USA.5.19_1", "level2Name": "Los Angeles", "level3Gid": null, "level3Name": null, "iucnRedListCategory": null, "type_2": null, "format": null, "identifier": null, "references_2": null }, "geometry": { "type": "Point", "coordinates": [ -118.292491, 34.156714 ] } },
{ "type": "Feature", "properties": { "gbifID": 5840123945, "accessRights": null, "bibliographicCitation": null, "language": null, "license": "CC_BY_NC_4_0", "modified": "2025-10-05T21:05:30Z", "publisher": "iNaturalist.org", "references": "https://www.inaturalist.org/observations/318647410", "rightsHolder": "carriebk", "type": null, "institutionID": null, "collectionID": null, "datasetID": null, "institutionCode": "iNaturalist", "collectionCode": "Observations", "datasetName": "iNaturalist research-grade observations", "ownerInstitutionCode": null, "basisOfRecord": "HUMAN_OBSERVATION", "informationWithheld": null, "dataGeneralizations": null, "dynamicProperties": null, "occurrenceID": "https://www.inaturalist.org/observations/318647410", "catalogNumber": 318647410, "recordNumber": null, "recordedBy": "carriebk", "recordedByID": null, "individualCount": null, "organismQuantity": null, "organismQuantityType": null, "sex": null, "lifeStage": null, "reproductiveCondition": null, "caste": null, "behavior": null, "vitality": null, "establishmentMeans": null, "degreeOfEstablishment": null, "pathway": null, "georeferenceVerificationStatus": null, "occurrenceStatus": "PRESENT", "preparations": null, "disposition": null, "associatedOccurrences": null, "associatedReferences": null, "associatedSequences": null, "associatedTaxa": null, "otherCatalogNumbers": null, "occurrenceRemarks": null, "organismID": null, "organismName": null, "organismScope": null, "associatedOrganisms": null, "previousIdentifications": null, "organismRemarks": null, "materialEntityID": null, "materialEntityRemarks": null, "verbatimLabel": null, "materialSampleID": null, "eventID": null, "parentEventID": null, "eventType": null, "fieldNumber": null, "eventDate": "2025-10-04", "eventTime": "08:33:09", "startDayOfYear": 277, "endDayOfYear": 277, "year": 2025, "month": 10, "day": 4, "verbatimEventDate": "Sat Oct 04 2025 08:33:09 GMT -0700 (PDT)", "habitat": null, "samplingProtocol": null, "sampleSizeValue": null, "sampleSizeUnit": null, "samplingEffort": null, "fieldNotes": null, "eventRemarks": null, "locationID": null, "higherGeographyID": null, "higherGeography": null, "continent": "NORTH_AMERICA", "waterBody": null, "islandGroup": null, "island": null, "countryCode": "US", "stateProvince": "California", "county": null, "municipality": null, "locality": null, "verbatimLocality": "Los Angeles", "verbatimElevation": null, "verticalDatum": null, "verbatimDepth": null, "minimumDistanceAboveSurfaceInMeters": null, "maximumDistanceAboveSurfaceInMeters": null, "locationAccordingTo": null, "locationRemarks": null, "decimalLatitude": 34.121883, "decimalLongitude": -118.269501, "coordinateUncertaintyInMeters": 10.0, "coordinatePrecision": null, "pointRadiusSpatialFit": null, "verbatimCoordinateSystem": null, "verbatimSRS": null, "footprintWKT": null, "footprintSRS": null, "footprintSpatialFit": null, "georeferencedBy": null, "georeferencedDate": null, "georeferenceProtocol": null, "georeferenceSources": null, "georeferenceRemarks": null, "geologicalContextID": null, "earliestEonOrLowestEonothem": null, "latestEonOrHighestEonothem": null, "earliestEraOrLowestErathem": null, "latestEraOrHighestErathem": null, "earliestPeriodOrLowestSystem": null, "latestPeriodOrHighestSystem": null, "earliestEpochOrLowestSeries": null, "latestEpochOrHighestSeries": null, "earliestAgeOrLowestStage": null, "latestAgeOrHighestStage": null, "lowestBiostratigraphicZone": null, "highestBiostratigraphicZone": null, "lithostratigraphicTerms": null, "group": null, "formation": null, "member": null, "bed": null, "identificationID": 707509155, "verbatimIdentification": null, "identificationQualifier": null, "typeStatus": null, "identifiedBy": "carriebk", "identifiedByID": null, "dateIdentified": "2025-10-04", "identificationReferences": null, "identificationVerificationStatus": null, "identificationRemarks": null, "taxonID": 120154, "scientificNameID": null, "acceptedNameUsageID": 6016762, "parentNameUsageID": null, "originalNameUsageID": null, "nameAccordingToID": null, "namePublishedInID": null, "taxonConceptID": null, "scientificName": "Laetiporus gilbertsonii Burds.", "acceptedNameUsage": null, "parentNameUsage": null, "originalNameUsage": null, "nameAccordingTo": null, "namePublishedIn": null, "namePublishedInYear": null, "higherClassification": null, "kingdom": "Fungi", "phylum": "Basidiomycota", "class": "Agaricomycetes", "order": "Polyporales", "superfamily": null, "family": "Laetiporaceae", "subfamily": null, "tribe": null, "subtribe": null, "genus": "Laetiporus", "genericName": "Laetiporus", "subgenus": null, "infragenericEpithet": null, "specificEpithet": "gilbertsonii", "infraspecificEpithet": null, "cultivarEpithet": null, "taxonRank": "SPECIES", "verbatimTaxonRank": null, "vernacularName": null, "nomenclaturalCode": null, "taxonomicStatus": "ACCEPTED", "nomenclaturalStatus": null, "taxonRemarks": null, "datasetKey": "50c9509d-22c7-4a22-a47d-8c48425ef4a7", "publishingCountry": "US", "lastInterpreted": "2025-10-14T16:50:47.635Z", "elevation": null, "elevationAccuracy": null, "depth": null, "depthAccuracy": null, "distanceFromCentroidInMeters": null, "issue": "COORDINATE_ROUNDED;CONTINENT_DERIVED_FROM_COORDINATES;TAXON_ID_NOT_FOUND", "taxonomicIssue": "TAXON_ID_NOT_FOUND", "nonTaxonomicIssue": null, "mediaType": "StillImage", "hasCoordinate": true, "hasGeospatialIssues": false, "taxonKey": 6016762, "acceptedTaxonKey": 6016762, "kingdomKey": 5, "phylumKey": 34, "classKey": 186, "orderKey": 1145, "familyKey": 3272667, "genusKey": 2542160, "subgenusKey": null, "speciesKey": 6016762, "species": "Laetiporus gilbertsonii", "acceptedScientificName": "Laetiporus gilbertsonii Burds.", "verbatimScientificName": "Laetiporus gilbertsonii", "typifiedName": null, "protocol": "DWC_ARCHIVE", "lastParsed": "2025-10-14T16:50:47.635Z", "lastCrawled": "2025-10-14T04:54:04.400Z", "isInvasive": null, "repatriated": false, "relativeOrganismQuantity": null, "projectId": "https://www.inaturalist.org/projects/fungi-of-the-california-floristic-province", "isSequenced": false, "gbifRegion": "NORTH_AMERICA", "publishedByGbifRegion": "NORTH_AMERICA", "level0Gid": "USA", "level0Name": "United States", "level1Gid": "USA.5_1", "level1Name": "California", "level2Gid": "USA.5.19_1", "level2Name": "Los Angeles", "level3Gid": null, "level3Name": null, "iucnRedListCategory": null, "type_2": "StillImage", "format": "image/jpeg", "identifier": "https://inaturalist-open-data.s3.amazonaws.com/photos/576566040/original.jpg", "references_2": "https://www.inaturalist.org/photos/576566040" }, "geometry": { "type": "Point", "coordinates": [ -118.269501, 34.121883 ] } },
{ "type": "Feature", "properties": { "gbifID": 1453444301, "accessRights": null, "bibliographicCitation": null, "language": null, "license": "CC_BY_4_0", "modified": "2018-01-13T21:57:03Z", "publisher": "iNaturalist.org", "references": "https://www.inaturalist.org/observations/5146411", "rightsHolder": "Lila Higgins", "type": null, "institutionID": null, "collectionID": null, "datasetID": null, "institutionCode": "iNaturalist", "collectionCode": "Observations", "datasetName": "iNaturalist research-grade observations", "ownerInstitutionCode": null, "basisOfRecord": "HUMAN_OBSERVATION", "informationWithheld": null, "dataGeneralizations": null, "dynamicProperties": null, "occurrenceID": "https://www.inaturalist.org/observations/5146411", "catalogNumber": 5146411, "recordNumber": null, "recordedBy": "Lila Higgins", "recordedByID": null, "individualCount": null, "organismQuantity": null, "organismQuantityType": null, "sex": null, "lifeStage": null, "reproductiveCondition": null, "caste": null, "behavior": null, "vitality": null, "establishmentMeans": null, "degreeOfEstablishment": null, "pathway": null, "georeferenceVerificationStatus": null, "occurrenceStatus": "PRESENT", "preparations": null, "disposition": null, "associatedOccurrences": null, "associatedReferences": null, "associatedSequences": null, "associatedTaxa": null, "otherCatalogNumbers": null, "occurrenceRemarks": null, "organismID": null, "organismName": null, "organismScope": null, "associatedOrganisms": null, "previousIdentifications": null, "organismRemarks": null, "materialEntityID": null, "materialEntityRemarks": null, "verbatimLabel": null, "materialSampleID": null, "eventID": null, "parentEventID": null, "eventType": null, "fieldNumber": null, "eventDate": "2017-02-20", "eventTime": "10:46:50", "startDayOfYear": 51, "endDayOfYear": 51, "year": 2017, "month": 2, "day": 20, "verbatimEventDate": "Mon Feb 20 2017 10:46:50 GMT-0800 (PST)", "habitat": null, "samplingProtocol": null, "sampleSizeValue": null, "sampleSizeUnit": null, "samplingEffort": null, "fieldNotes": null, "eventRemarks": null, "locationID": null, "higherGeographyID": null, "higherGeography": null, "continent": "NORTH_AMERICA", "waterBody": null, "islandGroup": null, "island": null, "countryCode": "US", "stateProvince": "California", "county": null, "municipality": null, "locality": null, "verbatimLocality": "2822 Clearwater St, Los Angeles, CA, US", "verbatimElevation": null, "verticalDatum": null, "verbatimDepth": null, "minimumDistanceAboveSurfaceInMeters": null, "maximumDistanceAboveSurfaceInMeters": null, "locationAccordingTo": null, "locationRemarks": null, "decimalLatitude": 34.107961, "decimalLongitude": -118.2529, "coordinateUncertaintyInMeters": null, "coordinatePrecision": null, "pointRadiusSpatialFit": null, "verbatimCoordinateSystem": null, "verbatimSRS": null, "footprintWKT": null, "footprintSRS": null, "footprintSpatialFit": null, "georeferencedBy": null, "georeferencedDate": null, "georeferenceProtocol": null, "georeferenceSources": null, "georeferenceRemarks": null, "geologicalContextID": null, "earliestEonOrLowestEonothem": null, "latestEonOrHighestEonothem": null, "earliestEraOrLowestErathem": null, "latestEraOrHighestErathem": null, "earliestPeriodOrLowestSystem": null, "latestPeriodOrHighestSystem": null, "earliestEpochOrLowestSeries": null, "latestEpochOrHighestSeries": null, "earliestAgeOrLowestStage": null, "latestAgeOrHighestStage": null, "lowestBiostratigraphicZone": null, "highestBiostratigraphicZone": null, "lithostratigraphicTerms": null, "group": null, "formation": null, "member": null, "bed": null, "identificationID": 10522308, "verbatimIdentification": null, "identificationQualifier": null, "typeStatus": null, "identifiedBy": "Lila Higgins", "identifiedByID": null, "dateIdentified": "2017-02-21", "identificationReferences": null, "identificationVerificationStatus": null, "identificationRemarks": null, "taxonID": 55474, "scientificNameID": null, "acceptedNameUsageID": 9127230, "parentNameUsageID": null, "originalNameUsageID": null, "nameAccordingToID": null, "namePublishedInID": null, "taxonConceptID": null, "scientificName": "Bolbitius titubans (Bull.) Fr.", "acceptedNameUsage": null, "parentNameUsage": null, "originalNameUsage": null, "nameAccordingTo": null, "namePublishedIn": null, "namePublishedInYear": null, "higherClassification": null, "kingdom": "Fungi", "phylum": "Basidiomycota", "class": "Agaricomycetes", "order": "Agaricales", "superfamily": null, "family": "Bolbitiaceae", "subfamily": null, "tribe": null, "subtribe": null, "genus": "Bolbitius", "genericName": "Bolbitius", "subgenus": null, "infragenericEpithet": null, "specificEpithet": "titubans", "infraspecificEpithet": null, "cultivarEpithet": null, "taxonRank": "SPECIES", "verbatimTaxonRank": null, "vernacularName": null, "nomenclaturalCode": null, "taxonomicStatus": "ACCEPTED", "nomenclaturalStatus": null, "taxonRemarks": null, "datasetKey": "50c9509d-22c7-4a22-a47d-8c48425ef4a7", "publishingCountry": "US", "lastInterpreted": "2025-10-14T15:29:23.354Z", "elevation": null, "elevationAccuracy": null, "depth": null, "depthAccuracy": null, "distanceFromCentroidInMeters": null, "issue": "COORDINATE_ROUNDED;CONTINENT_DERIVED_FROM_COORDINATES;TAXON_ID_NOT_FOUND", "taxonomicIssue": "TAXON_ID_NOT_FOUND", "nonTaxonomicIssue": null, "mediaType": null, "hasCoordinate": true, "hasGeospatialIssues": false, "taxonKey": 9127230, "acceptedTaxonKey": 9127230, "kingdomKey": 5, "phylumKey": 34, "classKey": 186, "orderKey": 1499, "familyKey": 8440, "genusKey": 2529626, "subgenusKey": null, "speciesKey": 9127230, "species": "Bolbitius titubans", "acceptedScientificName": "Bolbitius titubans (Bull.) Fr.", "verbatimScientificName": "Bolbitius titubans", "typifiedName": null, "protocol": "DWC_ARCHIVE", "lastParsed": "2025-10-14T15:29:23.354Z", "lastCrawled": "2025-10-14T04:54:04.400Z", "isInvasive": null, "repatriated": false, "relativeOrganismQuantity": null, "projectId": "https://www.inaturalist.org/projects/north-american-mushrooms-and-fungi;https://www.inaturalist.org/projects/fungi-of-the-california-floristic-province;https://www.inaturalist.org/projects/los-angeles-city-biodiversity-initiative;https://www.inaturalist.org/projects/los-angeles-river-watershed", "isSequenced": false, "gbifRegion": "NORTH_AMERICA", "publishedByGbifRegion": "NORTH_AMERICA", "level0Gid": "USA", "level0Name": "United States", "level1Gid": "USA.5_1", "level1Name": "California", "level2Gid": "USA.5.19_1", "level2Name": "Los Angeles", "level3Gid": null, "level3Name": null, "iucnRedListCategory": null, "type_2": null, "format": null, "identifier": null, "references_2": null }, "geometry": { "type": "Point", "coordinates": [ -118.2529, 34.107961 ] } },
{ "type": "Feature", "properties": { "gbifID": 1847463494, "accessRights": null, "bibliographicCitation": null, "language": null, "license": "CC_BY_NC_4_0", "modified": "2025-04-08T18:06:35Z", "publisher": "iNaturalist.org", "references": "https://www.inaturalist.org/observations/12237444", "rightsHolder": "marv626", "type": null, "institutionID": null, "collectionID": null, "datasetID": null, "institutionCode": "iNaturalist", "collectionCode": "Observations", "datasetName": "iNaturalist research-grade observations", "ownerInstitutionCode": null, "basisOfRecord": "HUMAN_OBSERVATION", "informationWithheld": null, "dataGeneralizations": null, "dynamicProperties": null, "occurrenceID": "https://www.inaturalist.org/observations/12237444", "catalogNumber": 12237444, "recordNumber": null, "recordedBy": "marv626", "recordedByID": null, "individualCount": null, "organismQuantity": null, "organismQuantityType": null, "sex": null, "lifeStage": null, "reproductiveCondition": null, "caste": null, "behavior": null, "vitality": null, "establishmentMeans": null, "degreeOfEstablishment": null, "pathway": null, "georeferenceVerificationStatus": null, "occurrenceStatus": "PRESENT", "preparations": null, "disposition": null, "associatedOccurrences": null, "associatedReferences": null, "associatedSequences": null, "associatedTaxa": null, "otherCatalogNumbers": null, "occurrenceRemarks": null, "organismID": null, "organismName": null, "organismScope": null, "associatedOrganisms": null, "previousIdentifications": null, "organismRemarks": null, "materialEntityID": null, "materialEntityRemarks": null, "verbatimLabel": null, "materialSampleID": null, "eventID": null, "parentEventID": null, "eventType": null, "fieldNumber": null, "eventDate": "2018-05-04", "eventTime": "12:51:00", "startDayOfYear": 124, "endDayOfYear": 124, "year": 2018, "month": 5, "day": 4, "verbatimEventDate": "2018-05-04 12:51:00 PM PDT", "habitat": null, "samplingProtocol": null, "sampleSizeValue": null, "sampleSizeUnit": null, "samplingEffort": null, "fieldNotes": null, "eventRemarks": null, "locationID": null, "higherGeographyID": null, "higherGeography": null, "continent": "NORTH_AMERICA", "waterBody": null, "islandGroup": null, "island": null, "countryCode": "US", "stateProvince": "California", "county": null, "municipality": null, "locality": null, "verbatimLocality": "Los Angeles River Bike Path, Los Angeles, CA 90039, USA", "verbatimElevation": null, "verticalDatum": null, "verbatimDepth": null, "minimumDistanceAboveSurfaceInMeters": null, "maximumDistanceAboveSurfaceInMeters": null, "locationAccordingTo": null, "locationRemarks": null, "decimalLatitude": 34.109257, "decimalLongitude": -118.259262, "coordinateUncertaintyInMeters": null, "coordinatePrecision": null, "pointRadiusSpatialFit": null, "verbatimCoordinateSystem": null, "verbatimSRS": null, "footprintWKT": null, "footprintSRS": null, "footprintSpatialFit": null, "georeferencedBy": null, "georeferencedDate": null, "georeferenceProtocol": null, "georeferenceSources": null, "georeferenceRemarks": null, "geologicalContextID": null, "earliestEonOrLowestEonothem": null, "latestEonOrHighestEonothem": null, "earliestEraOrLowestErathem": null, "latestEraOrHighestErathem": null, "earliestPeriodOrLowestSystem": null, "latestPeriodOrHighestSystem": null, "earliestEpochOrLowestSeries": null, "latestEpochOrHighestSeries": null, "earliestAgeOrLowestStage": null, "latestAgeOrHighestStage": null, "lowestBiostratigraphicZone": null, "highestBiostratigraphicZone": null, "lithostratigraphicTerms": null, "group": null, "formation": null, "member": null, "bed": null, "identificationID": 26767642, "verbatimIdentification": null, "identificationQualifier": null, "typeStatus": null, "identifiedBy": "Alan Rockefeller", "identifiedByID": null, "dateIdentified": "2018-05-07", "identificationReferences": null, "identificationVerificationStatus": null, "identificationRemarks": null, "taxonID": 347897, "scientificNameID": null, "acceptedNameUsageID": 5241275, "parentNameUsageID": null, "originalNameUsageID": null, "nameAccordingToID": null, "namePublishedInID": null, "taxonConceptID": null, "scientificName": "Pluteus petasatus (Fr.) Gillet", "acceptedNameUsage": null, "parentNameUsage": null, "originalNameUsage": null, "nameAccordingTo": null, "namePublishedIn": null, "namePublishedInYear": null, "higherClassification": null, "kingdom": "Fungi", "phylum": "Basidiomycota", "class": "Agaricomycetes", "order": "Agaricales", "superfamily": null, "family": "Pluteaceae", "subfamily": null, "tribe": null, "subtribe": null, "genus": "Pluteus", "genericName": "Pluteus", "subgenus": null, "infragenericEpithet": null, "specificEpithet": "petasatus", "infraspecificEpithet": null, "cultivarEpithet": null, "taxonRank": "SPECIES", "verbatimTaxonRank": null, "vernacularName": null, "nomenclaturalCode": null, "taxonomicStatus": "ACCEPTED", "nomenclaturalStatus": null, "taxonRemarks": null, "datasetKey": "50c9509d-22c7-4a22-a47d-8c48425ef4a7", "publishingCountry": "US", "lastInterpreted": "2025-10-14T16:53:41.103Z", "elevation": null, "elevationAccuracy": null, "depth": null, "depthAccuracy": null, "distanceFromCentroidInMeters": null, "issue": "COORDINATE_ROUNDED;CONTINENT_DERIVED_FROM_COORDINATES;TAXON_ID_NOT_FOUND", "taxonomicIssue": "TAXON_ID_NOT_FOUND", "nonTaxonomicIssue": null, "mediaType": "StillImage;StillImage;StillImage", "hasCoordinate": true, "hasGeospatialIssues": false, "taxonKey": 5241275, "acceptedTaxonKey": 5241275, "kingdomKey": 5, "phylumKey": 34, "classKey": 186, "orderKey": 1499, "familyKey": 8447, "genusKey": 2526826, "subgenusKey": null, "speciesKey": 5241275, "species": "Pluteus petasatus", "acceptedScientificName": "Pluteus petasatus (Fr.) Gillet", "verbatimScientificName": "Pluteus petasatus", "typifiedName": null, "protocol": "DWC_ARCHIVE", "lastParsed": "2025-10-14T16:53:41.103Z", "lastCrawled": "2025-10-14T04:54:04.400Z", "isInvasive": null, "repatriated": false, "relativeOrganismQuantity": null, "projectId": "https://www.inaturalist.org/projects/los-angeles-city-biodiversity-initiative;https://www.inaturalist.org/projects/fungi-of-the-california-floristic-province", "isSequenced": false, "gbifRegion": "NORTH_AMERICA", "publishedByGbifRegion": "NORTH_AMERICA", "level0Gid": "USA", "level0Name": "United States", "level1Gid": "USA.5_1", "level1Name": "California", "level2Gid": "USA.5.19_1", "level2Name": "Los Angeles", "level3Gid": null, "level3Name": null, "iucnRedListCategory": null, "type_2": "StillImage", "format": "image/jpeg", "identifier": "https://inaturalist-open-data.s3.amazonaws.com/photos/17588478/original.jpeg", "references_2": "https://www.inaturalist.org/photos/17588478" }, "geometry": { "type": "Point", "coordinates": [ -118.259262, 34.109257 ] } },
{ "type": "Feature", "properties": { "gbifID": 4952262060, "accessRights": null, "bibliographicCitation": null, "language": null, "license": "CC_BY_NC_4_0", "modified": "2024-10-05T08:36:39Z", "publisher": "iNaturalist.org", "references": "https://www.inaturalist.org/observations/184431294", "rightsHolder": "possiblybuddha", "type": null, "institutionID": null, "collectionID": null, "datasetID": null, "institutionCode": "iNaturalist", "collectionCode": "Observations", "datasetName": "iNaturalist research-grade observations", "ownerInstitutionCode": null, "basisOfRecord": "HUMAN_OBSERVATION", "informationWithheld": null, "dataGeneralizations": null, "dynamicProperties": null, "occurrenceID": "https://www.inaturalist.org/observations/184431294", "catalogNumber": 184431294, "recordNumber": null, "recordedBy": "possiblybuddha", "recordedByID": null, "individualCount": null, "organismQuantity": null, "organismQuantityType": null, "sex": null, "lifeStage": null, "reproductiveCondition": null, "caste": null, "behavior": null, "vitality": null, "establishmentMeans": null, "degreeOfEstablishment": null, "pathway": null, "georeferenceVerificationStatus": null, "occurrenceStatus": "PRESENT", "preparations": null, "disposition": null, "associatedOccurrences": null, "associatedReferences": null, "associatedSequences": null, "associatedTaxa": null, "otherCatalogNumbers": null, "occurrenceRemarks": null, "organismID": null, "organismName": null, "organismScope": null, "associatedOrganisms": null, "previousIdentifications": null, "organismRemarks": null, "materialEntityID": null, "materialEntityRemarks": null, "verbatimLabel": null, "materialSampleID": null, "eventID": null, "parentEventID": null, "eventType": null, "fieldNumber": null, "eventDate": "2023-09-21", "eventTime": "14:24:16", "startDayOfYear": 264, "endDayOfYear": 264, "year": 2023, "month": 9, "day": 21, "verbatimEventDate": "Thu Sep 21 2023 14:24:16 GMT-0700 (PDT)", "habitat": null, "samplingProtocol": null, "sampleSizeValue": null, "sampleSizeUnit": null, "samplingEffort": null, "fieldNotes": null, "eventRemarks": null, "locationID": null, "higherGeographyID": null, "higherGeography": null, "continent": "NORTH_AMERICA", "waterBody": null, "islandGroup": null, "island": null, "countryCode": "US", "stateProvince": "California", "county": null, "municipality": null, "locality": null, "verbatimLocality": "N Coolidge Ave, Los Angeles, CA, US", "verbatimElevation": null, "verticalDatum": null, "verbatimDepth": null, "minimumDistanceAboveSurfaceInMeters": null, "maximumDistanceAboveSurfaceInMeters": null, "locationAccordingTo": null, "locationRemarks": null, "decimalLatitude": 34.105186, "decimalLongitude": -118.243753, "coordinateUncertaintyInMeters": 4.0, "coordinatePrecision": null, "pointRadiusSpatialFit": null, "verbatimCoordinateSystem": null, "verbatimSRS": null, "footprintWKT": null, "footprintSRS": null, "footprintSpatialFit": null, "georeferencedBy": null, "georeferencedDate": null, "georeferenceProtocol": null, "georeferenceSources": null, "georeferenceRemarks": null, "geologicalContextID": null, "earliestEonOrLowestEonothem": null, "latestEonOrHighestEonothem": null, "earliestEraOrLowestErathem": null, "latestEraOrHighestErathem": null, "earliestPeriodOrLowestSystem": null, "latestPeriodOrHighestSystem": null, "earliestEpochOrLowestSeries": null, "latestEpochOrHighestSeries": null, "earliestAgeOrLowestStage": null, "latestAgeOrHighestStage": null, "lowestBiostratigraphicZone": null, "highestBiostratigraphicZone": null, "lithostratigraphicTerms": null, "group": null, "formation": null, "member": null, "bed": null, "identificationID": 410668251, "verbatimIdentification": null, "identificationQualifier": null, "typeStatus": null, "identifiedBy": "possiblybuddha", "identifiedByID": null, "dateIdentified": "2023-09-22", "identificationReferences": null, "identificationVerificationStatus": null, "identificationRemarks": null, "taxonID": 117308, "scientificNameID": null, "acceptedNameUsageID": 5243168, "parentNameUsageID": null, "originalNameUsageID": null, "nameAccordingToID": null, "namePublishedInID": null, "taxonConceptID": null, "scientificName": "Chlorophyllum molybdites (G.Mey.) Massee", "acceptedNameUsage": null, "parentNameUsage": null, "originalNameUsage": null, "nameAccordingTo": null, "namePublishedIn": null, "namePublishedInYear": null, "higherClassification": null, "kingdom": "Fungi", "phylum": "Basidiomycota", "class": "Agaricomycetes", "order": "Agaricales", "superfamily": null, "family": "Agaricaceae", "subfamily": null, "tribe": null, "subtribe": null, "genus": "Chlorophyllum", "genericName": "Chlorophyllum", "subgenus": null, "infragenericEpithet": null, "specificEpithet": "molybdites", "infraspecificEpithet": null, "cultivarEpithet": null, "taxonRank": "SPECIES", "verbatimTaxonRank": null, "vernacularName": null, "nomenclaturalCode": null, "taxonomicStatus": "ACCEPTED", "nomenclaturalStatus": null, "taxonRemarks": null, "datasetKey": "50c9509d-22c7-4a22-a47d-8c48425ef4a7", "publishingCountry": "US", "lastInterpreted": "2025-10-14T16:16:01.198Z", "elevation": null, "elevationAccuracy": null, "depth": null, "depthAccuracy": null, "distanceFromCentroidInMeters": null, "issue": "COORDINATE_ROUNDED;CONTINENT_DERIVED_FROM_COORDINATES;TAXON_ID_NOT_FOUND", "taxonomicIssue": "TAXON_ID_NOT_FOUND", "nonTaxonomicIssue": null, "mediaType": "StillImage;StillImage;StillImage;StillImage", "hasCoordinate": true, "hasGeospatialIssues": false, "taxonKey": 5243168, "acceptedTaxonKey": 5243168, "kingdomKey": 5, "phylumKey": 34, "classKey": 186, "orderKey": 1499, "familyKey": 4170, "genusKey": 3268912, "subgenusKey": null, "speciesKey": 5243168, "species": "Chlorophyllum molybdites", "acceptedScientificName": "Chlorophyllum molybdites (G.Mey.) Massee", "verbatimScientificName": "Chlorophyllum molybdites", "typifiedName": null, "protocol": "DWC_ARCHIVE", "lastParsed": "2025-10-14T16:16:01.198Z", "lastCrawled": "2025-10-14T04:54:04.400Z", "isInvasive": null, "repatriated": false, "relativeOrganismQuantity": null, "projectId": "https://www.inaturalist.org/projects/fungi-of-the-california-floristic-province", "isSequenced": false, "gbifRegion": "NORTH_AMERICA", "publishedByGbifRegion": "NORTH_AMERICA", "level0Gid": "USA", "level0Name": "United States", "level1Gid": "USA.5_1", "level1Name": "California", "level2Gid": "USA.5.19_1", "level2Name": "Los Angeles", "level3Gid": null, "level3Name": null, "iucnRedListCategory": null, "type_2": "StillImage", "format": "image/jpeg", "identifier": "https://inaturalist-open-data.s3.amazonaws.com/photos/321933971/original.jpg", "references_2": "https://www.inaturalist.org/photos/321933971" }, "geometry": { "type": "Point", "coordinates": [ -118.243753, 34.105186 ] } }
]
}
